assessment,year,countrycode,grade,male,subgroup,n_score_timss_math,m_score_timss_math,se_score_timss_math,n_score_timss_scie,m_score_timss_scie,se_score_timss_scie,n_sdg411_scie,m_sdg411_scie,se_sdg411_scie,n_sdg411_math,m_sdg411_math,se_sdg411_math,n_total,n_bul_pv,n_bul_ev_all,n_bul_ev_o,n_bul_ev_trad,n_bul_any,n_bul_c_all
TIMSS,2023,ALB,4,0,all,1155,509.98355,5.076117,1155,494.97543,4.6231413,1155,.89722681,.018436899,1155,.91363531,.017359395,1155,136,319,74,308,319,191
TIMSS,2023,ALB,4,0,bul_any=1,319,492.11615,7.4854693,319,481.91812,6.2353277,319,.86183691,.03282715,319,.86725909,.033115819,1155,136,319,74,308,319,191
TIMSS,2023,ALB,4,0,bul_c_all=0,964,508.49664,5.5837789,964,494.47852,5.04953,964,.90421832,.021403389,964,.91567391,.020370228,1155,136,319,74,308,319,191
TIMSS,2023,ALB,4,0,bul_c_all=1,191,517.16968,14.556914,191,497.37692,15.271808,191,.86343682,.054423742,191,.90378273,.038009025,1155,136,319,74,308,319,191
TIMSS,2023,ALB,4,0,bul_ev_all=0,836,517.0119,5.7718086,836,500.11166,5.736927,836,.91114789,.025120504,836,.93187797,.020499915,1155,136,319,74,308,319,191
TIMSS,2023,ALB,4,0,bul_ev_all=1,319,492.11615,7.4854693,319,481.91812,6.2353277,319,.86183691,.03282715,319,.86725909,.033115819,1155,136,319,74,308,319,191
TIMSS,2023,ALB,4,0,bul_ev_o=0,1081,513.89642,5.1666422,1081,498.79059,4.8030529,1081,.91087043,.019016752,1081,.92604798,.016257556,1155,136,319,74,308,319,191
TIMSS,2023,ALB,4,0,bul_ev_o=1,74,463.16385,12.080582,74,449.32516,11.50233,74,.73397481,.07791058,74,.76511204,.07675463,1155,136,319,74,308,319,191
TIMSS,2023,ALB,4,0,bul_ev_trad=0,847,516.63989,5.8919125,847,499.69058,5.7428164,847,.90952498,.024936173,847,.93054116,.020888124,1155,136,319,74,308,319,191
TIMSS,2023,ALB,4,0,bul_ev_trad=1,308,492.24512,7.7487893,308,482.41,6.2700019,308,.86445355,.033868674,308,.86858302,.032874733,1155,136,319,74,308,319,191
TIMSS,2023,ALB,4,0,bul_pv=0,1019,513.13885,5.3209286,1019,498.22775,5.0857263,1019,.90902907,.019687584,1019,.92341244,.016990758,1155,136,319,74,308,319,191
TIMSS,2023,ALB,4,0,bul_pv=1,136,487.64941,10.78742,136,471.9545,7.8471942,136,.81368679,.05707087,136,.84442973,.054640442,1155,136,319,74,308,319,191
TIMSS,2023,ALB,4,1,all,1219,513.07245,5.3505716,1219,486.52264,4.5020757,1219,.85722893,.024222312,1219,.90467232,.017260719,1219,210,419,115,410,419,175
TIMSS,2023,ALB,4,1,bul_any=1,419,493.1449,7.1396437,419,471.48169,5.9019976,419,.80855173,.034194764,419,.867998,.030630663,1219,210,419,115,410,419,175
TIMSS,2023,ALB,4,1,bul_c_all=0,1044,513.26221,5.9873424,1044,486.77658,4.8041015,1044,.86292189,.025379548,1044,.90638161,.018740082,1219,210,419,115,410,419,175
TIMSS,2023,ALB,4,1,bul_c_all=1,175,511.88629,15.139789,175,484.93527,15.051909,175,.82164299,.062242027,175,.89398754,.046519123,1219,210,419,115,410,419,175
TIMSS,2023,ALB,4,1,bul_ev_all=0,800,523.56934,6.1664419,800,494.44553,5.3411126,800,.8828699,.026771709,800,.92399067,.022314763,1219,210,419,115,410,419,175
TIMSS,2023,ALB,4,1,bul_ev_all=1,419,493.1449,7.1396437,419,471.48169,5.9019976,419,.80855173,.034194764,419,.867998,.030630663,1219,210,419,115,410,419,175
TIMSS,2023,ALB,4,1,bul_ev_o=0,1104,519.02631,5.2183213,1104,492.01758,4.758718,1104,.87657541,.024566842,1104,.92264336,.015870094,1219,210,419,115,410,419,175
TIMSS,2023,ALB,4,1,bul_ev_o=1,115,460.74631,13.248005,115,438.22992,9.6147575,115,.68720067,.054693498,115,.7467317,.069604091,1219,210,419,115,410,419,175
TIMSS,2023,ALB,4,1,bul_ev_trad=0,809,523.32324,6.1762767,809,494.07986,5.3051267,809,.88289624,.026578926,809,.92511076,.021986838,1219,210,419,115,410,419,175
TIMSS,2023,ALB,4,1,bul_ev_trad=1,410,492.74377,7.3782969,410,471.53574,6.1608562,410,.80632758,.034512799,410,.86414027,.031402409,1219,210,419,115,410,419,175
TIMSS,2023,ALB,4,1,bul_pv=0,1009,519.93811,5.1151919,1009,491.64694,4.6333852,1009,.87976116,.024396632,1009,.92591846,.016290069,1219,210,419,115,410,419,175
TIMSS,2023,ALB,4,1,bul_pv=1,210,479.43347,10.987178,210,461.41583,8.7911749,210,.74683076,.048443079,210,.80057508,.051853742,1219,210,419,115,410,419,175
TIMSS,2023,ARE,4,0,all,17060,491.13293,1.7995256,17060,494.33145,2.1049345,17060,.78285408,.0057284632,17060,.79347879,.0066708527,17060,6454,9206,3733,8887,9206,4189
TIMSS,2023,ARE,4,0,bul_any=1,9206,473.19031,2.2253983,9206,474.18213,2.5193377,9206,.72355306,.0076243351,9206,.74091572,.0097840698,17060,6454,9206,3733,8887,9206,4189
TIMSS,2023,ARE,4,0,bul_c_all=0,12871,495.26187,2.1212363,12871,499.0293,2.4482801,12871,.7950598,.0067219683,12871,.80512404,.0076312558,17060,6454,9206,3733,8887,9206,4189
TIMSS,2023,ARE,4,0,bul_c_all=1,4189,477.61517,2.4483833,4189,478.95126,2.746618,4189,.74289393,.0092834979,4189,.75535351,.011919992,17060,6454,9206,3733,8887,9206,4189
TIMSS,2023,ARE,4,0,bul_ev_all=0,7854,512.69727,2.0569265,7854,518.54797,2.5772123,7854,.85412514,.0077450303,7854,.85665184,.0065025231,17060,6454,9206,3733,8887,9206,4189
TIMSS,2023,ARE,4,0,bul_ev_all=1,9206,473.19031,2.2253983,9206,474.18213,2.5193377,9206,.72355306,.0076243351,9206,.74091572,.0097840698,17060,6454,9206,3733,8887,9206,4189
TIMSS,2023,ARE,4,0,bul_ev_o=0,13327,506.76553,1.8642627,13327,513.72479,2.1649144,13327,.84483492,.0062317192,13327,.84654647,.0062101129,17060,6454,9206,3733,8887,9206,4189
TIMSS,2023,ARE,4,0,bul_ev_o=1,3733,432.44534,3.0010407,3733,421.52539,3.4142191,3733,.5501669,.012903374,3733,.5942533,.014302069,17060,6454,9206,3733,8887,9206,4189
TIMSS,2023,ARE,4,0,bul_ev_trad=0,8173,511.40479,2.0240583,8173,517.14886,2.4831529,8173,.85032767,.0074646338,8173,.85259771,.0059841787,17060,6454,9206,3733,8887,9206,4189
TIMSS,2023,ARE,4,0,bul_ev_trad=1,8887,472.88232,2.2036595,8887,473.78915,2.570714,8887,.72210813,.0079421569,8887,.74025446,.01021537,17060,6454,9206,3733,8887,9206,4189
TIMSS,2023,ARE,4,0,bul_pv=0,10606,508.50244,2.0169168,10606,514.48792,2.3592107,10606,.84178782,.0070831464,10606,.84607726,.0059233657,17060,6454,9206,3733,8887,9206,4189
TIMSS,2023,ARE,4,0,bul_pv=1,6454,462.90045,2.2570584,6454,461.56915,2.6576746,6454,.68706304,.0085534165,6454,.7079851,.010780483,17060,6454,9206,3733,8887,9206,4189
TIMSS,2023,ARE,4,1,all,17782,504.70718,1.4881222,17782,495.5386,2.2795689,17782,.77730936,.0071819038,17782,.81290746,.0058970898,17782,8111,10902,4767,10661,10902,4398
TIMSS,2023,ARE,4,1,bul_any=1,10902,494.52039,1.8615557,10902,483.44901,2.3795676,10902,.74276662,.0080886427,10902,.78630865,.007031573,17782,8111,10902,4767,10661,10902,4398
TIMSS,2023,ARE,4,1,bul_c_all=0,13384,508.79248,1.8177824,13384,500.28592,2.6494751,13384,.78921747,.0088491505,13384,.82347476,.0071327765,17782,8111,10902,4767,10661,10902,4398
TIMSS,2023,ARE,4,1,bul_c_all=1,4398,491.1217,3.081594,4398,479.7515,4.021575,4398,.73770946,.014459771,4398,.77776641,.01234701,17782,8111,10902,4767,10661,10902,4398
TIMSS,2023,ARE,4,1,bul_ev_all=0,6880,521.32428,1.9489048,6880,515.25952,2.9047999,6880,.83365673,.0082290471,6880,.85629642,.006799126,17782,8111,10902,4767,10661,10902,4398
TIMSS,2023,ARE,4,1,bul_ev_all=1,10902,494.52039,1.8615557,10902,483.44901,2.3795676,10902,.74276662,.0080886427,10902,.78630865,.007031573,17782,8111,10902,4767,10661,10902,4398
TIMSS,2023,ARE,4,1,bul_ev_o=0,13015,522.03265,1.4670128,13015,517.12146,2.4024396,13015,.83971757,.0069044353,13015,.86148673,.0056719119,17782,8111,10902,4767,10661,10902,4398
TIMSS,2023,ARE,4,1,bul_ev_o=1,4767,456.07333,2.6168058,4767,434.95395,3.082653,4767,.60212511,.012121629,4767,.67654216,.01161981,17782,8111,10902,4767,10661,10902,4398
TIMSS,2023,ARE,4,1,bul_ev_trad=0,7121,519.64984,1.8731675,7121,513.25208,2.873713,7121,.82788748,.0082178395,7121,.85074645,.0065562823,17782,8111,10902,4767,10661,10902,4398
TIMSS,2023,ARE,4,1,bul_ev_trad=1,10661,494.9613,1.8869543,10661,483.9855,2.3838198,10661,.74432135,.0081180204,10661,.78822815,.0073062284,17782,8111,10902,4767,10661,10902,4398
TIMSS,2023,ARE,4,1,bul_pv=0,9671,518.78522,1.6103739,9671,512.04565,2.4310341,9671,.82318461,.0065608523,9671,.8474952,.0053289412,17782,8111,10902,4767,10661,10902,4398
TIMSS,2023,ARE,4,1,bul_pv=1,8111,488.1203,2.1202941,8111,476.08972,2.7411563,8111,.72325855,.0096960254,8111,.77215576,.0085672932,17782,8111,10902,4767,10661,10902,4398
TIMSS,2023,ARE,8,0,all,16663,482.14212,1.9165938,16663,488.59973,2.0606961,16663,.56293005,.0078260889,16663,.52718443,.0089471824,16663,4895,8483,3243,8200,8549,3183
TIMSS,2023,ARE,8,0,bul_any=1,8549,466.46078,2.1068971,8549,471.00412,2.3805103,8549,.4995268,.0088692373,8549,.46219346,.010351556,16663,4895,8483,3243,8200,8549,3183
TIMSS,2023,ARE,8,0,bul_c_all=0,13480,481.45786,2.3181286,13480,488.58139,2.3873572,13480,.55947679,.009352874,13480,.52343088,.010762681,16663,4895,8483,3243,8200,8549,3183
TIMSS,2023,ARE,8,0,bul_c_all=1,3183,485.17957,6.4223371,3183,488.68121,7.8374743,3183,.57825893,.026540082,3183,.54384613,.025663935,16663,4895,8483,3243,8200,8549,3183
TIMSS,2023,ARE,8,0,bul_ev_all=0,8180,497.89587,2.5960362,8180,506.25137,2.5991271,8180,.62626415,.010668853,8180,.59200168,.011392663,16663,4895,8483,3243,8200,8549,3183
TIMSS,2023,ARE,8,0,bul_ev_all=1,8483,466.48715,2.0964355,8483,471.05872,2.3860793,8483,.49999285,.0089695724,8483,.46277344,.010389483,16663,4895,8483,3243,8200,8549,3183
TIMSS,2023,ARE,8,0,bul_ev_o=0,13420,492.10843,2.0670199,13420,501.05432,2.1408765,13420,.60649258,.0085220346,13420,.56894076,.0099517871,16663,4895,8483,3243,8200,8549,3183
TIMSS,2023,ARE,8,0,bul_ev_o=1,3243,439.39703,3.6433311,3243,435.18237,3.9300978,3243,.37609157,.013970105,3243,.34809271,.015421948,16663,4895,8483,3243,8200,8549,3183
TIMSS,2023,ARE,8,0,bul_ev_trad=0,8463,497.92105,2.5416033,8463,506.2583,2.5595112,8463,.62628323,.010459754,8463,.59322327,.011020882,16663,4895,8483,3243,8200,8549,3183
TIMSS,2023,ARE,8,0,bul_ev_trad=1,8200,465.31152,2.1255858,8200,469.76419,2.4502578,8200,.49535432,.0091880923,8200,.45674405,.010716558,16663,4895,8483,3243,8200,8549,3183
TIMSS,2023,ARE,8,0,bul_pv=0,11768,495.09393,2.1657727,11768,504.57629,2.2361801,11768,.62161827,.0093824565,11768,.58153105,.010119071,16663,4895,8483,3243,8200,8549,3183
TIMSS,2023,ARE,8,0,bul_pv=1,4895,449.62863,2.4475186,4895,448.49301,2.60777,4895,.41560221,.010223263,4895,.39075547,.011412679,16663,4895,8483,3243,8200,8549,3183
TIMSS,2023,ARE,8,1,all,16077,494.70422,2.1032209,16077,484.05197,2.7140512,16077,.54583019,.010232098,16077,.57250094,.008833359,16077,6529,9285,4580,9032,9377,3768
TIMSS,2023,ARE,8,1,bul_any=1,9377,484.96225,2.1751893,9377,472.60547,2.785594,9377,.50444704,.010871177,9377,.53492987,.010039206,16077,6529,9285,4580,9032,9377,3768
TIMSS,2023,ARE,8,1,bul_c_all=0,12309,494.62387,2.716634,12309,483.76846,3.4849024,12309,.54607195,.013062365,12309,.57041669,.011254626,16077,6529,9285,4580,9032,9377,3768
TIMSS,2023,ARE,8,1,bul_c_all=1,3768,494.99664,4.8025708,3768,485.08392,5.407835,3768,.54495013,.021847419,3768,.58008766,.024101757,16077,6529,9285,4580,9032,9377,3768
TIMSS,2023,ARE,8,1,bul_ev_all=0,6792,507.99545,2.7540929,6792,499.75171,3.3545303,6792,.60305029,.012092423,6792,.62463361,.011334234,16077,6529,9285,4580,9032,9377,3768
TIMSS,2023,ARE,8,1,bul_ev_all=1,9285,484.82397,2.191726,9285,472.38132,2.8004453,9285,.50329483,.010916188,9285,.53374732,.010054594,16077,6529,9285,4580,9032,9377,3768
TIMSS,2023,ARE,8,1,bul_ev_o=0,11497,508.63922,2.2172582,11497,502.83881,2.8015201,11497,.61423516,.010291207,11497,.62903869,.0091640158,16077,6529,9285,4580,9032,9377,3768
TIMSS,2023,ARE,8,1,bul_ev_o=1,4580,457.59106,2.6247375,4580,434.01691,3.102339,4580,.36364707,.011677124,4580,.42192385,.012684184,16077,6529,9285,4580,9032,9377,3768
TIMSS,2023,ARE,8,1,bul_ev_trad=0,7045,506.73834,2.652137,7045,498.27509,3.2601242,7045,.59907138,.011776179,7045,.62077707,.01102807,16077,6529,9285,4580,9032,9377,3768
TIMSS,2023,ARE,8,1,bul_ev_trad=1,9032,485.14215,2.2170982,9032,472.75055,2.823633,9032,.50352585,.011032807,9032,.53414172,.010077796,16077,6529,9285,4580,9032,9377,3768
TIMSS,2023,ARE,8,1,bul_pv=0,9548,510.09253,2.6174846,9548,503.21243,3.1221273,9548,.61480141,.01059109,9548,.63439673,.0099798068,16077,6529,9285,4580,9032,9377,3768
TIMSS,2023,ARE,8,1,bul_pv=1,6529,471.24976,2.5510724,6529,454.84811,3.052192,6529,.44070619,.012072438,6529,.47816107,.011864858,16077,6529,9285,4580,9032,9377,3768
TIMSS,2023,ARM,4,0,all,2375,511.88724,3.3916326,2375,456.25409,2.9971869,2375,.82477808,.016803296,2375,.9310143,.011369891,2375,409,855,299,826,855,265
TIMSS,2023,ARM,4,0,bul_any=1,855,490.91788,3.7468476,855,439.11148,3.2870078,855,.73964691,.023912791,855,.88833445,.021956448,2375,409,855,299,826,855,265
TIMSS,2023,ARM,4,0,bul_c_all=0,2110,510.64136,3.8014545,2110,454.7467,3.3828185,2110,.81947654,.019048121,2110,.92805719,.013161451,2375,409,855,299,826,855,265
TIMSS,2023,ARM,4,0,bul_c_all=1,265,520.48315,7.2734761,265,466.65436,7.9146829,265,.86135542,.03349565,265,.95141673,.012017792,2375,409,855,299,826,855,265
TIMSS,2023,ARM,4,0,bul_ev_all=0,1520,522.75909,3.5760453,1520,465.14191,3.2134905,1520,.86891538,.017147724,1520,.95314223,.0090100504,2375,409,855,299,826,855,265
TIMSS,2023,ARM,4,0,bul_ev_all=1,855,490.91788,3.7468476,855,439.11148,3.2870078,855,.73964691,.023912791,855,.88833445,.021956448,2375,409,855,299,826,855,265
TIMSS,2023,ARM,4,0,bul_ev_o=0,2076,517.16479,3.2680891,2076,460.69919,2.8442414,2076,.84869599,.01494546,2076,.94230223,.0094574988,2375,409,855,299,826,855,265
TIMSS,2023,ARM,4,0,bul_ev_o=1,299,473.44067,6.5643954,299,423.87186,5.9582267,299,.65053767,.046982996,299,.84878278,.036355667,2375,409,855,299,826,855,265
TIMSS,2023,ARM,4,0,bul_ev_trad=0,1549,522.23828,3.5467582,1549,464.75269,3.1945627,1549,.86676997,.016798755,1549,.95113695,.0090615321,2375,409,855,299,826,855,265
TIMSS,2023,ARM,4,0,bul_ev_trad=1,826,491.19058,3.8878288,826,439.26138,3.3315971,826,.74081635,.024417926,826,.89077967,.02274666,2375,409,855,299,826,855,265
TIMSS,2023,ARM,4,0,bul_pv=0,1966,517.48553,3.2826846,1966,460.80417,2.9672856,1966,.85077959,.01572106,1966,.94601572,.0091283042,2375,409,855,299,826,855,265
TIMSS,2023,ARM,4,0,bul_pv=1,409,483.56927,6.5066938,409,433.23837,4.9151783,409,.69325364,.034254164,409,.85513234,.033293825,2375,409,855,299,826,855,265
TIMSS,2023,ARM,4,1,all,2480,513.35565,2.8880265,2480,458.28918,3.2019904,2480,.82455993,.018059485,2480,.93424112,.0072926031,2480,635,1110,479,1068,1110,286
TIMSS,2023,ARM,4,1,bul_any=1,1110,500.82593,3.6397173,1110,447.8447,3.4374082,1110,.77340263,.023479914,1110,.90901107,.01185442,2480,635,1110,479,1068,1110,286
TIMSS,2023,ARM,4,1,bul_c_all=0,2194,513.61072,3.241524,2194,458.49451,3.4051857,2194,.82275146,.019303061,2194,.93221086,.0077769328,2480,635,1110,479,1068,1110,286
TIMSS,2023,ARM,4,1,bul_c_all=1,286,511.45224,7.3561234,286,456.75693,6.927319,286,.83805668,.038326357,286,.94939315,.02724378,2480,635,1110,479,1068,1110,286
TIMSS,2023,ARM,4,1,bul_ev_all=0,1370,522.62897,3.037674,1370,466.01923,3.7148361,1370,.86242175,.017792007,1370,.952914,.0073048426,2480,635,1110,479,1068,1110,286
TIMSS,2023,ARM,4,1,bul_ev_all=1,1110,500.82593,3.6397173,1110,447.8447,3.4374082,1110,.77340263,.023479914,1110,.90901107,.01185442,2480,635,1110,479,1068,1110,286
TIMSS,2023,ARM,4,1,bul_ev_o=0,2001,518.78436,3.0211866,2001,462.92996,3.6055877,2001,.84805715,.01876569,2001,.94406885,.0072681536,2480,635,1110,479,1068,1110,286
TIMSS,2023,ARM,4,1,bul_ev_o=1,479,488.15225,4.4622068,479,436.74393,3.9823477,479,.71547145,.032234859,479,.88861471,.020329235,2480,635,1110,479,1068,1110,286
TIMSS,2023,ARM,4,1,bul_ev_trad=0,1412,521.30743,3.0766664,1412,464.9985,3.681479,1412,.85557067,.018170826,1412,.94969577,.0079619754,2480,635,1110,479,1068,1110,286
TIMSS,2023,ARM,4,1,bul_ev_trad=1,1068,501.76251,3.6057048,1068,448.50751,3.4335032,1068,.77934849,.023520557,1068,.91170931,.011824767,2480,635,1110,479,1068,1110,286
TIMSS,2023,ARM,4,1,bul_pv=0,1845,519.06079,3.0225704,1845,462.94794,3.6647754,1845,.84740621,.020330649,1845,.94568509,.0073752073,2480,635,1110,479,1068,1110,286
TIMSS,2023,ARM,4,1,bul_pv=1,635,494.54782,4.279809,635,442.931,3.6311615,635,.74924392,.024226164,635,.89651436,.01873132,2480,635,1110,479,1068,1110,286
TIMSS,2023,AUS,4,0,all,2826,513.97327,3.0623686,2826,544.63513,2.8472741,2826,.95334744,.0054353978,2826,.89564532,.0095026223,2826,954,1447,361,1378,1447,815
TIMSS,2023,AUS,4,0,bul_any=1,1447,502.44403,3.6137192,1447,537.2218,3.6059763,1447,.94337237,.0084831286,1447,.8774178,.015197777,2826,954,1447,361,1378,1447,815
TIMSS,2023,AUS,4,0,bul_c_all=0,2011,523.66107,3.5532532,2011,552.85071,3.283206,2011,.96863568,.0061137713,2011,.92083299,.0092351558,2826,954,1447,361,1378,1447,815
TIMSS,2023,AUS,4,0,bul_c_all=1,815,489.33115,6.4479246,815,523.73779,5.0000882,815,.91445976,.013309857,815,.83157712,.022122119,2826,954,1447,361,1378,1447,815
TIMSS,2023,AUS,4,0,bul_ev_all=0,1379,525.54926,3.4544432,1379,552.07849,3.2089994,1379,.96336293,.0080618737,1379,.91394675,.0088719958,2826,954,1447,361,1378,1447,815
TIMSS,2023,AUS,4,0,bul_ev_all=1,1447,502.44403,3.6137192,1447,537.2218,3.6059763,1447,.94337237,.0084831286,1447,.8774178,.015197777,2826,954,1447,361,1378,1447,815
TIMSS,2023,AUS,4,0,bul_ev_o=0,2465,519.02533,3.2408226,2465,549.29431,2.886034,2465,.96101201,.0053790901,2465,.91100985,.0092537748,2826,954,1447,361,1378,1447,815
TIMSS,2023,AUS,4,0,bul_ev_o=1,361,478.40604,6.9030256,361,511.83386,5.675694,361,.89938772,.017673286,361,.78747618,.031635355,2826,954,1447,361,1378,1447,815
TIMSS,2023,AUS,4,0,bul_ev_trad=0,1448,525.21906,3.5279038,1448,552.04218,3.1835768,1448,.9625805,.0080008162,1448,.91367519,.0093304571,2826,954,1447,361,1378,1447,815
TIMSS,2023,AUS,4,0,bul_ev_trad=1,1378,501.4646,3.7068849,1378,536.3963,3.7628193,1378,.94307756,.0087296953,1378,.87559074,.015999416,2826,954,1447,361,1378,1447,815
TIMSS,2023,AUS,4,0,bul_pv=0,1872,521.3067,3.4225078,1872,550.21674,3.1004477,1872,.95944053,.0058889291,1872,.9080922,.011021876,2826,954,1447,361,1378,1447,815
TIMSS,2023,AUS,4,0,bul_pv=1,954,499.19452,4.2233286,954,533.38684,3.9204438,954,.94106841,.0097531145,954,.8705616,.019376904,2826,954,1447,361,1378,1447,815
TIMSS,2023,AUS,4,1,all,2644,536.75958,3.2198801,2644,554.77747,2.8131955,2644,.95150471,.0062554618,2644,.91664106,.010408003,2644,1079,1536,335,1496,1536,749
TIMSS,2023,AUS,4,1,bul_any=1,1536,534.75208,3.8378353,1536,554.55713,3.5294721,1536,.95145798,.0069038463,1536,.9217959,.01121882,2644,1079,1536,335,1496,1536,749
TIMSS,2023,AUS,4,1,bul_c_all=0,1895,545.69989,3.8772569,1895,562.11005,3.3227148,1895,.96121305,.0068922951,1895,.93332303,.012662508,2644,1079,1536,335,1496,1536,749
TIMSS,2023,AUS,4,1,bul_c_all=1,749,514.39258,6.5484014,749,536.43256,5.3072023,749,.92721611,.015654726,749,.87490577,.01996127,2644,1079,1536,335,1496,1536,749
TIMSS,2023,AUS,4,1,bul_ev_all=0,1108,539.36523,4.5675044,1108,555.06348,3.6306963,1108,.95156533,.0093319314,1108,.90995038,.01561006,2644,1079,1536,335,1496,1536,749
TIMSS,2023,AUS,4,1,bul_ev_all=1,1536,534.75208,3.8378353,1536,554.55713,3.5294721,1536,.95145798,.0069038463,1536,.9217959,.01121882,2644,1079,1536,335,1496,1536,749
TIMSS,2023,AUS,4,1,bul_ev_o=0,2309,543.0365,3.237144,2309,560.78424,2.7641726,2309,.96404439,.0056907502,2309,.93104279,.010116867,2644,1079,1536,335,1496,1536,749
TIMSS,2023,AUS,4,1,bul_ev_o=1,335,490.33789,7.795342,335,510.35355,7.5912085,335,.85876626,.025217496,335,.81013155,.031590711,2644,1079,1536,335,1496,1536,749
TIMSS,2023,AUS,4,1,bul_ev_trad=0,1148,538.24591,4.4583774,1148,554.20349,3.5510132,1148,.95069778,.0093396921,1148,.90910399,.016157389,2644,1079,1536,335,1496,1536,749
TIMSS,2023,AUS,4,1,bul_ev_trad=1,1496,535.54315,3.8722992,1496,555.24725,3.5380397,1496,.95216513,.0068665426,1496,.92280966,.011570353,2644,1079,1536,335,1496,1536,749
TIMSS,2023,AUS,4,1,bul_pv=0,1565,542.03064,3.9042089,1565,558.38892,3.2346451,1565,.95642358,.0074259336,1565,.91643339,.011922252,2644,1079,1536,335,1496,1536,749
TIMSS,2023,AUS,4,1,bul_pv=1,1079,528.83252,4.405333,1079,549.34625,4.4989095,1079,.94410729,.0095605245,1079,.91695338,.015043165,2644,1079,1536,335,1496,1536,749
TIMSS,2023,AUS,8,0,all,4062,501.62054,4.0269289,4062,513.01471,3.9492507,4062,.67781001,.017922055,4062,.61259711,.018154312,4062,1447,2263,943,2204,2274,1468
TIMSS,2023,AUS,8,0,bul_any=1,2274,494.44028,4.9743304,2274,506.89096,4.8741755,2274,.65305459,.023807747,2274,.58415204,.022844248,4062,1447,2263,943,2204,2274,1468
TIMSS,2023,AUS,8,0,bul_c_all=0,2594,514.64752,4.7984567,2594,524.08899,4.6629744,2594,.72231919,.020601626,2594,.66659135,.022463184,4062,1447,2263,943,2204,2274,1468
TIMSS,2023,AUS,8,0,bul_c_all=1,1468,478.15567,7.167253,1468,493.06711,6.6288342,1468,.59763759,.033618379,1468,.51533985,.034169428,4062,1447,2263,943,2204,2274,1468
TIMSS,2023,AUS,8,0,bul_ev_all=0,1799,510.99194,4.673954,1799,520.96552,4.5856862,1799,.71101594,.02160351,1799,.6501317,.020632818,4062,1447,2263,943,2204,2274,1468
TIMSS,2023,AUS,8,0,bul_ev_all=1,2263,494.57809,4.9986482,2263,507.03976,4.8581052,2263,.65285629,.023774551,2263,.58439052,.022806801,4062,1447,2263,943,2204,2274,1468
TIMSS,2023,AUS,8,0,bul_ev_o=0,3119,508.95728,4.0730515,3119,521.35364,3.8758914,3119,.71476346,.018648935,3119,.64643824,.018880926,4062,1447,2263,943,2204,2274,1468
TIMSS,2023,AUS,8,0,bul_ev_o=1,943,479.18088,5.4831309,943,487.50977,5.7069063,943,.56478643,.031058919,943,.50909281,.028649954,4062,1447,2263,943,2204,2274,1468
TIMSS,2023,AUS,8,0,bul_ev_trad=0,1858,511.1629,4.7129016,1858,521.26123,4.5637155,1858,.71095216,.021456318,1858,.65166157,.020544801,4062,1447,2263,943,2204,2274,1468
TIMSS,2023,AUS,8,0,bul_ev_trad=1,2204,494.1319,5.0084839,2204,506.54294,4.8726525,2204,.65180063,.024075881,2204,.58194011,.023209931,4062,1447,2263,943,2204,2274,1468
TIMSS,2023,AUS,8,0,bul_pv=0,2615,509.31934,4.6406555,2615,521.0108,4.2758026,2615,.71121264,.019310735,2615,.64907658,.020350255,4062,1447,2263,943,2204,2274,1468
TIMSS,2023,AUS,8,0,bul_pv=1,1447,488.15463,4.3943272,1447,499.02872,4.7195663,1447,.61938548,.026321581,1447,.54879099,.024725679,4062,1447,2263,943,2204,2274,1468
TIMSS,2023,AUS,8,1,all,4380,514.98517,4.159461,4380,526.45709,3.9380589,4380,.71493369,.015855456,4380,.6660766,.017730556,4380,1871,2551,949,2500,2572,1737
TIMSS,2023,AUS,8,1,bul_any=1,2572,519.77631,4.1789727,2572,533.37952,3.8782549,2572,.74235982,.015538598,2572,.68354452,.018678995,4380,1871,2551,949,2500,2572,1737
TIMSS,2023,AUS,8,1,bul_c_all=0,2643,525.46649,4.8653216,2643,534.36462,4.790832,2643,.74373204,.020428771,2643,.71141195,.02250264,4380,1871,2551,949,2500,2572,1737
TIMSS,2023,AUS,8,1,bul_c_all=1,1737,497.63657,7.9091392,1737,513.36853,7.0156589,1737,.66726661,.02752614,1737,.59103739,.037018936,4380,1871,2551,949,2500,2572,1737
TIMSS,2023,AUS,8,1,bul_ev_all=0,1829,508.32004,5.7723255,1829,516.83539,5.6201172,1829,.67669863,.025177386,1829,.64257663,.025900623,4380,1871,2551,949,2500,2572,1737
TIMSS,2023,AUS,8,1,bul_ev_all=1,2551,519.90417,4.1956806,2551,533.55798,3.8814275,2551,.74315155,.015483102,2551,.68341976,.018765019,4380,1871,2551,949,2500,2572,1737
TIMSS,2023,AUS,8,1,bul_ev_o=0,3431,517.8241,4.5046191,3431,530.04626,4.2271771,3431,.72730619,.018490998,3431,.67835295,.020349218,4380,1871,2551,949,2500,2572,1737
TIMSS,2023,AUS,8,1,bul_ev_o=1,949,504.84579,5.7366419,949,513.63806,6.0231504,949,.67074424,.026517937,949,.62223047,.028886445,4380,1871,2551,949,2500,2572,1737
TIMSS,2023,AUS,8,1,bul_ev_trad=0,1880,509.1503,5.6796989,1880,517.61206,5.5954599,1880,.68113405,.02488438,1880,.64665538,.025083436,4380,1871,2551,949,2500,2572,1737
TIMSS,2023,AUS,8,1,bul_ev_trad=1,2500,519.57874,4.1703615,2500,533.42035,3.8999159,2500,.7415424,.015568934,2500,.68136591,.018471586,4380,1871,2551,949,2500,2572,1737
TIMSS,2023,AUS,8,1,bul_pv=0,2509,512.99615,5.1922126,2509,523.6236,4.9127889,2509,.70479274,.020493876,2509,.66315091,.023028111,4380,1871,2551,949,2500,2572,1737
TIMSS,2023,AUS,8,1,bul_pv=1,1871,517.7688,4.2840157,1871,530.42249,4.4474478,1871,.72912592,.018131355,1871,.67017108,.020005982,4380,1871,2551,949,2500,2572,1737
TIMSS,2023,AUT,8,0,all,2303,508.70898,2.4476874,2303,508.68542,2.8693566,2303,.67748612,.014189801,2303,.6982407,.017188786,2303,627,1285,351,1256,1294,1322
TIMSS,2023,AUT,8,0,bul_any=1,1294,500.85898,2.8452663,1294,499.86545,3.7111852,1294,.63596183,.018865561,1294,.65738851,.018841336,2303,627,1285,351,1256,1294,1322
TIMSS,2023,AUT,8,0,bul_c_all=0,981,516.05835,4.487299,981,515.18048,5.2388992,981,.70166695,.030925887,981,.73205543,.028282948,2303,627,1285,351,1256,1294,1322
TIMSS,2023,AUT,8,0,bul_c_all=1,1322,502.81638,4.9098659,1322,503.47781,5.5644493,1322,.6580984,.024468327,1322,.67112875,.030222554,2303,627,1285,351,1256,1294,1322
TIMSS,2023,AUT,8,0,bul_ev_all=0,1018,518.65863,3.3913226,1018,519.901,3.8116612,1018,.7305727,.021789055,1018,.75079703,.023733355,2303,627,1285,351,1256,1294,1322
TIMSS,2023,AUT,8,0,bul_ev_all=1,1285,500.81375,2.8498926,1285,499.78568,3.7213283,1285,.6353609,.01882958,1285,.65653628,.0187108,2303,627,1285,351,1256,1294,1322
TIMSS,2023,AUT,8,0,bul_ev_o=0,1952,512.14166,2.5346832,1952,512.36835,2.9514058,1952,.69293147,.015802911,1952,.71466386,.018312352,2303,627,1285,351,1256,1294,1322
TIMSS,2023,AUT,8,0,bul_ev_o=1,351,490.28424,5.0308142,351,488.91766,6.9686685,351,.5945847,.034442935,351,.61009091,.035346389,2303,627,1285,351,1256,1294,1322
TIMSS,2023,AUT,8,0,bul_ev_trad=0,1047,518.90039,3.3490579,1047,520.34686,3.6772242,1047,.73178428,.021290371,1047,.75191295,.024147453,2303,627,1285,351,1256,1294,1322
TIMSS,2023,AUT,8,0,bul_ev_trad=1,1256,500.20016,2.8270533,1256,498.94931,3.7361794,1256,.63215268,.019293563,1256,.65342987,.019285068,2303,627,1285,351,1256,1294,1322
TIMSS,2023,AUT,8,0,bul_pv=0,1676,515.38989,2.9358881,1676,516.62012,3.4587524,1676,.71455002,.017338119,1676,.73224503,.020086626,2303,627,1285,351,1256,1294,1322
TIMSS,2023,AUT,8,0,bul_pv=1,627,491.30875,3.5827177,627,488.01981,4.3358021,627,.58095419,.027116643,627,.60967749,.025941793,2303,627,1285,351,1256,1294,1322
TIMSS,2023,AUT,8,1,all,2336,515.37634,2.7288589,2336,514.63037,2.7024379,2336,.68782121,.016222607,2336,.71226108,.01755215,2336,852,1406,396,1381,1432,1345
TIMSS,2023,AUT,8,1,bul_any=1,1432,514.57062,3.0916991,1432,514.72717,3.1909428,1432,.69329965,.020225512,1432,.71037179,.020065429,2336,852,1406,396,1381,1432,1345
TIMSS,2023,AUT,8,1,bul_c_all=0,991,521.16888,5.4327278,991,520.58881,5.849875,991,.72174358,.030239455,991,.73534644,.033772435,2336,852,1406,396,1381,1432,1345
TIMSS,2023,AUT,8,1,bul_c_all=1,1345,510.81381,5.2970033,1345,509.93719,5.8271265,1345,.66110212,.029540177,1345,.69407785,.030091198,2336,852,1406,396,1381,1432,1345
TIMSS,2023,AUT,8,1,bul_ev_all=0,930,516.4173,3.754446,930,514.54388,4.1971345,930,.67917836,.022673065,930,.7145555,.024143051,2336,852,1406,396,1381,1432,1345
TIMSS,2023,AUT,8,1,bul_ev_all=1,1406,514.68781,3.0221834,1406,514.68756,3.2296743,1406,.69353783,.01931496,1406,.71074349,.019617941,2336,852,1406,396,1381,1432,1345
TIMSS,2023,AUT,8,1,bul_ev_o=0,1940,519.07452,2.7866931,1940,519.67371,2.7985842,1940,.71218294,.016789297,1940,.7301991,.018313989,2336,852,1406,396,1381,1432,1345
TIMSS,2023,AUT,8,1,bul_ev_o=1,396,496.94421,5.6885724,396,489.49384,6.077126,396,.56639993,.032420926,396,.6228562,.035352375,2336,852,1406,396,1381,1432,1345
TIMSS,2023,AUT,8,1,bul_ev_trad=0,955,516.80286,3.7046597,955,514.63605,4.1344905,955,.67992598,.021818941,955,.71677661,.023717351,2336,852,1406,396,1381,1432,1345
TIMSS,2023,AUT,8,1,bul_ev_trad=1,1381,514.39618,3.0230722,1381,514.62646,3.2573867,1381,.69324607,.019174991,1381,.70915836,.019721923,2336,852,1406,396,1381,1432,1345
TIMSS,2023,AUT,8,1,bul_pv=0,1484,518.61267,2.9610121,1484,518.2124,2.993686,1484,.70584482,.016194599,1484,.72869605,.019226508,2336,852,1406,396,1381,1432,1345
TIMSS,2023,AUT,8,1,bul_pv=1,852,509.61917,4.2030087,852,508.25818,4.2351689,852,.6557585,.028288133,852,.68302447,.028672792,2336,852,1406,396,1381,1432,1345
TIMSS,2023,AZE,4,0,all,2843,495.51083,4.1332541,2843,427.63971,3.2260606,2843,.65185863,.016826373,2843,.8528955,.014079626,2843,841,1592,527,1531,1592,740
TIMSS,2023,AZE,4,0,bul_any=1,1592,483.2038,4.2028046,1592,417.37814,3.6529577,1592,.59736943,.020996224,1592,.82011223,.016078321,2843,841,1592,527,1531,1592,740
TIMSS,2023,AZE,4,0,bul_c_all=0,2103,495.27545,4.3909745,2103,427.3558,3.3643825,2103,.64765257,.017785199,2103,.84769917,.015571184,2843,841,1592,527,1531,1592,740
TIMSS,2023,AZE,4,0,bul_c_all=1,740,496.15048,9.7051697,740,428.41116,7.0475397,740,.663288,.040280882,740,.8670159,.033213492,2843,841,1592,527,1531,1592,740
TIMSS,2023,AZE,4,0,bul_ev_all=0,1251,511.52148,4.9619775,1251,440.98932,3.6877282,1251,.72274548,.023360549,1251,.89554441,.020903811,2843,841,1592,527,1531,1592,740
TIMSS,2023,AZE,4,0,bul_ev_all=1,1592,483.2038,4.2028046,1592,417.37814,3.6529577,1592,.59736943,.020996224,1592,.82011223,.016078321,2843,841,1592,527,1531,1592,740
TIMSS,2023,AZE,4,0,bul_ev_o=0,2316,504.164,4.2058005,2316,435.57751,3.0866187,2316,.69687879,.017201366,2316,.87925071,.01463144,2843,841,1592,527,1531,1592,740
TIMSS,2023,AZE,4,0,bul_ev_o=1,527,457.42459,5.7639751,527,392.70206,5.8763566,527,.45370597,.044746328,527,.73689526,.029049069,2843,841,1592,527,1531,1592,740
TIMSS,2023,AZE,4,0,bul_ev_trad=0,1312,509.61255,4.9110394,1312,439.67627,3.7195501,1312,.71546948,.02292278,1312,.88832188,.020951571,2843,841,1592,527,1531,1592,740
TIMSS,2023,AZE,4,0,bul_ev_trad=1,1531,483.72678,4.2212195,1531,417.58139,3.6852753,1531,.59870237,.021468541,1531,.82329154,.016303703,2843,841,1592,527,1531,1592,740
TIMSS,2023,AZE,4,0,bul_pv=0,2002,504.40955,4.3877735,2002,435.21545,3.2379425,2002,.68918878,.019650333,2002,.87534451,.016447864,2843,841,1592,527,1531,1592,740
TIMSS,2023,AZE,4,0,bul_pv=1,841,473.62903,4.8377752,841,409.01105,4.4420953,841,.56006438,.028059416,841,.79769361,.018546646,2843,841,1592,527,1531,1592,740
TIMSS,2023,AZE,4,1,all,3214,492.81711,3.4762912,3214,416.39133,3.5514364,3214,.58898377,.019821672,3214,.82346654,.010673602,3214,1289,2085,925,2023,2085,840
TIMSS,2023,AZE,4,1,bul_any=1,2085,486.20215,3.5613091,2085,410.34756,3.6229734,2085,.56044525,.018587226,2085,.80976504,.01356444,3214,1289,2085,925,2023,2085,840
TIMSS,2023,AZE,4,1,bul_c_all=0,2374,494.80286,4.4498506,2374,416.83847,4.2142391,2374,.5887183,.021198839,2374,.82770485,.014254184,3214,1289,2085,925,2023,2085,840
TIMSS,2023,AZE,4,1,bul_c_all=1,840,487.22833,8.3779068,840,415.13287,7.5249176,840,.58973092,.041984353,840,.81153822,.031662185,3214,1289,2085,925,2023,2085,840
TIMSS,2023,AZE,4,1,bul_ev_all=0,1129,504.08234,4.9016395,1129,426.68384,4.549304,1129,.63758469,.029454388,1129,.84680009,.020371519,3214,1289,2085,925,2023,2085,840
TIMSS,2023,AZE,4,1,bul_ev_all=1,2085,486.20215,3.5613091,2085,410.34756,3.6229734,2085,.56044525,.018587226,2085,.80976504,.01356444,3214,1289,2085,925,2023,2085,840
TIMSS,2023,AZE,4,1,bul_ev_o=0,2289,501.25699,4.0216832,2289,425.7485,3.9227753,2289,.63782263,.022256926,2289,.842453,.012515453,3214,1289,2085,925,2023,2085,840
TIMSS,2023,AZE,4,1,bul_ev_o=1,925,471.2305,4.7187986,925,392.45853,4.8767381,925,.46406886,.029228522,925,.77490509,.021827664,3214,1289,2085,925,2023,2085,840
TIMSS,2023,AZE,4,1,bul_ev_trad=0,1191,503.19232,4.8450866,1191,426.01715,4.5735912,1191,.63423264,.028664691,1191,.84500527,.019571213,3214,1289,2085,925,2023,2085,840
TIMSS,2023,AZE,4,1,bul_ev_trad=1,2023,486.21722,3.512743,2023,410.26813,3.571007,2023,.56019998,.018711833,2023,.80976534,.01325057,3214,1289,2085,925,2023,2085,840
TIMSS,2023,AZE,4,1,bul_pv=0,1925,500.14648,4.2546716,1925,423.71808,3.8521779,1925,.62692469,.025263939,1925,.83733368,.014505011,3214,1289,2085,925,2023,2085,840
TIMSS,2023,AZE,4,1,bul_pv=1,1289,481.18472,4.1183524,1289,404.76312,4.618434,1289,.52876794,.021803822,1289,.80145812,.018894078,3214,1289,2085,925,2023,2085,840
TIMSS,2023,AZE,8,0,all,2963,479.66318,3.8896101,2963,414.46283,3.0777464,2963,.2237899,.013496464,2963,.52858931,.018139612,2963,918,1502,512,1443,1520,870
TIMSS,2023,AZE,8,0,bul_any=1,1520,465.4039,4.3176942,1520,405.7941,3.7868478,1520,.19297287,.017415477,1520,.46600032,.022094078,2963,918,1502,512,1443,1520,870
TIMSS,2023,AZE,8,0,bul_c_all=0,2093,482.70981,4.1859498,2093,418.4935,3.3622241,2093,.23509726,.016926998,2093,.54007608,.020371703,2963,918,1502,512,1443,1520,870
TIMSS,2023,AZE,8,0,bul_c_all=1,870,473.10223,8.106781,870,405.78265,6.2853508,870,.19943939,.021954488,870,.50385243,.034438532,2963,918,1502,512,1443,1520,870
TIMSS,2023,AZE,8,0,bul_ev_all=0,1461,494.46985,4.8946939,1461,423.50095,3.5240543,1461,.2581906,.018476078,1461,.59290344,.02423778,2963,918,1502,512,1443,1520,870
TIMSS,2023,AZE,8,0,bul_ev_all=1,1502,465.33868,4.2555628,1502,405.71899,3.8102901,1502,.19050939,.017371906,1502,.46636948,.022129599,2963,918,1502,512,1443,1520,870
TIMSS,2023,AZE,8,0,bul_ev_o=0,2451,486.39957,4.126122,2451,418.14508,3.3443816,2451,.23960699,.015067728,2451,.5537402,.020717967,2963,918,1502,512,1443,1520,870
TIMSS,2023,AZE,8,0,bul_ev_o=1,512,448.16306,6.4162207,512,397.24414,5.9881124,512,.14982741,.028860055,512,.41098094,.032136887,2963,918,1502,512,1443,1520,870
TIMSS,2023,AZE,8,0,bul_ev_trad=0,1520,494.15341,4.8570795,1520,423.35147,3.4605401,1520,.25858477,.017887561,1520,.59234309,.023955448,2963,918,1502,512,1443,1520,870
TIMSS,2023,AZE,8,0,bul_ev_trad=1,1443,464.67075,4.3824663,1443,405.26608,3.8350585,1443,.1877891,.016659422,1443,.46262589,.021955553,2963,918,1502,512,1443,1520,870
TIMSS,2023,AZE,8,0,bul_pv=0,2045,490.073,4.4586439,2045,420.43939,3.5048034,2045,.24930443,.015475826,2045,.57605582,.021704264,2963,918,1502,512,1443,1520,870
TIMSS,2023,AZE,8,0,bul_pv=1,918,457.517,5.3919954,918,401.74805,4.785821,918,.16950943,.022117892,918,.42760745,.025597995,2963,918,1502,512,1443,1520,870
TIMSS,2023,AZE,8,1,all,3211,477.72974,4.3611045,3211,408.48752,3.5324154,3211,.20924346,.013940499,3211,.5257113,.01817039,3211,1211,1730,745,1661,1763,903
TIMSS,2023,AZE,8,1,bul_any=1,1763,469.84641,5.1418128,1763,403.62991,4.3324637,1763,.19713376,.016223839,1763,.48627949,.022535522,3211,1211,1730,745,1661,1763,903
TIMSS,2023,AZE,8,1,bul_c_all=0,2308,481.69824,4.5758424,2308,413.37631,4.0141563,2308,.22620526,.016924459,2308,.54405165,.019103721,3211,1211,1730,745,1661,1763,903
TIMSS,2023,AZE,8,1,bul_c_all=1,903,468.10159,9.1355553,903,396.62656,6.2287111,903,.16809162,.022060318,903,.48121491,.041668084,3211,1211,1730,745,1661,1763,903
TIMSS,2023,AZE,8,1,bul_ev_all=0,1481,487.0538,4.9477453,1481,414.40195,3.8177176,1481,.22499304,.020006573,1481,.57188004,.02045607,3211,1211,1730,745,1661,1763,903
TIMSS,2023,AZE,8,1,bul_ev_all=1,1730,469.8298,5.1820292,1730,403.47644,4.3574858,1730,.19589943,.016296672,1730,.4865942,.022612069,3211,1211,1730,745,1661,1763,903
TIMSS,2023,AZE,8,1,bul_ev_o=0,2466,480.92081,4.5560751,2466,411.28107,3.5458758,2466,.21887794,.015249277,2466,.54105288,.018673813,3211,1211,1730,745,1661,1763,903
TIMSS,2023,AZE,8,1,bul_ev_o=1,745,466.75574,6.7052879,745,398.88055,6.0290103,745,.1761106,.022550153,745,.47295177,.031610921,3211,1211,1730,745,1661,1763,903
TIMSS,2023,AZE,8,1,bul_ev_trad=0,1550,486.49487,4.8906093,1550,414.08243,3.7214849,1550,.22313198,.019046402,1550,.56787914,.020174801,3211,1211,1730,745,1661,1763,903
TIMSS,2023,AZE,8,1,bul_ev_trad=1,1661,469.71518,5.3182197,1661,403.3717,4.5064878,1661,.19654422,.016793223,1661,.4871543,.023157015,3211,1211,1730,745,1661,1763,903
TIMSS,2023,AZE,8,1,bul_pv=0,2000,484.27332,4.4330831,2000,412.23151,3.542913,2000,.22293524,.016938427,2000,.5609349,.016702611,3211,1211,1730,745,1661,1763,903
TIMSS,2023,AZE,8,1,bul_pv=1,1211,466.85315,5.6995826,1211,402.26434,4.7245622,1211,.18648529,.018721877,1211,.46716341,.028024914,3211,1211,1730,745,1661,1763,903
TIMSS,2023,BGR,4,0,all,1968,528.09198,3.9529915,1968,530.72668,4.9254484,1968,.88460875,.017628103,1968,.90649199,.014283394,1968,544,1148,282,1129,1148,235
TIMSS,2023,BGR,4,0,bul_any=1,1148,519.17377,4.8276582,1148,520.18036,6.4298925,1148,.87093067,.02326466,1148,.88781089,.018465396,1968,544,1148,282,1129,1148,235
TIMSS,2023,BGR,4,0,bul_c_all=0,1733,536.50439,3.1581142,1733,541.20349,3.7789693,1733,.91882288,.012036473,1733,.9347263,.0089679034,1968,544,1148,282,1129,1148,235
TIMSS,2023,BGR,4,0,bul_c_all=1,235,478.53433,20.377735,235,469.00745,25.073666,235,.68305206,.080815963,235,.74016285,.070267297,1968,544,1148,282,1129,1148,235
TIMSS,2023,BGR,4,0,bul_ev_all=0,820,540.13129,5.982532,820,544.96381,6.916048,820,.90307367,.023274602,820,.9317109,.022029812,1968,544,1148,282,1129,1148,235
TIMSS,2023,BGR,4,0,bul_ev_all=1,1148,519.17377,4.8276582,1148,520.18036,6.4298925,1148,.87093067,.02326466,1148,.88781089,.018465396,1968,544,1148,282,1129,1148,235
TIMSS,2023,BGR,4,0,bul_ev_o=0,1686,532.51892,3.9268746,1686,536.52472,4.7632895,1686,.89514917,.017617149,1686,.91741836,.014092389,1968,544,1148,282,1129,1148,235
TIMSS,2023,BGR,4,0,bul_ev_o=1,282,502.74167,9.0668201,282,497.52484,11.883703,282,.82424986,.039352916,282,.84392345,.038131088,1968,544,1148,282,1129,1148,235
TIMSS,2023,BGR,4,0,bul_ev_trad=0,839,540.1756,5.8536959,839,544.57483,6.7847271,839,.90422136,.022508385,839,.93256533,.02149171,1968,544,1148,282,1129,1148,235
TIMSS,2023,BGR,4,0,bul_ev_trad=1,1129,518.7428,4.9214454,1129,520.01221,6.5014362,1129,.86943424,.023910966,1129,.88631886,.018754898,1968,544,1148,282,1129,1148,235
TIMSS,2023,BGR,4,0,bul_pv=0,1424,537.71027,4.3440971,1424,541.56641,5.245739,1424,.90309006,.018469485,1424,.92878461,.014561028,1968,544,1148,282,1129,1148,235
TIMSS,2023,BGR,4,0,bul_pv=1,544,503.38864,6.9899449,544,502.88611,8.9495602,544,.83714169,.029254055,544,.84923625,.027659064,1968,544,1148,282,1129,1148,235
TIMSS,2023,BGR,4,1,all,2135,531.50043,4.0314765,2135,528.56958,5.4683285,2135,.86774111,.022702863,2135,.91099387,.015480945,2135,748,1366,370,1344,1366,281
TIMSS,2023,BGR,4,1,bul_any=1,1366,520.56744,4.5968308,1366,518.13824,6.0822287,1366,.85544157,.027579449,1366,.89952403,.020558566,2135,748,1366,370,1344,1366,281
TIMSS,2023,BGR,4,1,bul_c_all=0,1854,541.21539,3.6669104,1854,541.47296,4.8054953,1854,.908526,.016781179,1854,.93702614,.009767117,2135,748,1366,370,1344,1366,281
TIMSS,2023,BGR,4,1,bul_c_all=1,281,479.78983,18.443392,281,459.88776,22.731649,281,.65065241,.092393085,281,.77242982,.069609329,2135,748,1366,370,1344,1366,281
TIMSS,2023,BGR,4,1,bul_ev_all=0,769,550.11084,6.8370061,769,546.32605,8.4787626,769,.88867766,.030421624,769,.93051803,.022893237,2135,748,1366,370,1344,1366,281
TIMSS,2023,BGR,4,1,bul_ev_all=1,1366,520.56744,4.5968308,1366,518.13824,6.0822287,1366,.85544157,.027579449,1366,.89952403,.020558566,2135,748,1366,370,1344,1366,281
TIMSS,2023,BGR,4,1,bul_ev_o=0,1765,540.27368,4.0200605,1765,538.33142,5.4055119,1765,.88749158,.021450549,1765,.92612934,.014200332,2135,748,1366,370,1344,1366,281
TIMSS,2023,BGR,4,1,bul_ev_o=1,370,492.38821,7.2760615,370,485.05011,10.131905,370,.77969116,.051196013,370,.8435179,.036699206,2135,748,1366,370,1344,1366,281
TIMSS,2023,BGR,4,1,bul_ev_trad=0,791,550.08069,6.6048083,791,546.10181,8.2477312,791,.89011157,.029642442,791,.92993873,.022338958,2135,748,1366,370,1344,1366,281
TIMSS,2023,BGR,4,1,bul_ev_trad=1,1344,520.09686,4.6631627,1344,517.8092,6.166893,1344,.85401124,.02820792,1344,.8993665,.020690305,2135,748,1366,370,1344,1366,281
TIMSS,2023,BGR,4,1,bul_pv=0,1387,542.91943,4.5118041,1387,539.52161,6.074852,1387,.88693595,.023188518,1387,.92815512,.014668883,2135,748,1366,370,1344,1366,281
TIMSS,2023,BGR,4,1,bul_pv=1,748,510.02417,5.6678562,748,507.97153,7.9023433,748,.83164042,.033439647,748,.87871778,.025645152,2135,748,1366,370,1344,1366,281
TIMSS,2023,BHR,4,0,all,2677,465.76035,5.6470728,2677,491.92032,5.2656679,2677,.833767,.01390897,2677,.75811356,.019655108,2677,990,1447,548,1414,1447,231
TIMSS,2023,BHR,4,0,bul_any=1,1447,454.56873,5.8270574,1447,480.29135,5.2469907,1447,.80197608,.018139664,1447,.72066277,.021645905,2677,990,1447,548,1414,1447,231
TIMSS,2023,BHR,4,0,bul_c_all=0,2446,464.418,5.7315016,2446,490.65564,5.4443884,2446,.83256179,.014043604,2446,.75556731,.020649515,2677,990,1447,548,1414,1447,231
TIMSS,2023,BHR,4,0,bul_c_all=1,231,481.38541,24.363434,231,506.64127,18.346184,231,.84779561,.039636135,231,.78775251,.05963628,2677,990,1447,548,1414,1447,231
TIMSS,2023,BHR,4,0,bul_ev_all=0,1230,478.8569,6.3957753,1230,505.52866,6.4176202,1230,.87096906,.014687585,1230,.80193889,.02104599,2677,990,1447,548,1414,1447,231
TIMSS,2023,BHR,4,0,bul_ev_all=1,1447,454.56873,5.8270574,1447,480.29135,5.2469907,1447,.80197608,.018139664,1447,.72066277,.021645905,2677,990,1447,548,1414,1447,231
TIMSS,2023,BHR,4,0,bul_ev_o=0,2129,475.36804,5.9276581,2129,503.53986,5.6231408,2129,.86812532,.014215219,2129,.79572254,.019483801,2677,990,1447,548,1414,1447,231
TIMSS,2023,BHR,4,0,bul_ev_o=1,548,425.79285,7.381362,548,443.58368,6.3634996,548,.69083816,.027977036,548,.60166234,.034403972,2677,990,1447,548,1414,1447,231
TIMSS,2023,BHR,4,0,bul_ev_trad=0,1263,478.17862,6.4431047,1263,504.85196,6.350841,1263,.86998695,.014416265,1263,.80144709,.02097063,2677,990,1447,548,1414,1447,231
TIMSS,2023,BHR,4,0,bul_ev_trad=1,1414,454.6077,5.7682271,1414,480.30661,5.280797,1414,.80123842,.018534997,1414,.7191965,.021630915,2677,990,1447,548,1414,1447,231
TIMSS,2023,BHR,4,0,bul_pv=0,1687,476.21527,6.235899,1687,503.4144,6.0490961,1687,.86252892,.01611861,1687,.79324168,.022600388,2677,990,1447,548,1414,1447,231
TIMSS,2023,BHR,4,0,bul_pv=1,990,447.40576,5.8421183,990,471.74142,5.4880867,990,.78327292,.020305049,990,.69644308,.023145799,2677,990,1447,548,1414,1447,231
TIMSS,2023,BHR,4,1,all,2758,457.75378,5.2107339,2758,459.44363,4.7455473,2758,.69935912,.018480711,2758,.7007252,.020964097,2758,1564,1995,920,1951,1995,383
TIMSS,2023,BHR,4,1,bul_any=1,1995,452.31653,5.4495749,1995,451.89349,4.8721638,1995,.67853206,.019920306,1995,.6859473,.02390917,2758,1564,1995,920,1951,1995,383
TIMSS,2023,BHR,4,1,bul_c_all=0,2375,457.63654,5.9167008,2375,460.0126,5.4499183,2375,.69922525,.021649003,2375,.69627798,.023784455,2758,1564,1995,920,1951,1995,383
TIMSS,2023,BHR,4,1,bul_c_all=1,383,458.59772,11.073102,383,455.34827,11.199942,383,.70032257,.038741961,383,.73273641,.049197085,2758,1564,1995,920,1951,1995,383
TIMSS,2023,BHR,4,1,bul_ev_all=0,763,472.84506,6.965888,763,480.39926,6.8693228,763,.75716513,.02691799,763,.7417416,.02581724,2758,1564,1995,920,1951,1995,383
TIMSS,2023,BHR,4,1,bul_ev_all=1,1995,452.31653,5.4495749,1995,451.89349,4.8721638,1995,.67853206,.019920306,1995,.6859473,.02390917,2758,1564,1995,920,1951,1995,383
TIMSS,2023,BHR,4,1,bul_ev_o=0,1838,471.55362,5.1267328,1838,478.08063,4.8425646,1838,.75877613,.015530948,1838,.74822754,.018475072,2758,1564,1995,920,1951,1995,383
TIMSS,2023,BHR,4,1,bul_ev_o=1,920,430.62741,6.8277631,920,422.80884,6.505044,920,.5825628,.029538523,920,.60734969,.033219304,2758,1564,1995,920,1951,1995,383
TIMSS,2023,BHR,4,1,bul_ev_trad=0,807,472.77072,7.070817,807,480.017,6.8657112,807,.75789523,.026469406,807,.74022663,.026157683,2758,1564,1995,920,1951,1995,383
TIMSS,2023,BHR,4,1,bul_ev_trad=1,1951,451.89633,5.3389764,1951,451.41885,4.795207,1951,.67652667,.020249195,1951,.6853174,.023851503,2758,1564,1995,920,1951,1995,383
TIMSS,2023,BHR,4,1,bul_pv=0,1194,469.3584,6.0604835,1194,475.19275,6.0704651,1194,.74184841,.02245599,1194,.72605044,.022647699,2758,1564,1995,920,1951,1995,383
TIMSS,2023,BHR,4,1,bul_pv=1,1564,449.33432,5.8250852,1564,448.01721,4.9532981,1564,.66853189,.022158559,1564,.68235105,.026513243,2758,1564,1995,920,1951,1995,383
TIMSS,2023,BHR,8,0,all,2461,431.15665,2.732733,2461,471.62994,2.5455763,2461,.48610741,.016530586,2461,.31479108,.012943289,2461,848,1307,397,1286,1327,151
TIMSS,2023,BHR,8,0,bul_any=1,1327,419.48553,3.9109013,1327,459.46194,2.9256122,1327,.43432692,.019594373,1327,.27166378,.01569286,2461,848,1307,397,1286,1327,151
TIMSS,2023,BHR,8,0,bul_c_all=0,2310,430.3783,2.8932111,2310,471.04617,2.6886368,2310,.4825156,.017613865,2310,.31148925,.013366919,2461,848,1307,397,1286,1327,151
TIMSS,2023,BHR,8,0,bul_c_all=1,151,446.66272,7.844183,151,483.2601,7.4906898,151,.55766475,.051177964,151,.38057145,.052608348,2461,848,1307,397,1286,1327,151
TIMSS,2023,BHR,8,0,bul_ev_all=0,1154,445.98157,2.6924417,1154,487.07968,3.2697568,1154,.55320591,.020470085,1154,.3702167,.01853836,2461,848,1307,397,1286,1327,151
TIMSS,2023,BHR,8,0,bul_ev_all=1,1307,418.46259,4.024919,1307,458.40091,3.0257087,1307,.42865345,.019289322,1307,.2673322,.016037798,2461,848,1307,397,1286,1327,151
TIMSS,2023,BHR,8,0,bul_ev_o=0,2064,436.21909,2.5779824,2064,478.64328,2.7360516,2064,.51276714,.015811846,2064,.33189484,.013749457,2461,848,1307,397,1286,1327,151
TIMSS,2023,BHR,8,0,bul_ev_o=1,397,404.75543,6.8919168,397,435.05475,6.0729718,397,.34707442,.034989722,397,.22559336,.026835624,2461,848,1307,397,1286,1327,151
TIMSS,2023,BHR,8,0,bul_ev_trad=0,1175,445.46414,2.6455185,1175,486.83133,3.2135367,1175,.55206269,.01993645,1175,.36863267,.018036736,2461,848,1307,397,1286,1327,151
TIMSS,2023,BHR,8,0,bul_ev_trad=1,1286,418.47989,4.009551,1286,458.16119,3.1102788,1286,.42766958,.019672409,1286,.26708627,.016501186,2461,848,1307,397,1286,1327,151
TIMSS,2023,BHR,8,0,bul_pv=0,1613,442.47369,2.7763362,1613,485.47705,2.8330252,1613,.54478461,.015679456,1613,.36157653,.015098721,2461,848,1307,397,1286,1327,151
TIMSS,2023,BHR,8,0,bul_pv=1,848,410.34134,4.562427,848,446.16116,3.5339415,848,.37818319,.026396805,848,.22873929,.017566135,2461,848,1307,397,1286,1327,151
TIMSS,2023,BHR,8,1,all,2707,421.83975,3.8320906,2707,432.43243,3.9498513,2707,.35531873,.015021011,2707,.29372349,.014704471,2707,1266,1684,702,1658,1705,366
TIMSS,2023,BHR,8,1,bul_any=1,1705,416.00241,4.3877215,1705,422.43945,4.4138417,1705,.31160894,.017071186,1705,.26766211,.016176634,2707,1266,1684,702,1658,1705,366
TIMSS,2023,BHR,8,1,bul_c_all=0,2341,425.08609,4.3491516,2341,435.96017,4.2847581,2341,.36745355,.016717708,2341,.30619562,.016391817,2707,1266,1684,702,1658,1705,366
TIMSS,2023,BHR,8,1,bul_c_all=1,366,405.15359,9.285203,366,414.29984,8.6140318,366,.29294583,.029956548,366,.22961682,.043036483,2707,1266,1684,702,1658,1705,366
TIMSS,2023,BHR,8,1,bul_ev_all=0,1023,431.42709,5.3922553,1023,448.80356,6.1464887,1023,.4269405,.021454504,1023,.3371594,.021303978,2707,1266,1684,702,1658,1705,366
TIMSS,2023,BHR,8,1,bul_ev_all=1,1684,416.04663,4.3613133,1684,422.54022,4.3646488,1684,.3120414,.017180003,1684,.26747745,.016219491,2707,1266,1684,702,1658,1705,366
TIMSS,2023,BHR,8,1,bul_ev_o=0,2005,432.77103,4.2109041,2005,448.74097,3.8084729,2005,.40997058,.014709638,2005,.3317284,.017805599,2707,1266,1684,702,1658,1705,366
TIMSS,2023,BHR,8,1,bul_ev_o=1,702,391.30801,4.841229,702,386.88156,5.4896588,702,.20267227,.025106307,702,.18757316,.014668738,2707,1266,1684,702,1658,1705,366
TIMSS,2023,BHR,8,1,bul_ev_trad=0,1049,431.70673,5.3956909,1049,448.65457,6.1779747,1049,.4266822,.021104878,1049,.3393696,.022245027,2707,1266,1684,702,1658,1705,366
TIMSS,2023,BHR,8,1,bul_ev_trad=1,1658,415.63916,4.4361892,1658,422.23813,4.4061871,1658,.31047246,.017017983,1658,.26503858,.015926452,2707,1266,1684,702,1658,1705,366
TIMSS,2023,BHR,8,1,bul_pv=0,1441,432.88806,5.1295414,1441,449.9408,5.1371641,1441,.42471725,.019914538,1441,.33482772,.021118058,2707,1266,1684,702,1658,1705,366
TIMSS,2023,BHR,8,1,bul_pv=1,1266,409.39658,4.656353,1266,412.71359,4.268723,1266,.27715844,.015634758,1266,.24742977,.015400226,2707,1266,1684,702,1658,1705,366
TIMSS,2023,BIH,4,0,all,1685,445.4935,3.5336871,1685,451.12585,3.5407481,1685,.78251749,.019879371,1685,.74533486,.017678427,1685,423,728,282,705,728,615
TIMSS,2023,BIH,4,0,bul_any=1,728,432.40128,4.7840428,728,438.13904,5.8658938,728,.7278499,.031474363,728,.68926626,.024093879,1685,423,728,282,705,728,615
TIMSS,2023,BIH,4,0,bul_c_all=0,1070,446.77414,4.5172553,1070,452.51257,4.6428924,1070,.78766316,.024829751,1070,.75170362,.023025071,1685,423,728,282,705,728,615
TIMSS,2023,BIH,4,0,bul_c_all=1,615,443.36325,6.6476431,615,448.81912,4.9134245,615,.77395785,.028418489,615,.73474067,.035765782,1685,423,728,282,705,728,615
TIMSS,2023,BIH,4,0,bul_ev_all=0,957,456.47507,3.4644971,957,462.01898,2.9502907,957,.82837176,.017932976,957,.79236424,.021506332,1685,423,728,282,705,728,615
TIMSS,2023,BIH,4,0,bul_ev_all=1,728,432.40128,4.7840428,728,438.13904,5.8658938,728,.7278499,.031474363,728,.68926626,.024093879,1685,423,728,282,705,728,615
TIMSS,2023,BIH,4,0,bul_ev_o=0,1403,452.0383,3.5532823,1403,457.45599,3.0028315,1403,.81430382,.016962452,1403,.77657884,.019809695,1685,423,728,282,705,728,615
TIMSS,2023,BIH,4,0,bul_ev_o=1,282,416.31723,7.6610513,282,422.90652,9.6933317,282,.64081562,.062625818,282,.60605073,.051519349,1685,423,728,282,705,728,615
TIMSS,2023,BIH,4,0,bul_ev_trad=0,980,456.25778,3.4256926,980,461.66769,2.9763713,980,.82564569,.017365476,980,.79078799,.02210856,1685,423,728,282,705,728,615
TIMSS,2023,BIH,4,0,bul_ev_trad=1,705,432.10562,5.0329103,705,438.01465,6.172646,705,.72887748,.032627832,705,.6888032,.025391597,1685,423,728,282,705,728,615
TIMSS,2023,BIH,4,0,bul_pv=0,1262,452.18097,3.5847604,1262,456.50876,3.4261372,1262,.80504662,.021030951,1262,.77832532,.018579287,1685,423,728,282,705,728,615
TIMSS,2023,BIH,4,0,bul_pv=1,423,427.23438,4.6395273,423,436.42865,5.5293097,423,.7210049,.033518638,423,.65525901,.02872983,1685,423,728,282,705,728,615
TIMSS,2023,BIH,4,1,all,1706,448.72861,3.5049376,1706,445.51938,4.7813544,1706,.72444165,.034684643,1706,.7306385,.01849886,1706,560,886,379,868,886,652
TIMSS,2023,BIH,4,1,bul_any=1,886,437.04877,5.8415275,886,433.73846,7.6784701,886,.67853254,.044534601,886,.69235879,.029508794,1706,560,886,379,868,886,652
TIMSS,2023,BIH,4,1,bul_c_all=0,1054,451.10498,6.3825731,1054,448.1499,5.7832899,1054,.73719615,.043997951,1054,.73562169,.027608249,1706,560,886,379,868,886,652
TIMSS,2023,BIH,4,1,bul_c_all=1,652,445.04379,7.7157393,652,441.44046,8.1746359,652,.70466441,.046268564,652,.72291148,.039133899,1706,560,886,379,868,886,652
TIMSS,2023,BIH,4,1,bul_ev_all=0,820,461.55548,4.8824496,820,458.45721,3.7680094,820,.77485919,.029857127,820,.77267736,.027135495,1706,560,886,379,868,886,652
TIMSS,2023,BIH,4,1,bul_ev_all=1,886,437.04877,5.8415275,886,433.73846,7.6784701,886,.67853254,.044534601,886,.69235879,.029508794,1706,560,886,379,868,886,652
TIMSS,2023,BIH,4,1,bul_ev_o=0,1327,458.03488,3.6593659,1327,455.8107,3.8432946,1327,.76468039,.030145163,1327,.76647818,.019667028,1706,560,886,379,868,886,652
TIMSS,2023,BIH,4,1,bul_ev_o=1,379,416.40988,7.8291497,379,409.77979,10.777316,379,.584701,.068834066,379,.60617471,.043001868,1706,560,886,379,868,886,652
TIMSS,2023,BIH,4,1,bul_ev_trad=0,838,461.52597,4.8265853,838,458.03198,3.8013387,838,.7740047,.030093348,838,.7729606,.0268592,1706,560,886,379,868,886,652
TIMSS,2023,BIH,4,1,bul_ev_trad=1,868,436.70621,5.9017868,868,433.76447,7.7483969,868,.67787993,.045002528,868,.69087917,.029673152,1706,560,886,379,868,886,652
TIMSS,2023,BIH,4,1,bul_pv=0,1146,456.50528,3.6747611,1146,453.99402,4.0872083,1146,.7536552,.034478586,1146,.75589204,.020496855,1706,560,886,379,868,886,652
TIMSS,2023,BIH,4,1,bul_pv=1,560,433.37949,7.013217,560,428.79254,8.9608526,560,.66678143,.052607119,560,.6807943,.036875755,1706,560,886,379,868,886,652
TIMSS,2023,BRA,4,0,all,11014,393.60452,3.534519,11014,420.39432,3.7993577,11014,.59809798,.016115207,11014,.45808545,.016347557,11014,3833,6231,2405,5990,6231,2931
TIMSS,2023,BRA,4,0,bul_any=1,6231,383.28226,4.7987285,6231,408.07861,4.8257818,6231,.54270619,.022388898,6231,.40093806,.023461601,11014,3833,6231,2405,5990,6231,2931
TIMSS,2023,BRA,4,0,bul_c_all=0,8083,394.61652,3.8899786,8083,422.21268,4.0996146,8083,.60665888,.01734891,8083,.47039357,.017718431,11014,3833,6231,2405,5990,6231,2931
TIMSS,2023,BRA,4,0,bul_c_all=1,2931,390.20795,8.447648,2931,414.29144,8.3383293,2931,.56936526,.035063691,2931,.41677591,.042114466,11014,3833,6231,2405,5990,6231,2931
TIMSS,2023,BRA,4,0,bul_ev_all=0,4783,405.23935,3.5793133,4783,434.27609,3.9774616,4783,.66053343,.019508572,4783,.52249974,.018819416,11014,3833,6231,2405,5990,6231,2931
TIMSS,2023,BRA,4,0,bul_ev_all=1,6231,383.28226,4.7987285,6231,408.07861,4.8257818,6231,.54270619,.022388898,6231,.40093806,.023461601,11014,3833,6231,2405,5990,6231,2931
TIMSS,2023,BRA,4,0,bul_ev_o=0,8609,400.92938,3.6806571,8609,429.46951,3.8815632,8609,.64322674,.016085222,8609,.49649686,.017035531,11014,3833,6231,2405,5990,6231,2931
TIMSS,2023,BRA,4,0,bul_ev_o=1,2405,362.06094,5.0887632,2405,381.31302,4.9723125,2405,.40375653,.027359327,2405,.29267138,.023528123,11014,3833,6231,2405,5990,6231,2931
TIMSS,2023,BRA,4,0,bul_ev_trad=0,5024,404.89847,3.8222101,5024,434.16818,4.1463137,5024,.65823364,.018774107,5024,.51791435,.020264996,11014,3833,6231,2405,5990,6231,2931
TIMSS,2023,BRA,4,0,bul_ev_trad=1,5990,382.50232,4.6909409,5990,406.85431,4.7510829,5990,.5389834,.022469494,5990,.39927241,.022693396,11014,3833,6231,2405,5990,6231,2931
TIMSS,2023,BRA,4,0,bul_pv=0,7181,400.19827,3.7630069,7181,428.31088,4.1031036,7181,.6336329,.01841143,7181,.49593201,.017521229,11014,3833,6231,2405,5990,6231,2931
TIMSS,2023,BRA,4,0,bul_pv=1,3833,378.84744,4.2139544,3833,402.67676,4.2566686,3833,.51856965,.024540719,3833,.37338352,.021647619,11014,3833,6231,2405,5990,6231,2931
TIMSS,2023,BRA,4,1,all,11116,406.45538,4.0704799,11116,429.67349,4.009284,11116,.61469167,.015339169,11116,.51213872,.017277602,11116,4694,7103,3074,6810,7103,3002
TIMSS,2023,BRA,4,1,bul_any=1,7103,401.03976,4.1990504,7103,422.62424,4.4267464,7103,.58519673,.01702494,7103,.48672813,.018097961,11116,4694,7103,3074,6810,7103,3002
TIMSS,2023,BRA,4,1,bul_c_all=0,8114,406.33423,4.5484219,8114,429.8493,4.2171502,8114,.61792767,.01765532,8114,.51755089,.019138191,11116,4694,7103,3074,6810,7103,3002
TIMSS,2023,BRA,4,1,bul_c_all=1,3002,406.86108,9.3269634,3002,429.08481,10.677615,3002,.60385603,.039756477,3002,.49401617,.036393605,11116,4694,7103,3074,6810,7103,3002
TIMSS,2023,BRA,4,1,bul_ev_all=0,4013,414.88242,5.1519198,4013,440.64252,4.7692819,4013,.66058743,.01995321,4013,.55167902,.024216427,11116,4694,7103,3074,6810,7103,3002
TIMSS,2023,BRA,4,1,bul_ev_all=1,7103,401.03976,4.1990504,7103,422.62424,4.4267464,7103,.58519673,.01702494,7103,.48672813,.018097961,11116,4694,7103,3074,6810,7103,3002
TIMSS,2023,BRA,4,1,bul_ev_o=0,8042,416.30905,4.8139768,8042,441.78561,4.5967226,8042,.66819251,.016971925,8042,.56218505,.019931497,11116,4694,7103,3074,6810,7103,3002
TIMSS,2023,BRA,4,1,bul_ev_o=1,3074,377.43298,4.2464237,3074,393.99915,5.051559,3074,.45711336,.024887206,3074,.3647351,.024121571,11116,4694,7103,3074,6810,7103,3002
TIMSS,2023,BRA,4,1,bul_ev_trad=0,4306,411.90448,5.1082182,4306,436.90778,4.7367353,4306,.64486706,.020366468,4306,.53422922,.024139304,11116,4694,7103,3074,6810,7103,3002
TIMSS,2023,BRA,4,1,bul_ev_trad=1,6810,402.58075,4.0718188,6810,424.52948,4.3292828,6810,.59323519,.016790742,6810,.49643105,.018143846,11116,4694,7103,3074,6810,7103,3002
TIMSS,2023,BRA,4,1,bul_pv=0,6422,410.82227,5.0371256,6422,434.98135,4.3900633,6422,.631477,.017833807,6422,.53033292,.021725265,11116,4694,7103,3074,6810,7103,3002
TIMSS,2023,BRA,4,1,bul_pv=1,4694,399.91522,4.1441932,4694,421.72403,4.7364769,4694,.58955258,.021765973,4694,.4848896,.024576681,11116,4694,7103,3074,6810,7103,3002
TIMSS,2023,BRA,8,0,all,11441,367.61404,2.8649275,11441,413.08762,2.5620067,11441,.22476819,.01302527,11441,.10858595,.0099182148,11441,6601,8287,2907,8174,8328,4522
TIMSS,2023,BRA,8,0,bul_any=1,8328,361.35336,2.5074501,8328,408.14404,2.4803076,8328,.20047151,.013176949,8328,.086485513,.0078354646,11441,6601,8287,2907,8174,8328,4522
TIMSS,2023,BRA,8,0,bul_c_all=0,6919,364.71646,3.5618143,6919,410.03625,3.2644753,6919,.216483,.01740054,6919,.10093977,.014252353,11441,6601,8287,2907,8174,8328,4522
TIMSS,2023,BRA,8,0,bul_c_all=1,4522,372.27396,8.5406284,4522,417.99484,7.7481985,4522,.23809251,.033247616,4522,.12088258,.031858638,11441,6601,8287,2907,8174,8328,4522
TIMSS,2023,BRA,8,0,bul_ev_all=0,3154,382.52585,5.9392724,3154,424.96155,5.0593634,3154,.28403026,.022054894,3154,.16169061,.024472948,11441,6601,8287,2907,8174,8328,4522
TIMSS,2023,BRA,8,0,bul_ev_all=1,8287,361.50784,2.5140698,8287,408.22537,2.5024266,8287,.20050102,.013235552,8287,.08684016,.0078586964,11441,6601,8287,2907,8174,8328,4522
TIMSS,2023,BRA,8,0,bul_ev_o=0,8534,376.08307,3.229496,8534,421.77396,2.8034642,8534,.25762349,.01434651,8534,.12740976,.012419945,11441,6601,8287,2907,8174,8328,4522
TIMSS,2023,BRA,8,0,bul_ev_o=1,2907,339.89542,2.8346581,2907,384.65768,3.0167756,2907,.11723454,.015803818,2907,.046976585,.011548429,11441,6601,8287,2907,8174,8328,4522
TIMSS,2023,BRA,8,0,bul_ev_trad=0,3267,381.42911,6.0018983,3267,423.9679,5.0994439,3267,.28048074,.022273937,3267,.15898937,.024512874,11441,6601,8287,2907,8174,8328,4522
TIMSS,2023,BRA,8,0,bul_ev_trad=1,8174,361.71304,2.5431013,8174,408.44019,2.5333357,8174,.20097095,.01318809,8174,.087056451,.0079983957,11441,6601,8287,2907,8174,8328,4522
TIMSS,2023,BRA,8,0,bul_pv=0,4840,377.98798,5.1847491,4840,420.72421,4.4338851,4840,.26734918,.019890549,4840,.14725606,.020007467,11441,6601,8287,2907,8174,8328,4522
TIMSS,2023,BRA,8,0,bul_pv=1,6601,359.00009,2.5306475,6601,406.74661,2.4462509,6601,.18941124,.012348865,6601,.076476365,.0086083235,11441,6601,8287,2907,8174,8328,4522
TIMSS,2023,BRA,8,1,all,11329,388.4158,3.1929283,11329,426.71518,2.983351,11329,.30746919,.014341206,11329,.17250451,.013028474,11329,6361,7975,3065,7838,8015,4510
TIMSS,2023,BRA,8,1,bul_any=1,8015,385.98123,2.9401684,8015,424.6554,2.8167956,8015,.29769403,.01621333,8015,.15896024,.012829202,11329,6361,7975,3065,7838,8015,4510
TIMSS,2023,BRA,8,1,bul_c_all=0,6819,386.01547,4.5415235,6819,423.85751,4.280376,6819,.29607591,.020245319,6819,.17009954,.0192829,11329,6361,7975,3065,7838,8015,4510
TIMSS,2023,BRA,8,1,bul_c_all=1,4510,392.39548,8.6145258,4510,431.45313,8.1854753,4510,.32635909,.038918138,4510,.1764919,.031773057,11329,6361,7975,3065,7838,8015,4510
TIMSS,2023,BRA,8,1,bul_ev_all=0,3354,394.91727,5.6664305,3354,432.15225,5.5273733,3354,.33471408,.024932977,3354,.21055582,.023006976,11329,6361,7975,3065,7838,8015,4510
TIMSS,2023,BRA,8,1,bul_ev_all=1,7975,385.78314,2.8779125,7975,424.51352,2.772063,7975,.29643691,.015810246,7975,.15709634,.012805268,11329,6361,7975,3065,7838,8015,4510
TIMSS,2023,BRA,8,1,bul_ev_o=0,8264,397.48517,3.8058491,8264,438.07169,3.4203544,8264,.35653707,.016735198,8264,.19979256,.017024375,11329,6361,7975,3065,7838,8015,4510
TIMSS,2023,BRA,8,1,bul_ev_o=1,3065,362.6709,3.4478238,3065,394.47787,3.4213982,3065,.16818221,.016633112,3065,.095042989,.010103504,11329,6361,7975,3065,7838,8015,4510
TIMSS,2023,BRA,8,1,bul_ev_trad=0,3491,393.24738,5.6183915,3491,430.73257,5.4485607,3491,.3301304,.023993995,3491,.20555754,.022342579,11329,6361,7975,3065,7838,8015,4510
TIMSS,2023,BRA,8,1,bul_ev_trad=1,7838,386.35065,2.876812,7838,424.99805,2.7240231,7838,.29778326,.015746675,7838,.15837684,.012945515,11329,6361,7975,3065,7838,8015,4510
TIMSS,2023,BRA,8,1,bul_pv=0,4968,391.82761,4.9962049,4968,428.8468,4.9042253,4968,.32741255,.021186506,4968,.20249851,.020976357,11329,6361,7975,3065,7838,8015,4510
TIMSS,2023,BRA,8,1,bul_pv=1,6361,385.74066,3.0610454,6361,425.04379,2.8738127,6361,.29183194,.01909251,6361,.1489867,.01411992,11329,6361,7975,3065,7838,8015,4510
TIMSS,2023,CAN,4,0,all,6991,493.88144,2.0932384,6991,518.39148,2.0976682,6991,.93660915,.0054301382,6991,.88195497,.0098679308,6991,2259,3669,812,3540,3669,1985
TIMSS,2023,CAN,4,0,bul_any=1,3669,484.09683,2.6355526,3669,508.04654,2.5394888,3669,.91865093,.0079452153,3669,.85529208,.013684465,6991,2259,3669,812,3540,3669,1985
TIMSS,2023,CAN,4,0,bul_c_all=0,5006,496.33496,2.573838,5006,524.0224,2.5243404,5006,.94573206,.0064328215,5006,.88601726,.011092204,6991,2259,3669,812,3540,3669,1985
TIMSS,2023,CAN,4,0,bul_c_all=1,1985,487.70313,3.3914859,1985,504.21194,3.3026934,1985,.91363627,.011112517,1985,.87172562,.015233391,6991,2259,3669,812,3540,3669,1985
TIMSS,2023,CAN,4,0,bul_ev_all=0,3322,504.22482,2.3588276,3322,529.32721,2.4315147,3322,.95559293,.0067080176,3322,.91014051,.0083517777,6991,2259,3669,812,3540,3669,1985
TIMSS,2023,CAN,4,0,bul_ev_all=1,3669,484.09683,2.6355526,3669,508.04654,2.5394888,3669,.91865093,.0079452153,3669,.85529208,.013684465,6991,2259,3669,812,3540,3669,1985
TIMSS,2023,CAN,4,0,bul_ev_o=0,6179,499.08691,2.0004716,6179,523.25867,1.9822811,6179,.94915318,.0047401423,6179,.90046239,.0086624008,6991,2259,3669,812,3540,3669,1985
TIMSS,2023,CAN,4,0,bul_ev_o=1,812,450.13104,5.3519163,812,477.48416,5.6835122,812,.83118045,.023643017,812,.72640586,.03182089,6991,2259,3669,812,3540,3669,1985
TIMSS,2023,CAN,4,0,bul_ev_trad=0,3451,503.4852,2.2996321,3451,528.38245,2.3725708,3451,.95494694,.006381935,3451,.90842599,.0083715636,6991,2259,3669,812,3540,3669,1985
TIMSS,2023,CAN,4,0,bul_ev_trad=1,3540,484.12292,2.6913197,3540,508.2395,2.5500066,3540,.91797584,.0078335665,3540,.85505742,.013808744,6991,2259,3669,812,3540,3669,1985
TIMSS,2023,CAN,4,0,bul_pv=0,4732,501.79462,2.2330053,4732,526.06476,2.0532546,4732,.95261616,.0055016568,4732,.90532005,.0092084985,6991,2259,3669,812,3540,3669,1985
TIMSS,2023,CAN,4,0,bul_pv=1,2259,476.75888,3.1275284,2259,501.78806,3.2707663,2259,.90197313,.010510305,2259,.83139759,.015049667,6991,2259,3669,812,3540,3669,1985
TIMSS,2023,CAN,4,1,all,6725,514.05475,2.4316237,6725,523.94763,2.3685622,6725,.94173002,.007150264,6725,.91366619,.006643285,6725,2644,3947,880,3862,3947,1904
TIMSS,2023,CAN,4,1,bul_any=1,3947,509.40167,2.3103609,3947,518.05249,2.1712708,3947,.93390286,.0081161819,3947,.90757626,.0084898518,6725,2644,3947,880,3862,3947,1904
TIMSS,2023,CAN,4,1,bul_c_all=0,4821,516.00665,2.9503367,4821,529.02509,2.7655528,4821,.94699252,.0078802453,4821,.91381949,.0076330258,6725,2644,3947,880,3862,3947,1904
TIMSS,2023,CAN,4,1,bul_c_all=1,1904,509.16019,3.7100997,1904,511.21548,3.5055559,1904,.92853385,.010740303,1904,.9132818,.011253006,6725,2644,3947,880,3862,3947,1904
TIMSS,2023,CAN,4,1,bul_ev_all=0,2778,520.58948,3.5057795,2778,532.22675,3.6055787,2778,.95272249,.0086188782,2778,.92221886,.0096814968,6725,2644,3947,880,3862,3947,1904
TIMSS,2023,CAN,4,1,bul_ev_all=1,3947,509.40167,2.3103609,3947,518.05249,2.1712708,3947,.93390286,.0081161819,3947,.90757626,.0084898518,6725,2644,3947,880,3862,3947,1904
TIMSS,2023,CAN,4,1,bul_ev_o=0,5845,520.21606,2.4481113,5845,530.06342,2.3764684,5845,.95502573,.005905794,5845,.92629039,.0068377904,6725,2644,3947,880,3862,3947,1904
TIMSS,2023,CAN,4,1,bul_ev_o=1,880,472.57935,4.1510005,880,482.77908,4.2778363,880,.85222942,.021604739,880,.82868558,.01831243,6725,2644,3947,880,3862,3947,1904
TIMSS,2023,CAN,4,1,bul_ev_trad=0,2863,520.37219,3.4029331,2863,531.8512,3.5465167,2863,.95257598,.0083041852,2863,.92242575,.0096473405,6725,2644,3947,880,3862,3947,1904
TIMSS,2023,CAN,4,1,bul_ev_trad=1,3862,509.34778,2.3529973,3862,518.0589,2.1801689,3862,.933649,.0082091494,3862,.90713966,.0086110905,6725,2644,3947,880,3862,3947,1904
TIMSS,2023,CAN,4,1,bul_pv=0,4081,519.73151,2.9343569,4081,530.6322,2.9223342,4081,.95120013,.0077493116,4081,.92222303,.0077137765,6725,2644,3947,880,3862,3947,1904
TIMSS,2023,CAN,4,1,bul_pv=1,2644,505.16763,2.4805689,2644,513.48285,2.4165137,2644,.92690432,.010176867,2644,.90027028,.0093764076,6725,2644,3947,880,3862,3947,1904
TIMSS,2023,CHL,4,0,all,2194,434.526,3.1002874,2194,478.1333,3.0896051,2194,.85200357,.010874297,2194,.68499309,.018278001,2194,606,1151,315,1132,1151,760
TIMSS,2023,CHL,4,0,bul_any=1,1151,424.70135,3.3452163,1151,470.54156,3.8374169,1151,.82367545,.017861679,1151,.63664389,.023621943,2194,606,1151,315,1132,1151,760
TIMSS,2023,CHL,4,0,bul_c_all=0,1434,439.92294,4.0899954,1434,483.74405,3.9657328,1434,.86934084,.015967207,1434,.71811879,.021224072,2194,606,1151,315,1132,1151,760
TIMSS,2023,CHL,4,0,bul_c_all=1,760,424.71927,5.189858,760,467.93805,5.1632009,760,.82050002,.026115905,760,.62480032,.033765342,2194,606,1151,315,1132,1151,760
TIMSS,2023,CHL,4,0,bul_ev_all=0,1043,445.75464,3.8984606,1043,486.80994,3.4512453,1043,.8843798,.014947053,1043,.74025148,.019176811,2194,606,1151,315,1132,1151,760
TIMSS,2023,CHL,4,0,bul_ev_all=1,1151,424.70135,3.3452163,1151,470.54156,3.8374169,1151,.82367545,.017861679,1151,.63664389,.023621943,2194,606,1151,315,1132,1151,760
TIMSS,2023,CHL,4,0,bul_ev_o=0,1879,443.87994,2.9141898,1879,487.168,2.8718195,1879,.88805014,.0092784995,1879,.73206377,.016287241,2194,606,1151,315,1132,1151,760
TIMSS,2023,CHL,4,0,bul_ev_o=1,315,382.47354,5.9177423,315,427.85739,6.0745058,315,.65141255,.035430383,315,.42305523,.043658543,2194,606,1151,315,1132,1151,760
TIMSS,2023,CHL,4,0,bul_ev_trad=0,1062,445.56549,3.8919075,1062,486.56488,3.4243059,1062,.88441902,.014528695,1062,.73848557,.01924785,2194,606,1151,315,1132,1151,760
TIMSS,2023,CHL,4,0,bul_ev_trad=1,1132,424.51227,3.3707151,1132,470.48517,3.8278761,1132,.82259989,.017936992,1132,.63647074,.024015117,2194,606,1151,315,1132,1151,760
TIMSS,2023,CHL,4,0,bul_pv=0,1588,443.5112,3.1824896,1588,486.42288,3.0828476,1588,.88341886,.010758142,1588,.72842193,.016523179,2194,606,1151,315,1132,1151,760
TIMSS,2023,CHL,4,0,bul_pv=1,606,411.67911,4.598249,606,457.05515,4.8174162,606,.77212292,.02268777,606,.57456517,.034325365,2194,606,1151,315,1132,1151,760
TIMSS,2023,CHL,4,1,all,2343,451.61826,3.2733567,2343,480.25455,3.134774,2343,.82394451,.012186343,2343,.72606844,.018173281,2343,836,1307,433,1288,1307,900
TIMSS,2023,CHL,4,1,bul_any=1,1307,440.41101,3.4293318,1307,469.93063,3.4099851,1307,.78942811,.01729572,1307,.67510247,.020135129,2343,836,1307,433,1288,1307,900
TIMSS,2023,CHL,4,1,bul_c_all=0,1443,458.29105,4.0587335,1443,486.12601,3.6813133,1443,.85049558,.012100839,1443,.75624883,.020930529,2343,836,1307,433,1288,1307,900
TIMSS,2023,CHL,4,1,bul_c_all=1,900,441.43839,6.0878024,900,471.29721,5.8978186,900,.78343898,.025810754,900,.68002599,.02894677,2343,836,1307,433,1288,1307,900
TIMSS,2023,CHL,4,1,bul_ev_all=0,1036,466.33594,4.3397183,1036,493.81223,3.9436438,1036,.86927253,.013210407,1036,.79299843,.021978816,2343,836,1307,433,1288,1307,900
TIMSS,2023,CHL,4,1,bul_ev_all=1,1307,440.41101,3.4293318,1307,469.93063,3.4099851,1307,.78942811,.01729572,1307,.67510247,.020135129,2343,836,1307,433,1288,1307,900
TIMSS,2023,CHL,4,1,bul_ev_o=0,1910,464.2085,3.4961188,1910,493.22675,3.3342998,1910,.87401009,.011242064,1910,.78472966,.017554788,2343,836,1307,433,1288,1307,900
TIMSS,2023,CHL,4,1,bul_ev_o=1,433,397.89792,4.693327,433,424.90457,4.5020919,433,.61032367,.035047896,433,.47577116,.035568163,2343,836,1307,433,1288,1307,900
TIMSS,2023,CHL,4,1,bul_ev_trad=0,1055,465.88116,4.4346595,1055,493.41968,4.0245109,1055,.86703604,.013388664,1055,.79049838,.022398088,2343,836,1307,433,1288,1307,900
TIMSS,2023,CHL,4,1,bul_ev_trad=1,1288,440.38043,3.3220236,1288,469.88171,3.2728665,1288,.78999251,.01742661,1288,.67530382,.019792506,2343,836,1307,433,1288,1307,900
TIMSS,2023,CHL,4,1,bul_pv=0,1507,465.05606,3.7126055,1507,492.87659,3.5983105,1507,.8688646,.011591723,1507,.78541625,.01825328,2343,836,1307,433,1288,1307,900
TIMSS,2023,CHL,4,1,bul_pv=1,836,428.30524,3.7406652,836,458.35684,3.6465912,836,.74601352,.02339814,836,.62310702,.025348766,2343,836,1307,433,1288,1307,900
TIMSS,2023,CHL,8,0,all,2218,404.71143,3.528451,2218,447.94632,2.9585307,2218,.36853006,.015300343,2218,.19223401,.012941234,2218,973,1430,388,1412,1435,914
TIMSS,2023,CHL,8,0,bul_any=1,1435,399.9021,3.5480874,1435,442.14099,3.3299992,1435,.34015092,.018067792,1435,.16798815,.013340767,2218,973,1430,388,1412,1435,914
TIMSS,2023,CHL,8,0,bul_c_all=0,1304,410.24234,5.0497174,1304,452.78006,4.2118721,1304,.39552417,.022126257,1304,.2183646,.020677852,2218,973,1430,388,1412,1435,914
TIMSS,2023,CHL,8,0,bul_c_all=1,914,397.55878,5.6544175,914,441.69528,5.0760593,914,.33362091,.027469819,914,.15844153,.019558718,2218,973,1430,388,1412,1435,914
TIMSS,2023,CHL,8,0,bul_ev_all=0,788,413.05124,4.8331685,788,458.19785,4.3579521,788,.41741839,.026949864,788,.23425944,.020374516,2218,973,1430,388,1412,1435,914
TIMSS,2023,CHL,8,0,bul_ev_all=1,1430,400.05276,3.5570395,1430,442.21979,3.361444,1430,.3412208,.018255262,1430,.16875839,.013427757,2218,973,1430,388,1412,1435,914
TIMSS,2023,CHL,8,0,bul_ev_o=0,1830,409.59393,3.5240016,1830,453.55252,3.0365973,1830,.3933183,.017457992,1830,.20757145,.014617577,2218,973,1430,388,1412,1435,914
TIMSS,2023,CHL,8,0,bul_ev_o=1,388,381.92181,6.7757277,388,421.7789,6.2202697,388,.25282872,.029251901,388,.12064513,.020509731,2218,973,1430,388,1412,1435,914
TIMSS,2023,CHL,8,0,bul_ev_trad=0,806,413.7782,4.7658482,806,459.00821,4.3835349,806,.424216,.026616834,806,.23681358,.020402838,2218,973,1430,388,1412,1435,914
TIMSS,2023,CHL,8,0,bul_ev_trad=1,1412,399.42538,3.5428305,1412,441.49713,3.3839488,1412,.33606452,.017760806,1412,.16624361,.013146955,2218,973,1430,388,1412,1435,914
TIMSS,2023,CHL,8,0,bul_pv=0,1245,410.97183,3.9229841,1245,453.20807,3.4247472,1245,.39435622,.019906681,1245,.21824528,.017218027,2218,973,1430,388,1412,1435,914
TIMSS,2023,CHL,8,0,bul_pv=1,973,396.547,3.9105902,973,441.08429,3.7493949,973,.33484924,.021981228,973,.15831172,.014400223,2218,973,1430,388,1412,1435,914
TIMSS,2023,CHL,8,1,all,2260,426.85428,3.5998826,2260,462.23392,3.2082276,2260,.44913313,.016336573,2260,.28153244,.01428531,2260,991,1398,436,1380,1408,988
TIMSS,2023,CHL,8,1,bul_any=1,1408,424.99939,4.0542383,1408,461.67661,3.9409118,1408,.44106975,.020296047,1408,.26947424,.019670339,2260,991,1398,436,1380,1408,988
TIMSS,2023,CHL,8,1,bul_c_all=0,1272,429.07999,5.2724676,1272,464.08118,4.630857,1272,.4595463,.025979362,1272,.30089968,.021514986,2260,991,1398,436,1380,1408,988
TIMSS,2023,CHL,8,1,bul_c_all=1,988,424.03735,4.7070808,988,459.89603,4.6359277,988,.43595406,.023695052,988,.25702095,.023248466,2260,991,1398,436,1380,1408,988
TIMSS,2023,CHL,8,1,bul_ev_all=0,862,429.85278,4.4291744,862,463.30182,4.2850838,862,.46292493,.023374673,862,.29959032,.019433349,2260,991,1398,436,1380,1408,988
TIMSS,2023,CHL,8,1,bul_ev_all=1,1398,424.96765,4.1188326,1398,461.56201,4.0032105,1398,.44045559,.020513769,1398,.27017078,.019962089,2260,991,1398,436,1380,1408,988
TIMSS,2023,CHL,8,1,bul_ev_o=0,1824,432.89963,3.8628676,1824,468.52585,3.3329268,1824,.48233932,.018494574,1824,.30391663,.014803697,2260,991,1398,436,1380,1408,988
TIMSS,2023,CHL,8,1,bul_ev_o=1,436,402.15405,4.9706855,436,436.52631,5.2961059,436,.31345868,.028518103,436,.19007477,.027837582,2260,991,1398,436,1380,1408,988
TIMSS,2023,CHL,8,1,bul_ev_trad=0,880,429.50208,4.3696437,880,462.92993,4.2094803,880,.46145475,.022912396,880,.29851744,.01896988,2260,991,1398,436,1380,1408,988
TIMSS,2023,CHL,8,1,bul_ev_trad=1,1380,425.13617,4.1183038,1380,461.78229,3.9976182,1380,.44113797,.020770652,1380,.27051136,.019965906,2260,991,1398,436,1380,1408,988
TIMSS,2023,CHL,8,1,bul_pv=0,1269,431.08206,4.0737371,1269,464.50812,3.7698572,1269,.46338078,.020984612,1269,.30147088,.015391846,2260,991,1398,436,1380,1408,988
TIMSS,2023,CHL,8,1,bul_pv=1,991,421.42383,4.2340498,991,459.31281,4.1770701,991,.43083254,.022609482,991,.25592226,.025118841,2260,991,1398,436,1380,1408,988
TIMSS,2023,CIV,8,0,all,4035,257.81009,8.6986971,4035,174.70288,13.152998,4035,.025663985,.01429893,4035,.011995122,.013728761,4035,2766,3096,963,3024,3138,1961
TIMSS,2023,CIV,8,0,bul_any=1,3138,255.537,7.0277977,3138,169.49211,10.743517,3138,.024791302,.01508374,3138,.011523506,.013630177,4035,2766,3096,963,3024,3138,1961
TIMSS,2023,CIV,8,0,bul_c_all=0,2074,263.05795,14.865589,2074,179.72565,23.040846,2074,.041943084,.02478567,2074,.021104576,.023913905,4035,2766,3096,963,3024,3138,1961
TIMSS,2023,CIV,8,0,bul_c_all=1,1961,251.60234,5.0552726,1961,168.7614,7.8152132,1961,.0064072125,.0037800774,1961,.0012194221,.0011796558,4035,2766,3096,963,3024,3138,1961
TIMSS,2023,CIV,8,0,bul_ev_all=0,939,266.38144,15.162941,939,194.11168,22.762871,939,.032046042,.016735191,939,.016915489,.016770892,4035,2766,3096,963,3024,3138,1961
TIMSS,2023,CIV,8,0,bul_ev_all=1,3096,255.20766,6.7029324,3096,168.80997,10.286901,3096,.023726258,.014154266,3096,.010501196,.012764579,4035,2766,3096,963,3024,3138,1961
TIMSS,2023,CIV,8,0,bul_ev_o=0,3072,267.60559,9.4502535,3072,191.27824,14.157023,3072,.02919941,.016185051,3072,.014799448,.016755005,4035,2766,3096,963,3024,3138,1961
TIMSS,2023,CIV,8,0,bul_ev_o=1,963,226.94386,6.0707631,963,122.4729,9.8556404,963,.014523647,.0082577094,963,.0031585209,.0041355989,4035,2766,3096,963,3024,3138,1961
TIMSS,2023,CIV,8,0,bul_ev_trad=0,1011,264.06235,14.349938,1011,189.62717,21.849787,1011,.029809136,.015698763,1011,.01573474,.015788225,4035,2766,3096,963,3024,3138,1961
TIMSS,2023,CIV,8,0,bul_ev_trad=1,3024,255.72176,6.8375368,3024,169.71796,10.408004,3024,.024279442,.014467016,3024,.010746033,.013048874,4035,2766,3096,963,3024,3138,1961
TIMSS,2023,CIV,8,0,bul_pv=0,1269,264.90005,13.883275,1269,191.03145,21.10198,1269,.032079332,.018801013,1269,.015595505,.020908536,4035,2766,3096,963,3024,3138,1961
TIMSS,2023,CIV,8,0,bul_pv=1,2766,254.60588,6.4120994,2766,167.32343,9.7658033,2766,.022764659,.012526627,2766,.010367978,.01036961,4035,2766,3096,963,3024,3138,1961
TIMSS,2023,CIV,8,1,all,4249,268.30261,3.6983745,4249,191.18893,6.3336248,4249,.014409633,.0041654701,4249,.0027103093,.0017484142,4249,2880,3246,1186,3170,3285,2189
TIMSS,2023,CIV,8,1,bul_any=1,3285,266.88644,3.5404153,3285,188.98981,6.0026612,3285,.01480775,.0046142279,3285,.0026905185,.0017242014,4249,2880,3246,1186,3170,3285,2189
TIMSS,2023,CIV,8,1,bul_c_all=0,2060,268.94791,5.8369966,2060,188.59917,10.589377,2060,.016340747,.0064197928,2060,.0033651332,.0030743117,4249,2880,3246,1186,3170,3285,2189
TIMSS,2023,CIV,8,1,bul_c_all=1,2189,267.63596,4.8300114,2189,193.8643,8.0173111,2189,.012414698,.0049489345,2189,.0020338444,.001568588,4249,2880,3246,1186,3170,3285,2189
TIMSS,2023,CIV,8,1,bul_ev_all=0,1003,273.70987,5.5132995,1003,199.7475,9.2060261,1003,.013791316,.0057249023,1003,.0035469383,.0031615854,4249,2880,3246,1186,3170,3285,2189
TIMSS,2023,CIV,8,1,bul_ev_all=1,3246,266.66339,3.4975767,3246,188.59441,5.9562407,3246,.014597077,.0045307796,3246,.0024566839,.0015915121,4249,2880,3246,1186,3170,3285,2189
TIMSS,2023,CIV,8,1,bul_ev_o=0,3063,278.22681,4.0281658,3063,208.7381,6.9394526,3063,.017266082,.0053185239,3063,.003189835,.0022431575,4249,2880,3246,1186,3170,3285,2189
TIMSS,2023,CIV,8,1,bul_ev_o=1,1186,243.05544,3.5839744,1186,146.54385,6.4831867,1186,.0071428246,.0029432548,1186,.0014903959,.0018280336,4249,2880,3246,1186,3170,3285,2189
TIMSS,2023,CIV,8,1,bul_ev_trad=0,1079,272.41171,5.2192407,1079,198.26817,8.8475046,1079,.013728976,.0055189324,1079,.0032934032,.0029384485,4249,2880,3246,1186,3170,3285,2189
TIMSS,2023,CIV,8,1,bul_ev_trad=1,3170,266.92896,3.5925391,3170,188.82242,6.0698524,3170,.01463717,.0046574366,3170,.0025153866,.0016287945,4249,2880,3246,1186,3170,3285,2189
TIMSS,2023,CIV,8,1,bul_pv=0,1369,270.4552,4.4793453,1369,195.08087,8.2916393,1369,.012200939,.0045281327,1369,.0019471225,.0022754469,4249,2880,3246,1186,3170,3285,2189
TIMSS,2023,CIV,8,1,bul_pv=1,2880,267.29117,3.7356207,2880,189.36024,6.1877999,2880,.015447425,.0048146695,2880,.0030689053,.0019671153,4249,2880,3246,1186,3170,3285,2189
TIMSS,2023,CYP,4,0,all,2383,505.70255,2.5304303,2383,482.98224,3.5134323,2383,.83754563,.012526601,2383,.90528053,.0095353527,2383,797,1218,428,1156,1218,381
TIMSS,2023,CYP,4,0,bul_any=1,1218,496.46613,3.0463581,1218,472.06503,3.9113212,1218,.80228674,.016973943,1218,.88886589,.013579395,2383,797,1218,428,1156,1218,381
TIMSS,2023,CYP,4,0,bul_c_all=0,2002,506.75403,2.9099398,2002,484.69397,3.8609891,2002,.84199369,.013314303,2002,.90566987,.010535195,2383,797,1218,428,1156,1218,381
TIMSS,2023,CYP,4,0,bul_c_all=1,381,500.0546,5.9734931,381,473.78778,7.5636101,381,.81365323,.035770155,381,.90318918,.021639407,2383,797,1218,428,1156,1218,381
TIMSS,2023,CYP,4,0,bul_ev_all=0,1165,515.76495,2.8148818,1165,494.87573,4.1224499,1165,.87595767,.01463707,1165,.92316312,.011647846,2383,797,1218,428,1156,1218,381
TIMSS,2023,CYP,4,0,bul_ev_all=1,1218,496.46613,3.0463581,1218,472.06503,3.9113212,1218,.80228674,.016973943,1218,.88886589,.013579395,2383,797,1218,428,1156,1218,381
TIMSS,2023,CYP,4,0,bul_ev_o=0,1955,512.61603,2.592824,1955,491.96637,3.5547228,1955,.86922508,.012611301,1955,.92069554,.009938607,2383,797,1218,428,1156,1218,381
TIMSS,2023,CYP,4,0,bul_ev_o=1,428,475.50037,4.2931876,428,443.73431,4.7742038,428,.69915164,.028785318,428,.83793896,.022558607,2383,797,1218,428,1156,1218,381
TIMSS,2023,CYP,4,0,bul_ev_trad=0,1227,515.37286,2.7177079,1227,494.17856,3.9948184,1227,.87392324,.014724859,1227,.92244673,.010468976,2383,797,1218,428,1156,1218,381
TIMSS,2023,CYP,4,0,bul_ev_trad=1,1156,495.93802,3.2129354,1156,471.67685,4.0554824,1156,.80081373,.017332314,1156,.88794714,.014570312,2383,797,1218,428,1156,1218,381
TIMSS,2023,CYP,4,0,bul_pv=0,1586,514.45392,2.5669794,1586,493.80255,3.8686748,1586,.87161303,.012861396,1586,.92273849,.010310319,2383,797,1218,428,1156,1218,381
TIMSS,2023,CYP,4,0,bul_pv=1,797,489.14368,3.4879277,797,462.50864,4.3722639,797,.77308524,.02175292,797,.87224752,.018616848,2383,797,1218,428,1156,1218,381
TIMSS,2023,CYP,4,1,all,2446,526.453,3.2160656,2446,490.82095,3.5911033,2446,.83454525,.012255845,2446,.91666269,.0088751316,2446,1001,1455,482,1415,1455,431
TIMSS,2023,CYP,4,1,bul_any=1,1455,515.85126,3.9436762,1455,477.13159,4.027554,1455,.80070996,.015461638,1455,.89780694,.011754263,2446,1001,1455,482,1415,1455,431
TIMSS,2023,CYP,4,1,bul_c_all=0,2015,528.8407,3.1940939,2015,494.46756,3.6902587,2015,.84871227,.011521966,2015,.92276716,.00931207,2446,1001,1455,482,1415,1455,431
TIMSS,2023,CYP,4,1,bul_c_all=1,431,515.76617,10.327853,431,474.49942,11.284998,431,.77113658,.045172002,431,.88934034,.030751383,2446,1001,1455,482,1415,1455,431
TIMSS,2023,CYP,4,1,bul_ev_all=0,991,542.40204,3.5331833,991,511.41498,4.8642187,991,.88544655,.017091608,991,.94502902,.0092399642,2446,1001,1455,482,1415,1455,431
TIMSS,2023,CYP,4,1,bul_ev_all=1,1455,515.85126,3.9436762,1455,477.13159,4.027554,1455,.80070996,.015461638,1455,.89780694,.011754263,2446,1001,1455,482,1415,1455,431
TIMSS,2023,CYP,4,1,bul_ev_o=0,1964,535.53442,3.2392719,1964,503.22763,3.7980039,1964,.87445903,.012937376,1964,.9359048,.009118815,2446,1001,1455,482,1415,1455,431
TIMSS,2023,CYP,4,1,bul_ev_o=1,482,490.61002,5.218667,482,441.85376,5.9435358,482,.67701203,.02776969,482,.84071714,.016979335,2446,1001,1455,482,1415,1455,431
TIMSS,2023,CYP,4,1,bul_ev_trad=0,1031,541.58557,3.4431536,1031,509.42749,4.6355314,1031,.87961406,.016225204,1031,.94224215,.0086067617,2446,1001,1455,482,1415,1455,431
TIMSS,2023,CYP,4,1,bul_ev_trad=1,1415,515.68951,4.024981,1415,477.58652,4.095695,1415,.8024888,.015492863,1415,.89846861,.012167092,2446,1001,1455,482,1415,1455,431
TIMSS,2023,CYP,4,1,bul_pv=0,1445,539.12079,3.4247301,1445,506.0632,4.2866111,1445,.87614322,.013494736,1445,.94110256,.0088150091,2446,1001,1455,482,1415,1455,431
TIMSS,2023,CYP,4,1,bul_pv=1,1001,508.33789,4.2038693,1001,469.02438,4.3527627,1001,.77505982,.018176747,1001,.88171345,.014320606,2446,1001,1455,482,1415,1455,431
TIMSS,2023,CYP,8,0,all,2082,491.17038,3.1102312,2082,470.64209,3.5715759,2082,.49033135,.015579749,2082,.58955961,.012708453,2082,578,1088,414,1056,1090,724
TIMSS,2023,CYP,8,0,bul_any=1,1090,482.87634,3.5427885,1090,463.72192,3.7573018,1090,.45295268,.020418175,1090,.54819435,.017291239,2082,578,1088,414,1056,1090,724
TIMSS,2023,CYP,8,0,bul_c_all=0,1358,497.2807,4.4441838,1358,476.15015,4.8931847,1358,.50998437,.022460969,1358,.61974382,.017623827,2082,578,1088,414,1056,1090,724
TIMSS,2023,CYP,8,0,bul_c_all=1,724,480.1478,4.5226674,724,460.70593,5.2111344,724,.45487869,.024570534,724,.5351094,.021406418,2082,578,1088,414,1056,1090,724
TIMSS,2023,CYP,8,0,bul_ev_all=0,994,500.19388,3.6882999,994,478.21149,4.7652831,994,.53121251,.020660283,994,.63461274,.018480312,2082,578,1088,414,1056,1090,724
TIMSS,2023,CYP,8,0,bul_ev_all=1,1088,482.78238,3.5419695,1088,463.6058,3.7453294,1088,.4523294,.020416541,1088,.5476796,.017286276,2082,578,1088,414,1056,1090,724
TIMSS,2023,CYP,8,0,bul_ev_o=0,1668,496.86313,3.1746273,1668,476.92395,3.979341,1668,.51887584,.017752489,1668,.61438811,.014062602,2082,578,1088,414,1056,1090,724
TIMSS,2023,CYP,8,0,bul_ev_o=1,414,467.62024,5.448772,414,444.65485,5.197422,414,.37224662,.027724961,414,.48684758,.029128727,2082,578,1088,414,1056,1090,724
TIMSS,2023,CYP,8,0,bul_ev_trad=0,1026,500.81992,3.6765516,1026,478.30252,4.6696196,1026,.53176689,.019635342,1026,.63848925,.018027971,2082,578,1088,414,1056,1090,724
TIMSS,2023,CYP,8,0,bul_ev_trad=1,1056,481.633,3.5549867,1056,463.07068,3.7453709,1056,.44937742,.021282561,1056,.54119873,.018031383,2082,578,1088,414,1056,1090,724
TIMSS,2023,CYP,8,0,bul_pv=0,1504,496.97147,3.438817,1504,475.95914,4.341527,1504,.51590103,.02042065,1504,.62102544,.016629752,2082,578,1088,414,1056,1090,724
TIMSS,2023,CYP,8,0,bul_pv=1,578,475.62973,4.7457991,578,456.3981,5.1530704,578,.42183232,.030009249,578,.50526541,.023208017,2082,578,1088,414,1056,1090,724
TIMSS,2023,CYP,8,1,all,2118,496.3349,3.0150771,2118,457.99545,3.6279614,2118,.43367597,.018683773,2118,.59601671,.016498679,2118,689,1093,458,1057,1105,673
TIMSS,2023,CYP,8,1,bul_any=1,1105,494.09949,3.4882941,1105,456.21555,3.913033,1105,.42843664,.021981226,1105,.5851863,.021815658,2118,689,1093,458,1057,1105,673
TIMSS,2023,CYP,8,1,bul_c_all=0,1445,502.7937,3.5854375,1445,462.72153,4.1591048,1445,.45286158,.023997536,1445,.62281185,.017292228,2118,689,1093,458,1057,1105,673
TIMSS,2023,CYP,8,1,bul_c_all=1,673,483.35196,7.0484376,673,448.49551,7.8500566,673,.39511073,.03666256,673,.54215544,.039949939,2118,689,1093,458,1057,1105,673
TIMSS,2023,CYP,8,1,bul_ev_all=0,1025,499.63931,3.6696739,1025,460.50571,4.5970554,1025,.44267982,.021008955,1025,.61177319,.017543443,2118,689,1093,458,1057,1105,673
TIMSS,2023,CYP,8,1,bul_ev_all=1,1093,493.17984,3.3244424,1093,455.59866,3.7823544,1093,.42507905,.022025729,1093,.58097237,.021903213,2118,689,1093,458,1057,1105,673
TIMSS,2023,CYP,8,1,bul_ev_o=0,1660,501.95355,3.3422925,1660,464.35107,4.1735435,1660,.46167308,.020697867,1660,.62217587,.016214222,2118,689,1093,458,1057,1105,673
TIMSS,2023,CYP,8,1,bul_ev_o=1,458,475.4469,4.8351364,458,434.36768,5.3562508,458,.32959336,.031281125,458,.49876705,.035256915,2118,689,1093,458,1057,1105,673
TIMSS,2023,CYP,8,1,bul_ev_trad=0,1061,499.30579,3.6612651,1061,460.4567,4.3911452,1061,.44245085,.020236839,1061,.61103594,.017251424,2118,689,1093,458,1057,1105,673
TIMSS,2023,CYP,8,1,bul_ev_trad=1,1057,493.30026,3.4228089,1057,455.48141,3.9877107,1057,.42471287,.022327898,1057,.58067536,.022736048,2118,689,1093,458,1057,1105,673
TIMSS,2023,CYP,8,1,bul_pv=0,1429,500.60229,3.3739986,1429,462.48083,4.0774832,1429,.45297295,.021818072,1429,.614209,.016732059,2118,689,1093,458,1057,1105,673
TIMSS,2023,CYP,8,1,bul_pv=1,689,487.32153,3.7405767,689,448.52161,4.5142336,689,.39291778,.024418203,689,.55759186,.0250983,2118,689,1093,458,1057,1105,673
TIMSS,2023,CZE,4,0,all,3334,522.71332,2.2083545,3334,522.69434,2.3991804,3334,.95398486,.004713946,3334,.95015854,.0049878838,3334,1097,1812,518,1763,1812,457
TIMSS,2023,CZE,4,0,bul_any=1,1812,511.94894,2.4362249,1812,513.12274,2.683085,1812,.93941456,.0084070889,1812,.935278,.0076067364,3334,1097,1812,518,1763,1812,457
TIMSS,2023,CZE,4,0,bul_c_all=0,2877,522.52917,2.6176102,2877,522.45825,2.7109213,2877,.95566833,.0056013837,2877,.9521389,.0055470476,3334,1097,1812,518,1763,1812,457
TIMSS,2023,CZE,4,0,bul_c_all=1,457,523.88385,7.3413134,457,524.19513,7.7237425,457,.94328088,.013316396,457,.9375667,.015402005,3334,1097,1812,518,1763,1812,457
TIMSS,2023,CZE,4,0,bul_ev_all=0,1522,535.01367,2.7845738,1522,533.63165,2.8719873,1522,.97063428,.0049554976,1522,.96716243,.0055277967,3334,1097,1812,518,1763,1812,457
TIMSS,2023,CZE,4,0,bul_ev_all=1,1812,511.94894,2.4362249,1812,513.12274,2.683085,1812,.93941456,.0084070889,1812,.935278,.0076067364,3334,1097,1812,518,1763,1812,457
TIMSS,2023,CZE,4,0,bul_ev_o=0,2816,528.16016,2.2633932,2816,528.47241,2.5244029,2816,.96398854,.0043257438,2816,.96187192,.0046674358,3334,1097,1812,518,1763,1812,457
TIMSS,2023,CZE,4,0,bul_ev_o=1,518,492.48883,4.247993,518,490.63165,3.7936785,518,.89847457,.020659423,518,.88516116,.020478459,3334,1097,1812,518,1763,1812,457
TIMSS,2023,CZE,4,0,bul_ev_trad=0,1571,534.54999,2.7309787,1571,533.09448,2.8044543,1571,.97067004,.0047227745,1571,.96708775,.0053787478,3334,1097,1812,518,1763,1812,457
TIMSS,2023,CZE,4,0,bul_ev_trad=1,1763,511.81229,2.4799898,1763,513.11627,2.7771657,1763,.93861866,.0086020306,1763,.93456757,.0077609322,3334,1097,1812,518,1763,1812,457
TIMSS,2023,CZE,4,0,bul_pv=0,2237,529.61926,2.5558372,2237,529.04388,2.73107,2237,.96398276,.0047965809,2237,.95988077,.0050661857,3334,1097,1812,518,1763,1812,457
TIMSS,2023,CZE,4,0,bul_pv=1,1097,507.98428,3.3989236,1097,509.15195,3.1932857,1097,.93266135,.011393609,1097,.92942291,.010589563,3334,1097,1812,518,1763,1812,457
TIMSS,2023,CZE,4,1,all,3488,537.94067,2.8749092,3488,528.90344,3.1567566,3488,.95511454,.0064458065,3488,.9587819,.0061069438,3488,1317,2062,579,1997,2062,487
TIMSS,2023,CZE,4,1,bul_any=1,2062,531.39691,3.279072,2062,521.22247,3.5819502,2062,.94538206,.008323092,2062,.95309508,.0082940152,3488,1317,2062,579,1997,2062,487
TIMSS,2023,CZE,4,1,bul_c_all=0,3001,539.05731,3.0776417,3001,530.19324,3.2403445,3001,.9585306,.0065024495,3001,.96045125,.0062784813,3488,1317,2062,579,1997,2062,487
TIMSS,2023,CZE,4,1,bul_c_all=1,487,531.01929,7.8192091,487,520.90833,8.4193602,487,.93393946,.025142848,487,.94843453,.021478418,3488,1317,2062,579,1997,2062,487
TIMSS,2023,CZE,4,1,bul_ev_all=0,1426,547.02661,3.6357462,1426,539.56836,3.7331901,1426,.96862793,.0062068598,1426,.96667802,.0064331857,3488,1317,2062,579,1997,2062,487
TIMSS,2023,CZE,4,1,bul_ev_all=1,2062,531.39691,3.279072,2062,521.22247,3.5819502,2062,.94538206,.008323092,2062,.95309508,.0082940152,3488,1317,2062,579,1997,2062,487
TIMSS,2023,CZE,4,1,bul_ev_o=0,2909,543.60345,2.7563624,2909,535.70209,3.062304,2909,.96788055,.0058158189,2909,.96601111,.0052601905,3488,1317,2062,579,1997,2062,487
TIMSS,2023,CZE,4,1,bul_ev_o=1,579,508.4704,4.3005829,579,493.52176,4.2280169,579,.8886773,.016193205,579,.92115963,.017110677,3488,1317,2062,579,1997,2062,487
TIMSS,2023,CZE,4,1,bul_ev_trad=0,1491,545.89008,3.6608016,1491,538.03436,3.6150317,1491,.96736765,.0066090166,1491,.96588385,.0065768538,3488,1317,2062,579,1997,2062,487
TIMSS,2023,CZE,4,1,bul_ev_trad=1,1997,531.71887,3.2544694,1997,521.75684,3.6305079,1997,.94552428,.0084884521,1997,.95322341,.0084892614,3488,1317,2062,579,1997,2062,487
TIMSS,2023,CZE,4,1,bul_pv=0,2171,544.63055,3.0802245,2171,536.35126,3.4430926,2171,.96849436,.0055329716,2171,.96607369,.0056290012,3488,1317,2062,579,1997,2062,487
TIMSS,2023,CZE,4,1,bul_pv=1,1317,526.34979,3.7518592,1317,515.99933,3.8004267,1317,.93193251,.010376678,1317,.94614816,.010191043,3488,1317,2062,579,1997,2062,487
TIMSS,2023,CZE,8,0,all,3977,508.19583,2.5389783,3977,521.03864,2.4257994,3977,.72992313,.014642213,3977,.6571129,.014602608,3977,959,2170,732,2100,2187,657
TIMSS,2023,CZE,8,0,bul_any=1,2187,496.33267,3.0468829,2187,509.99167,2.9254067,2187,.68264478,.020900015,2187,.59988719,.019791655,3977,959,2170,732,2100,2187,657
TIMSS,2023,CZE,8,0,bul_c_all=0,3320,511.33557,2.7847893,3320,523.92938,2.7213755,3320,.74407029,.015374168,3320,.67267865,.015490917,3977,959,2170,732,2100,2187,657
TIMSS,2023,CZE,8,0,bul_c_all=1,657,493.30518,7.442668,657,507.32883,6.3117514,657,.66282821,.034465317,657,.5832904,.04052081,3977,959,2170,732,2100,2187,657
TIMSS,2023,CZE,8,0,bul_ev_all=0,1807,523.5108,2.8394086,1807,535.36017,2.7288454,1807,.7916472,.016141195,1807,.73090768,.017550074,3977,959,2170,732,2100,2187,657
TIMSS,2023,CZE,8,0,bul_ev_all=1,2170,496.0661,3.0830886,2170,509.69571,2.9508326,2170,.68103647,.02089593,2170,.59866601,.019863542,3977,959,2170,732,2100,2187,657
TIMSS,2023,CZE,8,0,bul_ev_o=0,3245,512.82935,2.5713003,3245,525.24957,2.4861324,3245,.74743372,.014037259,3245,.68187851,.014550978,3977,959,2170,732,2100,2187,657
TIMSS,2023,CZE,8,0,bul_ev_o=1,732,487.30643,4.2616682,732,502.05417,4.0385399,732,.6509788,.034517858,732,.54546052,.027592929,3977,959,2170,732,2100,2187,657
TIMSS,2023,CZE,8,0,bul_ev_trad=0,1877,523.98065,2.7479651,1877,535.64276,2.6753926,1877,.79374838,.01601192,1877,.73238599,.017205147,3977,959,2170,732,2100,2187,657
TIMSS,2023,CZE,8,0,bul_ev_trad=1,2100,494.75317,3.0972915,2100,508.60144,2.9166014,2100,.67556828,.021072848,2100,.59300894,.019899553,3977,959,2170,732,2100,2187,657
TIMSS,2023,CZE,8,0,bul_pv=0,3018,513.84741,2.5433431,3018,525.70422,2.4615557,3018,.75355667,.014209453,3018,.68836188,.014978226,3977,959,2170,732,2100,2187,657
TIMSS,2023,CZE,8,0,bul_pv=1,959,490.69333,3.6487207,959,506.58951,3.7943125,959,.65673149,.031366996,959,.56033671,.025278129,3977,959,2170,732,2100,2187,657
TIMSS,2023,CZE,8,1,all,4133,527.54553,2.5804524,4133,532.88318,2.1406057,4133,.77064043,.01099968,4133,.73309082,.014241239,4133,1291,2156,620,2054,2181,696
TIMSS,2023,CZE,8,1,bul_any=1,2181,517.77502,2.9559715,2181,523.67438,2.4660025,2181,.72658098,.012477358,2181,.69466513,.016871534,4133,1291,2156,620,2054,2181,696
TIMSS,2023,CZE,8,1,bul_c_all=0,3437,531.63,2.8922384,3437,536.0611,2.3922303,3437,.78465503,.011125075,3437,.74978179,.01389437,4133,1291,2156,620,2054,2181,696
TIMSS,2023,CZE,8,1,bul_c_all=1,696,508.74106,7.3105416,696,518.25244,5.9382806,696,.70611888,.027701065,696,.65624756,.038344026,4133,1291,2156,620,2054,2181,696
TIMSS,2023,CZE,8,1,bul_ev_all=0,1977,538.90912,3.0109859,1977,543.56549,2.5716183,1977,.82165909,.014023801,1977,.77758688,.015102048,4133,1291,2156,620,2054,2181,696
TIMSS,2023,CZE,8,1,bul_ev_all=1,2156,517.5376,2.964766,2156,523.47522,2.499943,2156,.72570795,.0128494,2156,.69390285,.016984949,4133,1291,2156,620,2054,2181,696
TIMSS,2023,CZE,8,1,bul_ev_o=0,3513,531.70459,2.6733704,3513,537.10229,2.345721,3513,.79039192,.011890703,3513,.75041264,.014480109,4133,1291,2156,620,2054,2181,696
TIMSS,2023,CZE,8,1,bul_ev_o=1,620,504.28336,4.6415782,620,509.28476,4.4873185,620,.6601668,.025708646,620,.63620657,.026156956,4133,1291,2156,620,2054,2181,696
TIMSS,2023,CZE,8,1,bul_ev_trad=0,2079,538.74432,3.039825,2079,543.29175,2.6190786,2079,.81926543,.01431773,2079,.77765644,.014881897,4133,1291,2156,620,2054,2181,696
TIMSS,2023,CZE,8,1,bul_ev_trad=1,2054,516.62201,3.0339718,2054,522.73035,2.5164056,2054,.72321033,.012745727,2054,.68962032,.017082008,4133,1291,2156,620,2054,2181,696
TIMSS,2023,CZE,8,1,bul_pv=0,2842,533.88715,2.7484293,2842,539.09204,2.4040239,2842,.79741621,.012693263,2842,.76125461,.013616612,4133,1291,2156,620,2054,2181,696
TIMSS,2023,CZE,8,1,bul_pv=1,1291,514.36908,3.5318077,1291,519.98248,2.784991,1291,.71500641,.015703669,1291,.67457283,.023282321,4133,1291,2156,620,2054,2181,696
TIMSS,2023,DEU,4,0,all,2183,516.8728,2.5607762,2183,516.2616,3.1259542,2183,.91500282,.0085755968,2183,.93871909,.0090229707,2183,714,1174,270,1157,1174,1027
TIMSS,2023,DEU,4,0,bul_any=1,1174,505.12537,3.0335431,1174,503.71704,4.0374408,1174,.89487356,.012776706,1174,.92179173,.015003084,2183,714,1174,270,1157,1174,1027
TIMSS,2023,DEU,4,0,bul_c_all=0,1156,522.82178,3.4502306,1156,521.25507,4.0820413,1156,.93310094,.0095217535,1156,.95151687,.010629951,2183,714,1174,270,1157,1174,1027
TIMSS,2023,DEU,4,0,bul_c_all=1,1027,509.75668,3.959245,1027,510.28827,4.8394427,1027,.8933537,.01469172,1027,.9234103,.014272817,2183,714,1174,270,1157,1174,1027
TIMSS,2023,DEU,4,0,bul_ev_all=0,1009,530.51044,3.1779351,1009,530.82446,3.5668602,1009,.93837094,.0096715558,1009,.95837015,.0071891691,2183,714,1174,270,1157,1174,1027
TIMSS,2023,DEU,4,0,bul_ev_all=1,1174,505.12537,3.0335431,1174,503.71704,4.0374408,1174,.89487356,.012776706,1174,.92179173,.015003084,2183,714,1174,270,1157,1174,1027
TIMSS,2023,DEU,4,0,bul_ev_o=0,1913,524.14728,2.4469624,1913,524.83667,2.868705,1913,.9374941,.0078383852,1913,.95345902,.0076601198,2183,714,1174,270,1157,1174,1027
TIMSS,2023,DEU,4,0,bul_ev_o=1,270,463.99768,5.2837167,270,453.9324,6.6697035,270,.7515223,.036509477,270,.8315804,.039144944,2183,714,1174,270,1157,1174,1027
TIMSS,2023,DEU,4,0,bul_ev_trad=0,1026,530.17426,3.110312,1026,530.2782,3.5715702,1026,.93777806,.010152834,1026,.95910037,.0070578512,2183,714,1174,270,1157,1174,1027
TIMSS,2023,DEU,4,0,bul_ev_trad=1,1157,505.02823,3.0788674,1157,503.78006,4.1588788,1157,.89472198,.013137046,1157,.92057008,.015239841,2183,714,1174,270,1157,1174,1027
TIMSS,2023,DEU,4,0,bul_pv=0,1469,526.79852,2.5982516,1469,527.4115,3.2235024,1469,.94042277,.0083823446,1469,.95764661,.0066945706,2183,714,1174,270,1157,1174,1027
TIMSS,2023,DEU,4,0,bul_pv=1,714,496.26443,4.0626159,714,493.11133,4.5150776,714,.8622241,.015401049,714,.89942056,.020903878,2183,714,1174,270,1157,1174,1027
TIMSS,2023,DEU,4,1,all,2259,530.4118,2.563272,2259,514.72522,3.3461702,2259,.90203011,.0090607982,2259,.94501001,.0065572411,2259,1044,1490,364,1475,1490,1138
TIMSS,2023,DEU,4,1,bul_any=1,1490,525.15125,3.0131023,1490,508.14566,3.626456,1490,.88606715,.011389291,1490,.93464357,.0093406076,2259,1044,1490,364,1475,1490,1138
TIMSS,2023,DEU,4,1,bul_c_all=0,1121,540.74036,3.2601395,1121,525.5022,4.3585224,1121,.92897582,.013795954,1121,.9650951,.0072522797,2259,1044,1490,364,1475,1490,1138
TIMSS,2023,DEU,4,1,bul_c_all=1,1138,519.8913,4.1913581,1138,503.74786,4.9225736,1138,.8745836,.013638189,1138,.92455161,.013155311,2259,1044,1490,364,1475,1490,1138
TIMSS,2023,DEU,4,1,bul_ev_all=0,769,540.68878,3.382112,769,527.5788,4.3563442,769,.93321502,.01141196,769,.9652617,.0084888134,2259,1044,1490,364,1475,1490,1138
TIMSS,2023,DEU,4,1,bul_ev_all=1,1490,525.15125,3.0131023,1490,508.14566,3.626456,1490,.88606715,.011389291,1490,.93464357,.0093406076,2259,1044,1490,364,1475,1490,1138
TIMSS,2023,DEU,4,1,bul_ev_o=0,1895,540.375,2.4470286,1895,528.48822,3.1165798,1895,.94142264,.0078122434,1895,.96539789,.005970235,2259,1044,1490,364,1475,1490,1138
TIMSS,2023,DEU,4,1,bul_ev_o=1,364,478.91,6.3729568,364,443.58121,7.0245838,364,.69840229,.029608337,364,.83962089,.024757523,2259,1044,1490,364,1475,1490,1138
TIMSS,2023,DEU,4,1,bul_ev_trad=0,784,540.30646,3.3872077,784,526.85236,4.4151454,784,.93060315,.012190947,784,.96572059,.0081565306,2259,1044,1490,364,1475,1490,1138
TIMSS,2023,DEU,4,1,bul_ev_trad=1,1475,525.19855,3.021239,1475,508.33566,3.6063423,1475,.88697565,.011068545,1475,.93409806,.0094332527,2259,1044,1490,364,1475,1490,1138
TIMSS,2023,DEU,4,1,bul_pv=0,1215,538.8725,2.7596819,1215,525.15448,3.5442331,1215,.93045467,.010038664,1215,.96210384,.0072050602,2259,1044,1490,364,1475,1490,1138
TIMSS,2023,DEU,4,1,bul_pv=1,1044,520.4837,3.6506109,1044,502.487,4.2723866,1044,.86867553,.013124418,1044,.92495137,.011139917,2259,1044,1490,364,1475,1490,1138
TIMSS,2023,DNK,4,0,all,2614,516.12762,2.4436145,2614,522.74677,2.9873607,2614,.94338071,.0069261026,2614,.94875616,.0074677016,2614,848,1450,425,1372,1450,755
TIMSS,2023,DNK,4,0,bul_any=1,1450,506.60291,2.6556768,1450,512.52039,3.514919,1450,.92915475,.0099476902,1450,.93790549,.01100109,2614,848,1450,425,1372,1450,755
TIMSS,2023,DNK,4,0,bul_c_all=0,1859,518.57135,3.0478525,1859,525.36597,3.5430174,1859,.94865352,.0079567386,1859,.95475227,.0083501693,2614,848,1450,425,1372,1450,755
TIMSS,2023,DNK,4,0,bul_c_all=1,755,510.14902,4.5822434,755,516.33881,5.7632756,755,.93048072,.015318945,755,.9340865,.012615726,2614,848,1450,425,1372,1450,755
TIMSS,2023,DNK,4,0,bul_ev_all=0,1164,528.09125,3.351954,1164,535.59167,3.7172453,1164,.96124935,.0074771978,1164,.96238518,.0075310012,2614,848,1450,425,1372,1450,755
TIMSS,2023,DNK,4,0,bul_ev_all=1,1450,506.60291,2.6556768,1450,512.52039,3.514919,1450,.92915475,.0099476902,1450,.93790549,.01100109,2614,848,1450,425,1372,1450,755
TIMSS,2023,DNK,4,0,bul_ev_o=0,2189,523.26147,2.4500902,2189,529.18414,3.0730476,2189,.95554262,.0068363966,2189,.96400839,.0063330629,2614,848,1450,425,1372,1450,755
TIMSS,2023,DNK,4,0,bul_ev_o=1,425,480.63623,4.5975347,425,490.72031,4.1433029,425,.88287425,.02260437,425,.87287468,.022701677,2614,848,1450,425,1372,1450,755
TIMSS,2023,DNK,4,0,bul_ev_trad=0,1242,527.73792,3.24244,1242,535.21112,3.6362441,1242,.96081364,.0073287408,1242,.96275985,.0074980352,2614,848,1450,425,1372,1450,755
TIMSS,2023,DNK,4,0,bul_ev_trad=1,1372,505.67062,2.688623,1372,511.52057,3.404779,1372,.92767948,.010025626,1372,.93614346,.011630724,2614,848,1450,425,1372,1450,755
TIMSS,2023,DNK,4,0,bul_pv=0,1766,522.52753,2.5414746,1766,529.52716,3.0998611,1766,.95775515,.0069998722,1766,.96305627,.0066002184,2614,848,1450,425,1372,1450,755
TIMSS,2023,DNK,4,0,bul_pv=1,848,503.34546,3.4901989,848,509.20462,4.3577175,848,.91467136,.011592422,848,.92019522,.013717899,2614,848,1450,425,1372,1450,755
TIMSS,2023,DNK,4,1,all,2552,531.53278,2.5910254,2552,521.46051,2.9462347,2552,.93071723,.0078125922,2552,.95804584,.0048776544,2552,979,1421,301,1382,1421,716
TIMSS,2023,DNK,4,1,bul_any=1,1421,526.21863,2.9207656,1421,516.52747,3.242409,1421,.92179841,.009731059,1421,.94978511,.0081149377,2552,979,1421,301,1382,1421,716
TIMSS,2023,DNK,4,1,bul_c_all=0,1836,536.22675,3.167932,1836,526.85535,3.5353701,1836,.94225585,.0082092071,1836,.9663837,.0064972015,2552,979,1421,301,1382,1421,716
TIMSS,2023,DNK,4,1,bul_c_all=1,716,519.69336,3.9566112,716,507.85355,3.5527251,716,.90161419,.015617835,716,.93701595,.013177146,2552,979,1421,301,1382,1421,716
TIMSS,2023,DNK,4,1,bul_ev_all=0,1131,538.16974,3.5627055,1131,527.6217,3.5891547,1131,.94185632,.010190341,1131,.96836311,.0081094941,2552,979,1421,301,1382,1421,716
TIMSS,2023,DNK,4,1,bul_ev_all=1,1421,526.21863,2.9207656,1421,516.52747,3.242409,1421,.92179841,.009731059,1421,.94978511,.0081149377,2552,979,1421,301,1382,1421,716
TIMSS,2023,DNK,4,1,bul_ev_o=0,2251,537.06342,2.5342078,2251,527.06525,3.0019855,2251,.94275951,.0076797223,2251,.96765751,.0050257337,2552,979,1421,301,1382,1421,716
TIMSS,2023,DNK,4,1,bul_ev_o=1,301,491.5249,5.5388813,301,480.91696,6.528996,301,.84360516,.028246153,301,.88851678,.02124076,2552,979,1421,301,1382,1421,716
TIMSS,2023,DNK,4,1,bul_ev_trad=0,1170,538.11371,3.4697816,1170,527.50897,3.5996945,1170,.94141281,.0093906773,1170,.96785873,.007957845,2552,979,1421,301,1382,1421,716
TIMSS,2023,DNK,4,1,bul_ev_trad=1,1382,525.95776,2.9693105,1382,516.33667,3.3105781,1382,.92165655,.01009542,1382,.94973302,.0083298339,2552,979,1421,301,1382,1421,716
TIMSS,2023,DNK,4,1,bul_pv=0,1573,535.97198,2.9131012,1573,526.31909,3.3326688,1573,.94026673,.0087088989,1573,.96682304,.0069261692,2552,979,1421,301,1382,1421,716
TIMSS,2023,DNK,4,1,bul_pv=1,979,524.3324,3.5981352,979,513.58002,3.8519595,979,.91522801,.013134827,979,.94380939,.011065374,2552,979,1421,301,1382,1421,716
TIMSS,2023,ESP,4,0,all,5047,489.39288,2.1998811,5047,502.80615,2.044508,5047,.92735869,.007053318,5047,.88882554,.010573145,5047,1648,2683,527,2563,2683,820
TIMSS,2023,ESP,4,0,bul_any=1,2683,480.82376,2.5262768,2683,494.16696,2.6021802,2683,.90762615,.010252883,2683,.8668263,.012441277,5047,1648,2683,527,2563,2683,820
TIMSS,2023,ESP,4,0,bul_c_all=0,4227,491.66959,2.2983079,4227,505.02652,2.1093712,4227,.93244642,.0065331645,4227,.89371616,.011648346,5047,1648,2683,527,2563,2683,820
TIMSS,2023,ESP,4,0,bul_c_all=1,820,478.8139,6.0049443,820,492.48886,5.3401313,820,.90371805,.023428541,820,.86610073,.023586513,5047,1648,2683,527,2563,2683,820
TIMSS,2023,ESP,4,0,bul_ev_all=0,2364,499.55515,2.5246499,2364,513.05145,2.3817313,2364,.95075989,.0089210523,2364,.91491479,.012582173,5047,1648,2683,527,2563,2683,820
TIMSS,2023,ESP,4,0,bul_ev_all=1,2683,480.82376,2.5262768,2683,494.16696,2.6021802,2683,.90762615,.010252883,2683,.8668263,.012441277,5047,1648,2683,527,2563,2683,820
TIMSS,2023,ESP,4,0,bul_ev_o=0,4520,494.9715,2.1396766,4520,508.98273,1.9875761,4520,.94866586,.0065596062,4520,.91038465,.0098612262,5047,1648,2683,527,2563,2683,820
TIMSS,2023,ESP,4,0,bul_ev_o=1,527,444.52368,4.584774,527,453.12738,4.9526768,527,.75598353,.031595472,527,.71542394,.029510777,5047,1648,2683,527,2563,2683,820
TIMSS,2023,ESP,4,0,bul_ev_trad=0,2484,497.33643,2.7129688,2484,510.87207,2.564158,2484,.94382644,.0089895269,2484,.90948457,.012512157,5047,1648,2683,527,2563,2683,820
TIMSS,2023,ESP,4,0,bul_ev_trad=1,2563,481.93488,2.570405,2563,495.23322,2.6800621,2563,.91189748,.0091673722,2563,.86942923,.01292993,5047,1648,2683,527,2563,2683,820
TIMSS,2023,ESP,4,0,bul_pv=0,3399,496.64243,2.4667947,3399,510.08032,2.2073562,3399,.94344461,.0087498259,3399,.90738177,.010796405,5047,1648,2683,527,2563,2683,820
TIMSS,2023,ESP,4,0,bul_pv=1,1648,475.0918,2.9380121,1648,488.45642,3.2995276,1648,.89562613,.012950989,1648,.85221982,.016955651,5047,1648,2683,527,2563,2683,820
TIMSS,2023,ESP,4,1,all,5169,507.06519,2.5700269,5169,505.2468,2.645282,5169,.91542482,.0093173292,5169,.91558295,.0076496755,5169,2131,3193,775,3084,3193,859
TIMSS,2023,ESP,4,1,bul_any=1,3193,502.03311,3.1548424,3193,499.09134,3.2013817,3193,.89719999,.01221676,3193,.90023816,.010940033,5169,2131,3193,775,3084,3193,859
TIMSS,2023,ESP,4,1,bul_c_all=0,4310,510.51056,2.6985128,4310,508.95346,2.8010325,4310,.92398632,.010178659,4310,.92262918,.0078304773,5169,2131,3193,775,3084,3193,859
TIMSS,2023,ESP,4,1,bul_c_all=1,859,492.13196,6.0137196,859,489.18097,5.9461842,859,.87831682,.019457124,859,.88504267,.019991176,5169,2131,3193,775,3084,3193,859
TIMSS,2023,ESP,4,1,bul_ev_all=0,1976,515.30634,3.2059953,1976,515.32776,2.9895618,1976,.94527227,.010785707,1976,.94071358,.0099653173,5169,2131,3193,775,3084,3193,859
TIMSS,2023,ESP,4,1,bul_ev_all=1,3193,502.03311,3.1548424,3193,499.09134,3.2013817,3193,.89719999,.01221676,3193,.90023816,.010940033,5169,2131,3193,775,3084,3193,859
TIMSS,2023,ESP,4,1,bul_ev_o=0,4394,515.43463,2.6081579,4394,514.45044,2.4757388,4394,.94123697,.0081385616,4394,.93580765,.0076270034,5169,2131,3193,775,3084,3193,859
TIMSS,2023,ESP,4,1,bul_ev_o=1,775,460.1806,4.0533214,775,453.68875,5.0603371,775,.77082813,.028556434,775,.80228668,.026957769,5169,2131,3193,775,3084,3193,859
TIMSS,2023,ESP,4,1,bul_ev_trad=0,2085,513.9021,3.1313996,2085,513.84357,2.8987408,2085,.94287044,.011382991,2085,.93584859,.0088983141,5169,2131,3193,775,3084,3193,859
TIMSS,2023,ESP,4,1,bul_ev_trad=1,3084,502.46286,3.1982706,3084,499.45978,3.291877,3084,.89694959,.012446349,3084,.90194094,.010563689,5169,2131,3193,775,3084,3193,859
TIMSS,2023,ESP,4,1,bul_pv=0,3038,513.27808,2.6917107,3038,512.30127,3.0396848,3038,.93500692,.0093921162,3038,.932688,.0075274557,5169,2131,3193,775,3084,3193,859
TIMSS,2023,ESP,4,1,bul_pv=1,2131,498.25189,3.3894308,2131,495.23962,3.1503937,2131,.88764668,.013649342,2131,.89131856,.01334672,5169,2131,3193,775,3084,3193,859
TIMSS,2023,FIN,4,0,all,2875,526.21912,2.8815887,2875,547.38135,2.9360535,2875,.95898652,.0067397757,2875,.94353455,.0070923208,2875,459,1007,311,976,1007,575
TIMSS,2023,FIN,4,0,bul_any=1,1007,511.87216,3.7594643,1007,532.35101,4.1384192,1007,.93142402,.012013629,1007,.91493541,.013571582,2875,459,1007,311,976,1007,575
TIMSS,2023,FIN,4,0,bul_c_all=0,2300,526.5072,3.2972858,2300,547.93585,3.3177385,2300,.95995063,.0076590674,2300,.94029105,.0084742615,2875,459,1007,311,976,1007,575
TIMSS,2023,FIN,4,0,bul_c_all=1,575,525.18066,5.7363186,575,545.38312,6.1741505,575,.95551187,.012601527,575,.95522386,.012608374,2875,459,1007,311,976,1007,575
TIMSS,2023,FIN,4,0,bul_ev_all=0,1868,533.85181,3.0801196,1868,555.37762,2.9270527,1868,.97365004,.0056420225,1868,.95874953,.0064347335,2875,459,1007,311,976,1007,575
TIMSS,2023,FIN,4,0,bul_ev_all=1,1007,511.87216,3.7594643,1007,532.35101,4.1384192,1007,.93142402,.012013629,1007,.91493541,.013571582,2875,459,1007,311,976,1007,575
TIMSS,2023,FIN,4,0,bul_ev_o=0,2564,530.17188,2.8737731,2564,550.9458,2.9965131,2564,.96479958,.0063266442,2564,.95014483,.0066011632,2875,459,1007,311,976,1007,575
TIMSS,2023,FIN,4,0,bul_ev_o=1,311,494.16595,5.3438034,311,518.47723,5.0971947,311,.91184843,.019173604,311,.8899312,.023704486,2875,459,1007,311,976,1007,575
TIMSS,2023,FIN,4,0,bul_ev_trad=0,1899,533.49286,3.052428,1899,554.9682,2.9024301,1899,.97345138,.0055471882,1899,.95793563,.0065227398,2875,459,1007,311,976,1007,575
TIMSS,2023,FIN,4,0,bul_ev_trad=1,976,511.66156,3.82725,976,532.1972,4.2953143,976,.93003702,.012698249,976,.91471261,.013381395,2875,459,1007,311,976,1007,575
TIMSS,2023,FIN,4,0,bul_pv=0,2416,530.99146,2.8874362,2416,552.89545,2.7992401,2416,.97170848,.0058672442,2416,.95629239,.0068433802,2875,459,1007,311,976,1007,575
TIMSS,2023,FIN,4,0,bul_pv=1,459,500.8786,5.2317991,459,518.10223,5.533464,459,.89143455,.019554336,459,.87579203,.022682164,2875,459,1007,311,976,1007,575
TIMSS,2023,FIN,4,1,all,2928,532.20374,2.9002194,2928,536.89233,3.492074,2928,.93398768,.0083286921,2928,.93285352,.0084776431,2928,603,1109,261,1089,1109,618
TIMSS,2023,FIN,4,1,bul_any=1,1109,522.67334,4.6080942,1109,525.83588,5.0828071,1109,.9014436,.016411358,1109,.91068822,.013440364,2928,603,1109,261,1089,1109,618
TIMSS,2023,FIN,4,1,bul_c_all=0,2310,533.08533,3.4268215,2310,538.09863,3.9927959,2310,.93414849,.0091662677,2310,.93179399,.0098539498,2928,603,1109,261,1089,1109,618
TIMSS,2023,FIN,4,1,bul_c_all=1,618,529.2605,7.2855134,618,532.86517,7.2258849,618,.933451,.021687154,618,.93639064,.020866562,2928,603,1109,261,1089,1109,618
TIMSS,2023,FIN,4,1,bul_ev_all=0,1819,537.98706,2.8797345,1819,543.60168,3.4786837,1819,.95373642,.0076442878,1819,.94630408,.0082963323,2928,603,1109,261,1089,1109,618
TIMSS,2023,FIN,4,1,bul_ev_all=1,1109,522.67334,4.6080942,1109,525.83588,5.0828071,1109,.9014436,.016411358,1109,.91068822,.013440364,2928,603,1109,261,1089,1109,618
TIMSS,2023,FIN,4,1,bul_ev_o=0,2667,537.04547,2.864275,2667,542.88116,3.3495462,2667,.94864613,.006804077,2667,.94287366,.0085629271,2928,603,1109,261,1089,1109,618
TIMSS,2023,FIN,4,1,bul_ev_o=1,261,480.15674,7.226687,261,472.51437,7.9585209,261,.77641523,.046367496,261,.82514107,.036656819,2928,603,1109,261,1089,1109,618
TIMSS,2023,FIN,4,1,bul_ev_trad=0,1839,537.76282,2.8402238,1839,543.09442,3.4188397,1839,.95302802,.0074299057,1839,.94645232,.0082584517,2928,603,1109,261,1089,1109,618
TIMSS,2023,FIN,4,1,bul_ev_trad=1,1089,522.71863,4.7790756,1089,526.31006,5.246809,1089,.90150058,.016707886,1089,.90965092,.013779364,2928,603,1109,261,1089,1109,618
TIMSS,2023,FIN,4,1,bul_pv=0,2325,535.9505,2.7617927,2325,541.81787,3.2005489,2325,.94630963,.0072642025,2325,.93972355,.0085467827,2928,603,1109,261,1089,1109,618
TIMSS,2023,FIN,4,1,bul_pv=1,603,517.40149,6.3653584,603,517.43311,7.2321587,603,.88530797,.022251621,603,.90571249,.017205458,2928,603,1109,261,1089,1109,618
TIMSS,2023,FIN,8,0,all,2891,502.96732,2.8153598,2891,534.20789,3.4441764,2891,.75213414,.015648915,2891,.64139336,.01482412,2891,375,1147,337,1119,1151,651
TIMSS,2023,FIN,8,0,bul_any=1,1151,492.40884,3.5776832,1151,523.25372,5.0254874,1151,.70618564,.021969233,1151,.58411872,.022908583,2891,375,1147,337,1119,1151,651
TIMSS,2023,FIN,8,0,bul_c_all=0,2240,503.69745,3.1068192,2240,535.995,3.4655242,2240,.76108187,.01546094,2240,.6472109,.015520346,2891,375,1147,337,1119,1151,651
TIMSS,2023,FIN,8,0,bul_c_all=1,651,500.45679,6.7914381,651,528.06311,7.9290957,651,.7213676,.037399702,651,.62138993,.037952054,2891,375,1147,337,1119,1151,651
TIMSS,2023,FIN,8,0,bul_ev_all=0,1744,509.66586,3.2169969,1744,541.11908,3.4982867,1744,.78111964,.016318614,1744,.67798978,.016531037,2891,375,1147,337,1119,1151,651
TIMSS,2023,FIN,8,0,bul_ev_all=1,1147,492.5611,3.5422721,1147,523.47137,4.8877931,1147,.70710492,.021735776,1147,.58454055,.022959352,2891,375,1147,337,1119,1151,651
TIMSS,2023,FIN,8,0,bul_ev_o=0,2554,506.53412,2.9054554,2554,538.74622,3.3544657,2554,.7690649,.014200955,2554,.65884715,.014475115,2891,375,1147,337,1119,1151,651
TIMSS,2023,FIN,8,0,bul_ev_o=1,337,474.45056,5.729702,337,497.92392,7.1166229,337,.61677146,.042147297,337,.50184882,.040546246,2891,375,1147,337,1119,1151,651
TIMSS,2023,FIN,8,0,bul_ev_trad=0,1772,509.40356,3.1234643,1772,540.83221,3.4744961,1772,.78018427,.016376704,1772,.67627776,.016360523,2891,375,1147,337,1119,1151,651
TIMSS,2023,FIN,8,0,bul_ev_trad=1,1119,492.54425,3.699023,1119,523.48029,4.9077606,1119,.70670879,.021707224,1119,.58490032,.023003295,2891,375,1147,337,1119,1151,651
TIMSS,2023,FIN,8,0,bul_pv=0,2516,507.52097,2.9137104,2516,539.6026,3.3301847,2516,.77408373,.015461674,2516,.66441143,.014546622,2891,375,1147,337,1119,1151,651
TIMSS,2023,FIN,8,0,bul_pv=1,375,471.96637,5.1025949,375,497.48114,6.9536595,375,.60270268,.032809731,375,.48468748,.031500418,2891,375,1147,337,1119,1151,651
TIMSS,2023,FIN,8,1,all,2989,504.59924,2.8716412,2989,527.22101,3.4927266,2989,.71127671,.013286729,2989,.63773108,.014613498,2989,508,963,342,943,974,679
TIMSS,2023,FIN,8,1,bul_any=1,974,500.92703,4.0965686,974,523.89703,4.7723737,974,.70247185,.020846803,974,.61416435,.020261809,2989,508,963,342,943,974,679
TIMSS,2023,FIN,8,1,bul_c_all=0,2310,506.82248,3.2471564,2310,529.62317,3.6927824,2310,.71706796,.014279562,2310,.64663172,.01645335,2989,508,963,342,943,974,679
TIMSS,2023,FIN,8,1,bul_c_all=1,679,497.29169,5.9629283,679,519.32544,7.5473967,679,.69224161,.031268816,679,.60847545,.029692616,2989,508,963,342,943,974,679
TIMSS,2023,FIN,8,1,bul_ev_all=0,2026,506.51556,3.1000252,2026,528.93622,3.6098464,2026,.71592242,.012989867,2026,.64986998,.016849495,2989,508,963,342,943,974,679
TIMSS,2023,FIN,8,1,bul_ev_all=1,963,500.42923,4.0793166,963,523.48865,4.7656422,963,.70116758,.021510307,963,.61131632,.020191995,2989,508,963,342,943,974,679
TIMSS,2023,FIN,8,1,bul_ev_o=0,2647,508.71579,2.8990254,2647,532.82941,3.3858819,2647,.73382461,.012904531,2647,.66061401,.015594478,2989,508,963,342,943,974,679
TIMSS,2023,FIN,8,1,bul_ev_o=1,342,471.91544,5.6254902,342,482.6929,7.0050993,342,.53225589,.033001367,342,.4560498,.032898463,2989,508,963,342,943,974,679
TIMSS,2023,FIN,8,1,bul_ev_trad=0,2046,506.85126,3.0941722,2046,529.27203,3.5963707,2046,.71787822,.012917966,2046,.6515606,.016905129,2989,508,963,342,943,974,679
TIMSS,2023,FIN,8,1,bul_ev_trad=1,943,499.56552,4.0928903,943,522.63666,4.7545757,943,.69652116,.021724315,943,.60681945,.020557759,2989,508,963,342,943,974,679
TIMSS,2023,FIN,8,1,bul_pv=0,2481,508.5788,2.9791503,2481,532.36969,3.4849367,2481,.73136336,.013573043,2481,.65941846,.015537306,2989,508,963,342,943,974,679
TIMSS,2023,FIN,8,1,bul_pv=1,508,484.7081,4.7371783,508,501.48642,5.590435,508,.61087757,.023160113,508,.52933073,.024459789,2989,508,963,342,943,974,679
TIMSS,2023,FRA,4,0,all,2388,472.56714,3.2121632,2388,483.88959,3.2738023,2388,.87243897,.014135007,2388,.82614136,.01524057,2388,491,883,176,853,883,875
TIMSS,2023,FRA,4,0,bul_any=1,883,456.70166,4.6502924,883,469.18188,5.3713174,883,.81582367,.023463532,883,.75775146,.024239767,2388,491,883,176,853,883,875
TIMSS,2023,FRA,4,0,bul_c_all=0,1513,475.04941,3.9123931,1513,487.42297,3.8710766,1513,.88501257,.015766185,1513,.83607453,.018350385,2388,491,883,176,853,883,875
TIMSS,2023,FRA,4,0,bul_c_all=1,875,467.69437,5.1414266,875,476.95334,5.6683402,875,.84775651,.026493657,875,.80664217,.024777766,2388,491,883,176,853,883,875
TIMSS,2023,FRA,4,0,bul_ev_all=0,1505,482.74271,3.4966269,1505,493.32257,2.9729011,1505,.90875006,.01226071,1505,.8700043,.014947726,2388,491,883,176,853,883,875
TIMSS,2023,FRA,4,0,bul_ev_all=1,883,456.70166,4.6502924,883,469.18188,5.3713174,883,.81582367,.023463532,883,.75775146,.024239767,2388,491,883,176,853,883,875
TIMSS,2023,FRA,4,0,bul_ev_o=0,2212,477.18546,3.0982356,2212,488.487,3.2225566,2212,.88964593,.013296204,2212,.84464586,.01441652,2388,491,883,176,853,883,875
TIMSS,2023,FRA,4,0,bul_ev_o=1,176,417.96005,8.1197014,176,429.52924,8.2025061,176,.66898274,.048068389,176,.60734344,.047168024,2388,491,883,176,853,883,875
TIMSS,2023,FRA,4,0,bul_ev_trad=0,1535,482.60489,3.476651,1535,492.9725,2.9894598,1535,.90711337,.011461517,1535,.8680076,.014750289,2388,491,883,176,853,883,875
TIMSS,2023,FRA,4,0,bul_ev_trad=1,853,456.01874,4.6800761,853,468.91528,5.4008055,853,.81527412,.023939885,853,.75711995,.024485178,2388,491,883,176,853,883,875
TIMSS,2023,FRA,4,0,bul_pv=0,1897,480.49847,3.2737379,1897,491.80945,3.1546018,1897,.9011178,.012255412,1897,.85998523,.01429134,2388,491,883,176,853,883,875
TIMSS,2023,FRA,4,0,bul_pv=1,491,443.52771,4.6735463,491,454.89209,5.4917307,491,.76743555,.028581865,491,.70222682,.026869174,2388,491,883,176,853,883,875
TIMSS,2023,FRA,4,1,all,2351,495.84888,3.4164467,2351,492.45883,3.0583885,2351,.88001442,.014478818,2351,.88169426,.012540809,2351,608,954,234,932,954,856
TIMSS,2023,FRA,4,1,bul_any=1,954,479.52841,4.1176858,954,475.92789,3.8396258,954,.83218312,.019950144,954,.8371892,.018394185,2351,608,954,234,932,954,856
TIMSS,2023,FRA,4,1,bul_c_all=0,1495,499.30539,4.4303575,1495,495.55038,3.8094699,1495,.89219224,.01574097,1495,.88935971,.015011874,2351,608,954,234,932,954,856
TIMSS,2023,FRA,4,1,bul_c_all=1,856,489.4325,5.5619149,856,486.71988,5.2307901,856,.8574084,.02098459,856,.86746478,.022685478,2351,608,954,234,932,954,856
TIMSS,2023,FRA,4,1,bul_ev_all=0,1397,507.02988,3.5472507,1397,503.78403,3.3397758,1397,.91278321,.014391935,1397,.9121843,.015731229,2351,608,954,234,932,954,856
TIMSS,2023,FRA,4,1,bul_ev_all=1,954,479.52841,4.1176858,954,475.92789,3.8396258,954,.83218312,.019950144,954,.8371892,.018394185,2351,608,954,234,932,954,856
TIMSS,2023,FRA,4,1,bul_ev_o=0,2117,502.88779,3.2643511,2117,499.18384,2.9304276,2117,.90429753,.012606548,2117,.90512902,.012733961,2351,608,954,234,932,954,856
TIMSS,2023,FRA,4,1,bul_ev_o=1,234,426.54227,6.9135184,234,426.24274,6.7322474,234,.64091718,.05249092,234,.65095037,.042716887,2351,608,954,234,932,954,856
TIMSS,2023,FRA,4,1,bul_ev_trad=0,1419,506.40015,3.5083652,1419,503.11432,3.3197601,1419,.91193086,.014572226,1419,.91188461,.015511937,2351,608,954,234,932,954,856
TIMSS,2023,FRA,4,1,bul_ev_trad=1,932,479.75995,4.208447,932,476.21097,3.9215226,932,.83134711,.019606877,932,.83565903,.019155977,2351,608,954,234,932,954,856
TIMSS,2023,FRA,4,1,bul_pv=0,1743,503.64032,3.5679812,1743,500.82922,3.1136618,1743,.90554082,.014827345,1743,.90524936,.013479808,2351,608,954,234,932,954,856
TIMSS,2023,FRA,4,1,bul_pv=1,608,473.0267,4.8312106,608,467.9407,4.2804875,608,.80524391,.021035124,608,.81269813,.021089081,2351,608,954,234,932,954,856
TIMSS,2023,FRA,8,0,all,2241,472.79733,3.4420018,2241,483.80872,3.4604673,2241,.55571091,.02028637,2241,.49776003,.021223009,2241,705,1181,208,1156,1188,1451
TIMSS,2023,FRA,8,0,bul_any=1,1188,460.06042,4.1889076,1188,472.6637,4.0379219,1188,.49968773,.023828479,1188,.42946625,.025069481,2241,705,1181,208,1156,1188,1451
TIMSS,2023,FRA,8,0,bul_c_all=0,790,493.73334,5.4995642,790,503.22421,5.459938,790,.6569891,.036716659,790,.61059332,.031110376,2241,705,1181,208,1156,1188,1451
TIMSS,2023,FRA,8,0,bul_c_all=1,1451,461.46982,4.5452514,1451,473.30386,4.4202032,1451,.50091398,.023295596,1451,.43671113,.026679451,2241,705,1181,208,1156,1188,1451
TIMSS,2023,FRA,8,0,bul_ev_all=0,1060,487.4537,4.0700269,1060,496.70261,4.3638492,1060,.62049651,.025928941,1060,.57611901,.025085043,2241,705,1181,208,1156,1188,1451
TIMSS,2023,FRA,8,0,bul_ev_all=1,1181,459.76874,4.1531038,1181,472.34683,4.0276079,1181,.49812055,.024212636,1181,.42810377,.024320006,2241,705,1181,208,1156,1188,1451
TIMSS,2023,FRA,8,0,bul_ev_o=0,2033,475.85013,3.460732,2033,486.82959,3.4949658,2033,.57373631,.020848496,2033,.51704949,.021392848,2241,705,1181,208,1156,1188,1451
TIMSS,2023,FRA,8,0,bul_ev_o=1,208,442.90576,6.1690116,208,454.22971,5.8205605,208,.37921491,.040587775,208,.3088868,.042416073,2241,705,1181,208,1156,1188,1451
TIMSS,2023,FRA,8,0,bul_ev_trad=0,1085,487.24915,4.0357275,1085,496.40121,4.3168359,1085,.61829907,.025342716,1085,.57479376,.024921579,2241,705,1181,208,1156,1188,1451
TIMSS,2023,FRA,8,0,bul_ev_trad=1,1156,459.38962,4.2244267,1156,472.12601,4.1027784,1156,.49764463,.024102269,1156,.42629185,.024666319,2241,705,1181,208,1156,1188,1451
TIMSS,2023,FRA,8,0,bul_pv=0,1536,481.03839,3.5360909,1536,491.53662,3.7314467,1536,.59477323,.020896567,1536,.5433417,.022077002,2241,705,1181,208,1156,1188,1451
TIMSS,2023,FRA,8,0,bul_pv=1,705,454.96429,4.9268456,705,467.08612,4.5420198,705,.47118306,.029499216,705,.39912474,.029450627,2241,705,1181,208,1156,1188,1451
TIMSS,2023,FRA,8,1,all,2270,484.4902,3.364434,2270,488.5513,3.6457329,2270,.56837159,.018510791,2270,.55316317,.017367713,2270,740,1140,224,1121,1153,1433
TIMSS,2023,FRA,8,1,bul_any=1,1153,475.56848,3.9951272,1153,480.37329,4.4693685,1153,.51658094,.022988234,1153,.50202775,.023277255,2270,740,1140,224,1121,1153,1433
TIMSS,2023,FRA,8,1,bul_c_all=0,837,501.85165,6.2808013,837,504.11957,6.6389794,837,.63908339,.035316236,837,.6327799,.032617986,2270,740,1140,224,1121,1153,1433
TIMSS,2023,FRA,8,1,bul_c_all=1,1433,474.42004,4.2066746,1433,479.52121,4.037096,1433,.52735656,.022205733,1433,.50698298,.021785304,2270,740,1140,224,1121,1153,1433
TIMSS,2023,FRA,8,1,bul_ev_all=0,1130,494.00351,4.4201026,1130,497.34506,4.3869114,1130,.62310475,.023602596,1130,.60760546,.024467973,2270,740,1140,224,1121,1153,1433
TIMSS,2023,FRA,8,1,bul_ev_all=1,1140,475.25491,4.0289497,1140,480.01453,4.5185266,1140,.51523787,.023168331,1140,.50031179,.02354783,2270,740,1140,224,1121,1153,1433
TIMSS,2023,FRA,8,1,bul_ev_o=0,2046,489.33426,3.4257035,2046,493.61462,3.5392082,2046,.59402561,.018657647,2046,.57804185,.017748883,2270,740,1140,224,1121,1153,1433
TIMSS,2023,FRA,8,1,bul_ev_o=1,224,442.1095,6.5682178,224,444.25238,7.5962396,224,.34392473,.036376599,224,.33549961,.038283989,2270,740,1140,224,1121,1153,1433
TIMSS,2023,FRA,8,1,bul_ev_trad=0,1149,493.69678,4.327477,1149,496.83966,4.3557467,1149,.62048829,.02379364,1149,.60481292,.023759188,2270,740,1140,224,1121,1153,1433
TIMSS,2023,FRA,8,1,bul_ev_trad=1,1121,475.22388,4.0239248,1121,480.20914,4.5095854,1121,.51591653,.023234356,1121,.50117815,.022897001,2270,740,1140,224,1121,1153,1433
TIMSS,2023,FRA,8,1,bul_pv=0,1530,489.55325,3.6842964,1530,492.99423,3.6192138,1530,.59510779,.019298876,1530,.58152938,.018992532,2270,740,1140,224,1121,1153,1433
TIMSS,2023,FRA,8,1,bul_pv=1,740,474.19638,4.606976,740,479.51825,5.3662133,740,.51401347,.028075283,740,.49549106,.026597833,2270,740,1140,224,1121,1153,1433
TIMSS,2023,GEO,4,0,all,2238,495.32037,3.3740933,2238,466.86115,4.0710716,2238,.8288846,.017307233,2238,.87899458,.011025206,2238,467,876,246,856,876,290
TIMSS,2023,GEO,4,0,bul_any=1,876,481.72601,4.9853473,876,453.53241,5.4386945,876,.76237839,.02738639,876,.82577103,.021644939,2238,467,876,246,856,876,290
TIMSS,2023,GEO,4,0,bul_c_all=0,1948,495.05084,3.7944977,1948,466.28906,4.3702269,1948,.82673091,.019320033,1948,.87679088,.012158877,2238,467,876,246,856,876,290
TIMSS,2023,GEO,4,0,bul_c_all=1,290,497.25739,9.6339045,290,470.97205,9.5582027,290,.84436089,.03635798,290,.89482987,.033683248,2238,467,876,246,856,876,290
TIMSS,2023,GEO,4,0,bul_ev_all=0,1362,503.91913,3.4769101,1362,475.29187,4.1011271,1362,.87095129,.015647732,1362,.91265965,.010251621,2238,467,876,246,856,876,290
TIMSS,2023,GEO,4,0,bul_ev_all=1,876,481.72601,4.9853473,876,453.53241,5.4386945,876,.76237839,.02738639,876,.82577103,.021644939,2238,467,876,246,856,876,290
TIMSS,2023,GEO,4,0,bul_ev_o=0,1992,502.63013,3.3169096,1992,474.18909,3.8191066,1992,.86405575,.015441129,1992,.90288591,.0093102297,2238,467,876,246,856,876,290
TIMSS,2023,GEO,4,0,bul_ev_o=1,246,437.95746,7.2062917,246,409.35544,6.8508768,246,.55288094,.048694581,246,.69150811,.052464303,2238,467,876,246,856,876,290
TIMSS,2023,GEO,4,0,bul_ev_trad=0,1382,503.37787,3.4724844,1382,474.77377,4.1713524,1382,.86884129,.016252644,1382,.91085994,.010308932,2238,467,876,246,856,876,290
TIMSS,2023,GEO,4,0,bul_ev_trad=1,856,482.16895,5.0806789,856,453.94614,5.4773602,856,.76366735,.027644729,856,.82698387,.022511864,2238,467,876,246,856,876,290
TIMSS,2023,GEO,4,0,bul_pv=0,1771,501.52075,3.3723462,1771,472.94177,4.0485773,1771,.85664934,.015910635,1771,.89918286,.010092427,2238,467,876,246,856,876,290
TIMSS,2023,GEO,4,0,bul_pv=1,467,472.32184,6.0656853,467,444.30667,6.9012642,467,.72589922,.036998034,467,.80411178,.035315033,2238,467,876,246,856,876,290
TIMSS,2023,GEO,4,1,all,2173,500.46689,3.5483043,2173,463.04114,3.6506059,2173,.81032813,.016784552,2173,.88591182,.013552025,2173,591,1000,336,973,1000,258
TIMSS,2023,GEO,4,1,bul_any=1,1000,487.81696,4.1258998,1000,450.53683,4.0453959,1000,.75750452,.020721203,1000,.85499954,.016152956,2173,591,1000,336,973,1000,258
TIMSS,2023,GEO,4,1,bul_c_all=0,1915,502.15518,3.910955,1915,464.68173,4.0249896,1915,.81628609,.018393341,1915,.88855791,.014855867,2173,591,1000,336,973,1000,258
TIMSS,2023,GEO,4,1,bul_c_all=1,258,487.35507,10.85257,258,450.29965,9.5521364,258,.7640568,.045647997,258,.86536133,.035302125,2173,591,1000,336,973,1000,258
TIMSS,2023,GEO,4,1,bul_ev_all=0,1173,511.66684,4.3584404,1173,474.11215,4.6963406,1173,.85709697,.019685777,1173,.91328079,.018667292,2173,591,1000,336,973,1000,258
TIMSS,2023,GEO,4,1,bul_ev_all=1,1000,487.81696,4.1258998,1000,450.53683,4.0453959,1000,.75750452,.020721203,1000,.85499954,.016152956,2173,591,1000,336,973,1000,258
TIMSS,2023,GEO,4,1,bul_ev_o=0,1837,507.16058,3.8594625,1837,469.78217,3.8418396,1837,.83706921,.017140605,1837,.9028247,.01442534,2173,591,1000,336,973,1000,258
TIMSS,2023,GEO,4,1,bul_ev_o=1,336,464.76657,5.8273883,336,427.08832,5.3495421,336,.66770667,.036040891,336,.79570812,.031583205,2173,591,1000,336,973,1000,258
TIMSS,2023,GEO,4,1,bul_ev_trad=0,1200,511.32883,4.3575983,1200,473.62772,4.6542549,1200,.85389477,.019566171,1200,.91298711,.018247819,2173,591,1000,336,973,1000,258
TIMSS,2023,GEO,4,1,bul_ev_trad=1,973,487.53433,4.0840082,973,450.43643,4.0458093,973,.75845653,.021458037,973,.85367513,.015964238,2173,591,1000,336,973,1000,258
TIMSS,2023,GEO,4,1,bul_pv=0,1582,508.02454,4.0353475,1582,470.58652,4.055975,1582,.83991337,.016478535,1582,.90391642,.016288789,2173,591,1000,336,973,1000,258
TIMSS,2023,GEO,4,1,bul_pv=1,591,480.29163,3.8770397,591,442.89862,4.0195994,591,.73134983,.030907659,591,.83784819,.020576663,2173,591,1000,336,973,1000,258
TIMSS,2023,GEO,8,0,all,2389,462.6058,3.5079951,2389,449.83447,3.3143837,2389,.37450579,.019709926,2389,.45619053,.020679416,2389,394,736,169,706,771,412
TIMSS,2023,GEO,8,0,bul_any=1,771,450.44138,5.3566489,771,441.60941,5.7882566,771,.33444065,.033682872,771,.41422755,.033242352,2389,394,736,169,706,771,412
TIMSS,2023,GEO,8,0,bul_c_all=0,1977,463.05685,4.2520623,1977,450.07977,3.8493776,1977,.3763566,.023345124,1977,.45959473,.023781,2389,394,736,169,706,771,412
TIMSS,2023,GEO,8,0,bul_c_all=1,412,459.76944,9.0470495,412,448.2919,6.0701318,412,.36286741,.040378992,412,.43478388,.051784538,2389,394,736,169,706,771,412
TIMSS,2023,GEO,8,0,bul_ev_all=0,1653,468.36368,3.5159242,1653,453.80765,3.2562478,1653,.39307538,.021633677,1653,.47687542,.019676177,2389,394,736,169,706,771,412
TIMSS,2023,GEO,8,0,bul_ev_all=1,736,450.04227,5.4513841,736,441.16513,5.8104949,736,.33398756,.034155503,736,.41105679,.033958867,2389,394,736,169,706,771,412
TIMSS,2023,GEO,8,0,bul_ev_o=0,2220,464.45566,3.4919207,2220,451.41492,3.2693849,2220,.3821491,.019557284,2220,.46243429,.020102141,2389,394,736,169,706,771,412
TIMSS,2023,GEO,8,0,bul_ev_o=1,169,437.50488,9.9388313,169,428.38965,8.5414228,169,.27079397,.054551624,169,.37146884,.058165945,2389,394,736,169,706,771,412
TIMSS,2023,GEO,8,0,bul_ev_trad=0,1683,467.82986,3.5174568,1683,453.50726,3.2321584,1683,.39129418,.021344908,1683,.47378886,.019958168,2389,394,736,169,706,771,412
TIMSS,2023,GEO,8,0,bul_ev_trad=1,706,450.41617,5.5683961,706,441.26453,5.9661798,706,.33533245,.034349788,706,.41512731,.035378605,2389,394,736,169,706,771,412
TIMSS,2023,GEO,8,0,bul_pv=0,1995,465.57843,3.584579,1995,451.77133,3.2144508,1995,.3821581,.019485971,1995,.46358213,.020018458,2389,394,736,169,706,771,412
TIMSS,2023,GEO,8,0,bul_pv=1,394,447.35077,6.7980766,394,439.89499,6.75352,394,.33523551,.040589467,394,.41825822,.044326887,2389,394,736,169,706,771,412
TIMSS,2023,GEO,8,1,all,2483,470.81656,3.7619033,2483,445.77966,3.0228195,2483,.35963389,.017990218,2483,.47669563,.019439446,2483,516,811,285,778,831,462
TIMSS,2023,GEO,8,1,bul_any=1,831,459.96005,4.7437463,831,433.47403,4.6726017,831,.31552979,.025913086,831,.42665535,.024433833,2483,516,811,285,778,831,462
TIMSS,2023,GEO,8,1,bul_c_all=0,2021,469.54446,4.2672262,2021,444.22507,3.5664155,2021,.35124233,.020043455,2021,.47122684,.021536477,2483,516,811,285,778,831,462
TIMSS,2023,GEO,8,1,bul_c_all=1,462,478.10699,7.7348623,462,454.68909,5.4530706,462,.40772623,.034110684,462,.50803763,.037944239,2483,516,811,285,778,831,462
TIMSS,2023,GEO,8,1,bul_ev_all=0,1672,476.33698,4.1113873,1672,452.11691,3.0987051,1672,.38238993,.02258078,1672,.50184321,.020918816,2483,516,811,285,778,831,462
TIMSS,2023,GEO,8,1,bul_ev_all=1,811,459.74167,4.8468442,811,433.0661,4.7883906,811,.31398159,.026396196,811,.42624554,.024333846,2483,516,811,285,778,831,462
TIMSS,2023,GEO,8,1,bul_ev_o=0,2198,473.33072,3.9094646,2198,449.03787,3.0753152,2198,.36980531,.019732315,2198,.48653901,.020923443,2483,516,811,285,778,831,462
TIMSS,2023,GEO,8,1,bul_ev_o=1,285,451.67758,7.7100124,285,420.97672,9.1981249,285,.28220478,.050583895,285,.4017638,.040912673,2483,516,811,285,778,831,462
TIMSS,2023,GEO,8,1,bul_ev_trad=0,1705,476.24139,4.0926595,1705,452.01575,3.0901659,1705,.38147107,.02242174,1705,.50117445,.020554198,2483,516,811,285,778,831,462
TIMSS,2023,GEO,8,1,bul_ev_trad=1,778,459.38318,4.9874482,778,432.63647,4.8590398,778,.31360978,.026744653,778,.42510411,.025729883,2483,516,811,285,778,831,462
TIMSS,2023,GEO,8,1,bul_pv=0,1967,474.09933,4.0163713,1967,449.59952,3.0078888,1967,.37132883,.019613585,1967,.49042445,.020197932,2483,516,811,285,778,831,462
TIMSS,2023,GEO,8,1,bul_pv=1,516,458.43237,5.6344295,516,431.36942,6.6360183,516,.31551501,.03729644,516,.42490405,.030955199,2483,516,811,285,778,831,462
TIMSS,2023,HKG,4,0,all,2026,587.42792,4.4913344,2026,539.90607,4.6247339,2026,.93807214,.0080442717,2026,.97463471,.0046676416,2026,420,883,181,862,883,612
TIMSS,2023,HKG,4,0,bul_any=1,883,575.07941,6.0926938,883,527.46008,5.76547,883,.90715486,.014518464,883,.95884913,.01016471,2026,420,883,181,862,883,612
TIMSS,2023,HKG,4,0,bul_c_all=0,1414,592.06885,5.7201986,1414,543.89209,5.5123668,1414,.94836074,.0096636359,1414,.98005068,.0063232207,2026,420,883,181,862,883,612
TIMSS,2023,HKG,4,0,bul_c_all=1,612,576.71417,6.9586425,612,530.70404,8.2021971,612,.91432029,.02062089,612,.96213168,.0095683523,2026,420,883,181,862,883,612
TIMSS,2023,HKG,4,0,bul_ev_all=0,1143,596.76422,4.2658844,1143,549.31604,4.6064744,1143,.96144754,.0068144822,1143,.98656958,.0039573447,2026,420,883,181,862,883,612
TIMSS,2023,HKG,4,0,bul_ev_all=1,883,575.07941,6.0926938,883,527.46008,5.76547,883,.90715486,.014518464,883,.95884913,.01016471,2026,420,883,181,862,883,612
TIMSS,2023,HKG,4,0,bul_ev_o=0,1845,594.22229,4.3085017,1845,547.09027,4.3884916,1845,.960078,.0060957042,1845,.98799974,.0027818759,2026,420,883,181,862,883,612
TIMSS,2023,HKG,4,0,bul_ev_o=1,181,520.14691,13.319844,181,468.76401,13.102825,181,.72015816,.047593493,181,.84228742,.040316671,2026,420,883,181,862,883,612
TIMSS,2023,HKG,4,0,bul_ev_trad=0,1164,596.7298,4.2012606,1164,549.02954,4.5218654,1164,.96120435,.0068617137,1164,.98629111,.0039613452,2026,420,883,181,862,883,612
TIMSS,2023,HKG,4,0,bul_ev_trad=1,862,574.65076,6.2653613,862,527.37384,5.8352737,862,.90629721,.015126849,862,.95862323,.010358759,2026,420,883,181,862,883,612
TIMSS,2023,HKG,4,0,bul_pv=0,1606,595.11389,3.9578359,1606,546.84869,4.3616462,1606,.96265644,.006246414,1606,.98660076,.0028844033,2026,420,883,181,862,883,612
TIMSS,2023,HKG,4,0,bul_pv=1,420,559.01599,8.0048008,420,514.24194,8.0028095,420,.84719378,.025239874,420,.93040109,.017300004,2026,420,883,181,862,883,612
TIMSS,2023,HKG,4,1,all,2115,601.02753,4.4059443,2115,550.31049,3.8889761,2115,.93894041,.0079962397,2115,.97852743,.0041015097,2115,563,1152,271,1131,1152,669
TIMSS,2023,HKG,4,1,bul_any=1,1152,596.73248,5.5985708,1152,546.44934,4.6547561,1152,.91996062,.011140721,1152,.97098047,.0053591942,2115,563,1152,271,1131,1152,669
TIMSS,2023,HKG,4,1,bul_c_all=0,1446,602.91974,5.3874183,1446,550.62616,4.5711322,1446,.9435755,.0091183167,1446,.98155421,.0045994925,2115,563,1152,271,1131,1152,669
TIMSS,2023,HKG,4,1,bul_c_all=1,669,596.84515,7.1954112,669,549.61273,7.1189003,669,.9286955,.014865979,669,.9718374,.0069434056,2115,563,1152,271,1131,1152,669
TIMSS,2023,HKG,4,1,bul_ev_all=0,963,606.39996,4.0120912,963,555.1402,4.5473709,963,.96268117,.010105013,963,.98796749,.0061324174,2115,563,1152,271,1131,1152,669
TIMSS,2023,HKG,4,1,bul_ev_all=1,1152,596.73248,5.5985708,1152,546.44934,4.6547561,1152,.91996062,.011140721,1152,.97098047,.0053591942,2115,563,1152,271,1131,1152,669
TIMSS,2023,HKG,4,1,bul_ev_o=0,1844,610.4494,4.4661174,1844,561.01245,3.7538402,1844,.96575904,.0065757255,1844,.99033076,.0034334899,2115,563,1152,271,1131,1152,669
TIMSS,2023,HKG,4,1,bul_ev_o=1,271,539.92603,7.332479,271,480.90741,8.1976948,271,.7650196,.031120744,271,.90198213,.018418187,2115,563,1152,271,1131,1152,669
TIMSS,2023,HKG,4,1,bul_ev_trad=0,984,605.48456,4.0119939,984,554.1756,4.6045947,984,.96115583,.010046281,984,.98818886,.0060108365,2115,563,1152,271,1131,1152,669
TIMSS,2023,HKG,4,1,bul_ev_trad=1,1131,597.34229,5.6165376,1131,547.11469,4.6627808,1131,.92057198,.011599162,1131,.97053909,.0054450692,2115,563,1152,271,1131,1152,669
TIMSS,2023,HKG,4,1,bul_pv=0,1552,609.508,4.0498838,1552,559.07416,3.9725473,1552,.96291226,.0078164209,1552,.98882371,.0038241886,2115,563,1152,271,1131,1152,669
TIMSS,2023,HKG,4,1,bul_pv=1,563,578.48114,7.0125341,563,527.01111,5.9597273,563,.87520814,.019018102,563,.9511534,.010329087,2115,563,1152,271,1131,1152,669
TIMSS,2023,HKG,8,0,all,2225,570.86298,5.4491382,2225,522.93781,5.9087191,2225,.71598828,.025440019,2225,.84800553,.017119916,2225,432,895,389,843,900,805
TIMSS,2023,HKG,8,0,bul_any=1,900,557.70178,6.0124235,900,509.06564,6.1997237,900,.65593708,.034693245,900,.81154794,.02184101,2225,432,895,389,843,900,805
TIMSS,2023,HKG,8,0,bul_c_all=0,1420,581.99768,7.8830914,1420,532.12488,8.1721439,1420,.75371206,.03023896,1420,.88734955,.022038041,2225,432,895,389,843,900,805
TIMSS,2023,HKG,8,0,bul_c_all=1,805,550.06372,9.580183,805,505.77667,8.1584148,805,.64552164,.042898286,805,.77451229,.038667455,2225,432,895,389,843,900,805
TIMSS,2023,HKG,8,0,bul_ev_all=0,1330,579.76471,5.8643689,1330,532.32697,6.1983852,1330,.75651997,.024087261,1330,.87252897,.018192835,2225,432,895,389,843,900,805
TIMSS,2023,HKG,8,0,bul_ev_all=1,895,557.77234,6.0439696,895,509.13034,6.2354817,895,.65638345,.034864582,895,.81194198,.021832086,2225,432,895,389,843,900,805
TIMSS,2023,HKG,8,0,bul_ev_o=0,1836,575.22009,5.8440738,1836,528.56146,6.0710897,1836,.7393195,.023973878,1836,.85741079,.018032515,2225,432,895,389,843,900,805
TIMSS,2023,HKG,8,0,bul_ev_o=1,389,550.44556,6.4538341,389,496.58566,7.5032802,389,.60665888,.041306987,389,.80393273,.025458772,2225,432,895,389,843,900,805
TIMSS,2023,HKG,8,0,bul_ev_trad=0,1382,579.71075,5.8213115,1382,531.93134,6.1221261,1382,.754426,.024202682,1382,.87006021,.017858256,2225,432,895,389,843,900,805
TIMSS,2023,HKG,8,0,bul_ev_trad=1,843,556.66559,6.158349,843,508.50659,6.3787823,843,.65431041,.034944948,843,.81261617,.022362141,2225,432,895,389,843,900,805
TIMSS,2023,HKG,8,0,bul_pv=0,1793,575.8396,5.3290405,1793,529.38165,5.6981626,1793,.74734282,.024222713,1793,.86635572,.01842458,2225,432,895,389,843,900,805
TIMSS,2023,HKG,8,0,bul_pv=1,432,549.31348,9.2276773,432,495.0351,9.1515646,432,.58021903,.038597632,432,.7685467,.024996448,2225,432,895,389,843,900,805
TIMSS,2023,HKG,8,1,all,2238,578.36005,6.5114956,2238,532.23199,5.4595447,2238,.74749911,.020425577,2238,.84223646,.01830809,2238,605,1086,508,1030,1103,976
TIMSS,2023,HKG,8,1,bul_any=1,1103,584.32916,7.2827525,1103,535.68347,6.2834086,1103,.75251311,.025535649,1103,.85269535,.018170478,2238,605,1086,508,1030,1103,976
TIMSS,2023,HKG,8,1,bul_c_all=0,1262,593.4444,9.5961475,1262,543.6087,8.341711,1262,.78593123,.026408697,1262,.89031512,.024630193,2238,605,1086,508,1030,1103,976
TIMSS,2023,HKG,8,1,bul_c_all=1,976,559.01917,12.319484,976,517.64502,10.065785,976,.69822234,.039960619,976,.78059095,.036712639,2238,605,1086,508,1030,1103,976
TIMSS,2023,HKG,8,1,bul_ev_all=0,1152,573.33221,7.3209739,1152,529.51575,6.7213869,1152,.7439968,.02644976,1152,.83313817,.023515917,2238,605,1086,508,1030,1103,976
TIMSS,2023,HKG,8,1,bul_ev_all=1,1086,583.73529,7.2748322,1086,535.13599,6.3378687,1086,.75124347,.025540829,1086,.8519634,.018347701,2238,605,1086,508,1030,1103,976
TIMSS,2023,HKG,8,1,bul_ev_o=0,1730,580.76563,6.7387595,1730,538.01819,5.5083971,1730,.77442729,.02040741,1730,.85267371,.01890431,2238,605,1086,508,1030,1103,976
TIMSS,2023,HKG,8,1,bul_ev_o=1,508,569.5072,7.9823475,508,510.93851,7.9759164,508,.64840138,.035159633,508,.80382645,.024594888,2238,605,1086,508,1030,1103,976
TIMSS,2023,HKG,8,1,bul_ev_trad=0,1208,574.41254,7.2143121,1208,530.46973,6.5455475,1208,.74845868,.025269594,1208,.83609056,.022964539,2238,605,1086,508,1030,1103,976
TIMSS,2023,HKG,8,1,bul_ev_trad=1,1030,582.97717,7.4259067,1030,534.29327,6.5096312,1030,.74637681,.025868855,1030,.84942496,.01868384,2238,605,1086,508,1030,1103,976
TIMSS,2023,HKG,8,1,bul_pv=0,1633,579.72424,6.7276115,1633,536.34717,5.665369,1633,.77030396,.021785587,1633,.8491953,.019823307,2238,605,1086,508,1030,1103,976
TIMSS,2023,HKG,8,1,bul_pv=1,605,574.60889,8.2589846,605,520.91644,7.6198564,605,.68479186,.030409101,605,.8231014,.021448385,2238,605,1086,508,1030,1103,976
TIMSS,2023,HUN,4,0,all,2611,511.10791,3.4141066,2611,521.09088,3.2582271,2611,.90982491,.010556974,2611,.8793565,.013649013,2611,684,1455,289,1420,1455,903
TIMSS,2023,HUN,4,0,bul_any=1,1455,504.71408,3.8266892,1455,515.00702,3.5128119,1455,.89390403,.013293776,1455,.86235201,.018239105,2611,684,1455,289,1420,1455,903
TIMSS,2023,HUN,4,0,bul_c_all=0,1708,521.60919,4.1480317,1708,530.75073,4.0072637,1708,.9367125,.011353295,1708,.9081704,.014305812,2611,684,1455,289,1420,1455,903
TIMSS,2023,HUN,4,0,bul_c_all=1,903,493.14279,6.6737466,903,504.56528,6.4570107,903,.86382687,.02362214,903,.83006299,.02921778,2611,684,1455,289,1420,1455,903
TIMSS,2023,HUN,4,0,bul_ev_all=0,1156,519.12921,4.2717705,1156,528.72339,4.0523076,1156,.92979836,.012502455,1156,.90068936,.015772281,2611,684,1455,289,1420,1455,903
TIMSS,2023,HUN,4,0,bul_ev_all=1,1455,504.71408,3.8266892,1455,515.00702,3.5128119,1455,.89390403,.013293776,1455,.86235201,.018239105,2611,684,1455,289,1420,1455,903
TIMSS,2023,HUN,4,0,bul_ev_o=0,2322,517.69067,3.3117595,2322,526.72357,3.3445067,2322,.92713106,.0094230473,2322,.90087587,.013694521,2611,684,1455,289,1420,1455,903
TIMSS,2023,HUN,4,0,bul_ev_o=1,289,461.70004,7.7541046,289,478.81445,6.7464213,289,.77993208,.038507625,289,.71784073,.030117635,2611,684,1455,289,1420,1455,903
TIMSS,2023,HUN,4,0,bul_ev_trad=0,1191,518.20801,4.1661534,1191,527.98767,4.0795465,1191,.92685211,.013659935,1191,.89767605,.015474503,2611,684,1455,289,1420,1455,903
TIMSS,2023,HUN,4,0,bul_ev_trad=1,1420,505.14572,3.9098523,1420,515.2995,3.5377471,1420,.89552671,.013149408,1420,.86397308,.018964896,2611,684,1455,289,1420,1455,903
TIMSS,2023,HUN,4,0,bul_pv=0,1927,517.5553,3.4611752,1927,526.18292,3.4166896,1927,.92437422,.010778156,1927,.89970201,.012643767,2611,684,1455,289,1420,1455,903
TIMSS,2023,HUN,4,0,bul_pv=1,684,493.66309,5.249022,684,507.31326,4.7491956,684,.87045854,.020551372,684,.8243072,.026827028,2611,684,1455,289,1420,1455,903
TIMSS,2023,HUN,4,1,all,2630,529.3244,4.2405677,2630,527.37012,3.6449616,2630,.91781473,.013681771,2630,.90407181,.014367622,2630,906,1596,355,1563,1596,868
TIMSS,2023,HUN,4,1,bul_any=1,1596,525.14844,5.3639636,1596,524.25024,4.5357022,1596,.91389263,.016797593,1596,.89661384,.019702323,2630,906,1596,355,1563,1596,868
TIMSS,2023,HUN,4,1,bul_c_all=0,1762,540.68237,4.5110393,1762,536.66376,3.7729995,1762,.94073337,.010857939,1762,.93230397,.014882415,2630,906,1596,355,1563,1596,868
TIMSS,2023,HUN,4,1,bul_c_all=1,868,508.5556,9.0497742,868,510.37619,8.0819893,868,.87590647,.033131942,868,.85244763,.031457942,2630,906,1596,355,1563,1596,868
TIMSS,2023,HUN,4,1,bul_ev_all=0,1034,535.90045,4.4161806,1034,532.2832,4.5190043,1034,.92399102,.015593013,1034,.91581631,.015700834,2630,906,1596,355,1563,1596,868
TIMSS,2023,HUN,4,1,bul_ev_all=1,1596,525.14844,5.3639636,1596,524.25024,4.5357022,1596,.91389263,.016797593,1596,.89661384,.019702323,2630,906,1596,355,1563,1596,868
TIMSS,2023,HUN,4,1,bul_ev_o=0,2275,537.69202,3.8412485,2275,535.57379,3.45173,2275,.93407845,.011374577,2275,.92174459,.011751394,2630,906,1596,355,1563,1596,868
TIMSS,2023,HUN,4,1,bul_ev_o=1,355,481.13626,8.8361979,355,480.12619,7.7329164,355,.8241539,.038721163,355,.8022967,.036714751,2630,906,1596,355,1563,1596,868
TIMSS,2023,HUN,4,1,bul_ev_trad=0,1067,535.22443,4.3046198,1067,531.32062,4.4843874,1067,.92304963,.015823942,1067,.91376686,.015065492,2630,906,1596,355,1563,1596,868
TIMSS,2023,HUN,4,1,bul_ev_trad=1,1563,525.35675,5.4569917,1563,524.71356,4.6938372,1563,.91429436,.017203989,1563,.89755213,.01968725,2630,906,1596,355,1563,1596,868
TIMSS,2023,HUN,4,1,bul_pv=0,1724,536.67279,4.1155148,1724,532.99109,3.6276288,1724,.93088418,.01265646,1724,.92055213,.012602043,2630,906,1596,355,1563,1596,868
TIMSS,2023,HUN,4,1,bul_pv=1,906,516.27643,6.6602049,906,517.3894,5.6521797,906,.89460826,.022590339,906,.87480897,.026040398,2630,906,1596,355,1563,1596,868
TIMSS,2023,HUN,8,0,all,2692,498.11035,3.7949877,2692,515.23145,3.3616955,2692,.70441103,.017912412,2692,.62443298,.020360736,2692,595,1478,366,1449,1489,811
TIMSS,2023,HUN,8,0,bul_any=1,1489,488.42429,3.8674359,1489,507.30869,3.7522905,1489,.67297745,.019406173,1489,.58674997,.023011955,2692,595,1478,366,1449,1489,811
TIMSS,2023,HUN,8,0,bul_c_all=0,1881,500.41107,4.5544415,1881,518.27014,4.1248145,1881,.72042769,.021365868,1881,.63779485,.024201559,2692,595,1478,366,1449,1489,811
TIMSS,2023,HUN,8,0,bul_c_all=1,811,492.10345,9.7836342,811,507.29773,8.6080074,811,.66259331,.039822012,811,.58954674,.045412287,2692,595,1478,366,1449,1489,811
TIMSS,2023,HUN,8,0,bul_ev_all=0,1214,510.71237,4.4213772,1214,525.68073,3.9185095,1214,.74539965,.023975894,1214,.67406809,.021659354,2692,595,1478,366,1449,1489,811
TIMSS,2023,HUN,8,0,bul_ev_all=1,1478,488.21838,3.915971,1478,507.02921,3.7792978,1478,.67223692,.019529536,1478,.58547175,.023172425,2692,595,1478,366,1449,1489,811
TIMSS,2023,HUN,8,0,bul_ev_o=0,2326,502.4632,3.6363108,2326,518.99646,3.2173545,2326,.71938348,.017655976,2326,.64574808,.019655339,2692,595,1478,366,1449,1489,811
TIMSS,2023,HUN,8,0,bul_ev_o=1,366,470.0079,7.5510139,366,490.92383,7.9933996,366,.60774726,.039958432,366,.4868207,.042202659,2692,595,1478,366,1449,1489,811
TIMSS,2023,HUN,8,0,bul_ev_trad=0,1243,510.5144,4.4025836,1243,525.5365,3.8708699,1243,.74411744,.023264466,1243,.67488241,.02185492,2692,595,1478,366,1449,1489,811
TIMSS,2023,HUN,8,0,bul_ev_trad=1,1449,487.96326,3.8829007,1449,506.80136,3.7845554,1449,.6719293,.019383347,1449,.58316296,.023026919,2692,595,1478,366,1449,1489,811
TIMSS,2023,HUN,8,0,bul_pv=0,2097,505.10129,3.8699045,2097,521.75995,3.3702242,2097,.73219955,.019604607,2097,.65688729,.019643575,2692,595,1478,366,1449,1489,811
TIMSS,2023,HUN,8,0,bul_pv=1,595,474.38455,5.5780697,595,493.07498,5.284698,595,.61010242,.032991748,595,.5142898,.03252995,2692,595,1478,366,1449,1489,811
TIMSS,2023,HUN,8,1,all,2734,514.11646,4.562398,2734,528.03021,4.1793051,2734,.7301324,.016793326,2734,.66808397,.019195206,2734,678,1262,297,1228,1274,781
TIMSS,2023,HUN,8,1,bul_any=1,1274,497.24963,5.4012108,1274,513.1131,5.0436459,1274,.66756064,.020884065,1274,.58712316,.024510246,2734,678,1262,297,1228,1274,781
TIMSS,2023,HUN,8,1,bul_c_all=0,1953,518.34943,5.4378686,1953,532.48096,4.9970226,1953,.74273449,.020738382,1953,.68427664,.023152363,2734,678,1262,297,1228,1274,781
TIMSS,2023,HUN,8,1,bul_c_all=1,781,502.6582,10.432395,781,515.98273,8.9758873,781,.69601995,.037041269,781,.62425232,.040333468,2734,678,1262,297,1228,1274,781
TIMSS,2023,HUN,8,1,bul_ev_all=0,1472,529.33221,4.5486951,1472,541.35944,4.2855105,1472,.7854408,.018423116,1472,.74081975,.01800086,2734,678,1262,297,1228,1274,781
TIMSS,2023,HUN,8,1,bul_ev_all=1,1262,496.70837,5.4399772,1262,512.78058,5.0882449,1262,.6668551,.020946709,1262,.58486837,.024316616,2734,678,1262,297,1228,1274,781
TIMSS,2023,HUN,8,1,bul_ev_o=0,2437,519.80951,4.4051847,2437,533.34833,3.9736853,2437,.75085026,.016883006,2437,.69054627,.018705446,2734,678,1262,297,1228,1274,781
TIMSS,2023,HUN,8,1,bul_ev_o=1,297,466.12314,10.475925,297,483.19815,10.333197,297,.55547839,.047424778,297,.47872409,.046521436,2734,678,1262,297,1228,1274,781
TIMSS,2023,HUN,8,1,bul_ev_trad=0,1506,528.94324,4.5137014,1506,540.91876,4.3213778,1506,.78416592,.018330658,1506,.73851168,.017863451,2734,678,1262,297,1228,1274,781
TIMSS,2023,HUN,8,1,bul_ev_trad=1,1228,496.26614,5.4934273,1228,512.51343,5.0531054,1228,.66508013,.021650329,1228,.58329439,.0253889,2734,678,1262,297,1228,1274,781
TIMSS,2023,HUN,8,1,bul_pv=0,2056,520.03613,4.4426541,2056,533.64655,4.0603867,2056,.75055927,.017629597,2056,.69219995,.019562693,2734,678,1262,297,1228,1274,781
TIMSS,2023,HUN,8,1,bul_pv=1,678,496.08768,5.9841809,678,510.92551,5.7627039,678,.66792125,.025174562,678,.59463757,.025933469,2734,678,1262,297,1228,1274,781
TIMSS,2023,IRL,4,0,all,2391,542.47205,3.69573,2391,533.90656,3.8738534,2391,.94313771,.0096818786,2391,.9535951,.0076632705,2391,557,977,246,924,977,123
TIMSS,2023,IRL,4,0,bul_any=1,977,526.74854,4.8367686,977,516.38196,5.3978701,977,.90902561,.016903989,977,.93177968,.012178953,2391,557,977,246,924,977,123
TIMSS,2023,IRL,4,0,bul_c_all=0,2268,544.24493,3.6173878,2268,535.45001,4.1026044,2268,.94731641,.0098965615,2268,.95608842,.0082718749,2391,557,977,246,924,977,123
TIMSS,2023,IRL,4,0,bul_c_all=1,123,514.65662,9.1220293,123,509.69131,9.4550362,123,.87757766,.043427914,123,.91447741,.031333391,2391,557,977,246,924,977,123
TIMSS,2023,IRL,4,0,bul_ev_all=0,1414,553.48798,3.3995202,1414,546.18439,3.6125529,1414,.96703678,.0074755359,1414,.96887904,.0082765259,2391,557,977,246,924,977,123
TIMSS,2023,IRL,4,0,bul_ev_all=1,977,526.74854,4.8367686,977,516.38196,5.3978701,977,.90902561,.016903989,977,.93177968,.012178953,2391,557,977,246,924,977,123
TIMSS,2023,IRL,4,0,bul_ev_o=0,2145,548.91199,3.3664577,2145,540.54736,3.5629895,2145,.95771569,.0077389353,2145,.96473795,.006986239,2391,557,977,246,924,977,123
TIMSS,2023,IRL,4,0,bul_ev_o=1,246,487.70499,7.3991909,246,477.43158,9.6164532,246,.81916267,.040947285,246,.85883301,.041801453,2391,557,977,246,924,977,123
TIMSS,2023,IRL,4,0,bul_ev_trad=0,1467,553.10895,3.5096626,1467,545.69012,3.8126626,1467,.96636176,.0072482605,1467,.9691177,.0079427687,2391,557,977,246,924,977,123
TIMSS,2023,IRL,4,0,bul_ev_trad=1,924,525.66949,4.862021,924,515.29272,5.5077853,924,.90645182,.017373933,924,.92907488,.012616407,2391,557,977,246,924,977,123
TIMSS,2023,IRL,4,0,bul_pv=0,1834,549.3255,3.3609552,1834,541.69598,3.6406801,1834,.9582864,.008230851,1834,.96403337,.0068787662,2391,557,977,246,924,977,123
TIMSS,2023,IRL,4,0,bul_pv=1,557,520.302,6.7184372,557,508.70877,7.5659084,557,.89413357,.022871893,557,.91982859,.019264942,2391,557,977,246,924,977,123
TIMSS,2023,IRL,4,1,all,2359,548.89789,3.3416255,2359,529.99652,3.5716584,2359,.92466259,.010681571,2359,.9483059,.0084900493,2359,722,1117,280,1077,1117,145
TIMSS,2023,IRL,4,1,bul_any=1,1117,535.8396,4.5714278,1117,516.96368,5.117403,1117,.90072292,.016460603,1117,.92790622,.015412597,2359,722,1117,280,1077,1117,145
TIMSS,2023,IRL,4,1,bul_c_all=0,2214,552.01306,3.2674987,2214,532.60571,3.4206016,2214,.92904568,.0093015973,2214,.95136154,.0077010938,2359,722,1117,280,1077,1117,145
TIMSS,2023,IRL,4,1,bul_c_all=1,145,517.2511,12.522739,145,503.49002,16.627474,145,.88013619,.058266528,145,.917265,.04948356,2359,722,1117,280,1077,1117,145
TIMSS,2023,IRL,4,1,bul_ev_all=0,1242,560.21814,3.8254814,1242,541.29474,3.9852271,1242,.94541603,.012435249,1242,.96599054,.0076814038,2359,722,1117,280,1077,1117,145
TIMSS,2023,IRL,4,1,bul_ev_all=1,1117,535.8396,4.5714278,1117,516.96368,5.117403,1117,.90072292,.016460603,1117,.92790622,.015412597,2359,722,1117,280,1077,1117,145
TIMSS,2023,IRL,4,1,bul_ev_o=0,2079,555.55597,3.1737826,2079,537.11365,3.4895813,2079,.94061989,.010471704,2079,.961685,.0076814508,2359,722,1117,280,1077,1117,145
TIMSS,2023,IRL,4,1,bul_ev_o=1,280,496.20999,7.3827453,280,473.67615,8.8278732,280,.79838687,.03607085,280,.84243232,.037825309,2359,722,1117,280,1077,1117,145
TIMSS,2023,IRL,4,1,bul_ev_trad=0,1282,559.75903,3.9584174,1282,540.65497,4.0180879,1282,.94279027,.013411521,1282,.9660421,.0078861732,2359,722,1117,280,1077,1117,145
TIMSS,2023,IRL,4,1,bul_ev_trad=1,1077,535.48511,4.5878363,1077,516.83405,5.2863245,1077,.90227628,.017029148,1077,.92640305,.015646972,2359,722,1117,280,1077,1117,145
TIMSS,2023,IRL,4,1,bul_pv=0,1637,557.68512,3.209424,1637,538.81567,3.7526987,1637,.94598866,.012083123,1637,.96690702,.0067772125,2359,722,1117,280,1077,1117,145
TIMSS,2023,IRL,4,1,bul_pv=1,722,528.1839,6.4340744,722,509.20728,6.6977282,722,.87439138,.019427085,722,.90445811,.024152426,2359,722,1117,280,1077,1117,145
TIMSS,2023,IRL,8,0,all,2367,514.41553,3.2427311,2367,519.95074,3.9897513,2367,.7114498,.018953146,2367,.70166737,.018731374,2367,535,1092,421,1047,1100,608
TIMSS,2023,IRL,8,0,bul_any=1,1100,508.44058,3.97314,1100,514.73328,4.7120876,1100,.69006413,.025178991,1100,.67902333,.021899898,2367,535,1092,421,1047,1100,608
TIMSS,2023,IRL,8,0,bul_c_all=0,1759,515.70367,3.8655121,1759,521.29126,4.4304233,1759,.72243792,.023172641,1759,.70970547,.023397738,2367,535,1092,421,1047,1100,608
TIMSS,2023,IRL,8,0,bul_c_all=1,608,510.30896,6.8066635,608,515.67706,7.9501243,608,.67642021,.037520282,608,.67604238,.04122626,2367,535,1092,421,1047,1100,608
TIMSS,2023,IRL,8,0,bul_ev_all=0,1275,520.02838,3.902035,1275,524.89819,4.4327807,1275,.73119909,.018933468,1275,.7227788,.023235362,2367,535,1092,421,1047,1100,608
TIMSS,2023,IRL,8,0,bul_ev_all=1,1092,508.20963,4.0011811,1092,514.48047,4.7388201,1092,.68961364,.025369646,1092,.67832524,.021948885,2367,535,1092,421,1047,1100,608
TIMSS,2023,IRL,8,0,bul_ev_o=0,1946,517.46454,3.010515,1946,523.26355,3.4558949,1946,.72635841,.01624929,1946,.71473056,.017857632,2367,535,1092,421,1047,1100,608
TIMSS,2023,IRL,8,0,bul_ev_o=1,421,501.59518,5.7624979,421,506.02112,7.6739388,421,.64876324,.043120492,421,.64674044,.033196975,2367,535,1092,421,1047,1100,608
TIMSS,2023,IRL,8,0,bul_ev_trad=0,1320,520.21106,3.8301189,1320,524.90643,4.3238397,1320,.73125267,.01822805,1320,.72332561,.02289547,2367,535,1092,421,1047,1100,608
TIMSS,2023,IRL,8,0,bul_ev_trad=1,1047,507.56516,4.0701537,1047,514.09302,4.834671,1047,.68804246,.025797501,1047,.67606705,.022419341,2367,535,1092,421,1047,1100,608
TIMSS,2023,IRL,8,0,bul_pv=0,1832,517.82214,3.28356,1832,522.80853,3.5986106,1832,.72735417,.019620052,1832,.71549416,.01986539,2367,535,1092,421,1047,1100,608
TIMSS,2023,IRL,8,0,bul_pv=1,535,503.53537,5.8046341,535,510.82333,7.3065147,535,.66065401,.032610223,535,.65750706,.028697012,2367,535,1092,421,1047,1100,608
TIMSS,2023,IRL,8,1,all,2723,528.02722,2.9076366,2723,529.36432,3.8037848,2723,.73299652,.020041334,2723,.74801403,.015145743,2723,867,1321,514,1267,1334,729
TIMSS,2023,IRL,8,1,bul_any=1,1334,528.16101,3.5453868,1334,531.60638,4.9206033,1334,.74446779,.023563229,1334,.74813181,.023145139,2723,867,1321,514,1267,1334,729
TIMSS,2023,IRL,8,1,bul_c_all=0,1994,533.46967,3.7918046,1994,534.71674,4.3178349,1994,.75062937,.020940742,1994,.76930773,.020520201,2723,867,1321,514,1267,1334,729
TIMSS,2023,IRL,8,1,bul_c_all=1,729,512.49353,7.4002771,729,514.08746,8.9698706,729,.68266863,.045256443,729,.68723732,.035620861,2723,867,1321,514,1267,1334,729
TIMSS,2023,IRL,8,1,bul_ev_all=0,1402,528.14026,3.3327608,1402,527.4469,4.2457867,1402,.72371858,.024709178,1402,.74927932,.01904851,2723,867,1321,514,1267,1334,729
TIMSS,2023,IRL,8,1,bul_ev_all=1,1321,527.90784,3.5621386,1321,531.39014,4.9773226,1321,.74279875,.02373456,1321,.74667728,.023315724,2723,867,1321,514,1267,1334,729
TIMSS,2023,IRL,8,1,bul_ev_o=0,2209,529.16827,3.1714396,2209,531.93164,4.1942229,2209,.74014515,.021505462,2209,.75466979,.015833253,2723,867,1321,514,1267,1334,729
TIMSS,2023,IRL,8,1,bul_ev_o=1,514,522.94629,4.7241902,514,517.93213,5.1237769,514,.70116335,.027520178,514,.7183758,.033285607,2723,867,1321,514,1267,1334,729
TIMSS,2023,IRL,8,1,bul_ev_trad=0,1456,528.46881,3.2711794,1456,527.36963,4.0763416,1456,.72440177,.024484754,1456,.74954814,.01775296,2723,867,1321,514,1267,1334,729
TIMSS,2023,IRL,8,1,bul_ev_trad=1,1267,527.52124,3.8414688,1267,531.65021,5.1738162,1267,.74284595,.023928257,1267,.74625605,.025815712,2723,867,1321,514,1267,1334,729
TIMSS,2023,IRL,8,1,bul_pv=0,1856,526.96948,3.334527,1856,527.20557,4.093904,1856,.72118193,.023003669,1856,.74290538,.014757327,2723,867,1321,514,1267,1334,729
TIMSS,2023,IRL,8,1,bul_pv=1,867,530.38324,4.7073274,867,534.17255,5.7473831,867,.75931126,.027107736,867,.75939274,.027221844,2723,867,1321,514,1267,1334,729
TIMSS,2023,IRN,4,0,all,3107,424.88675,5.2370973,3107,441.58987,5.4302669,3107,.67590243,.022778369,3107,.62148339,.024774579,3107,1141,2063,634,2020,2063,308
TIMSS,2023,IRN,4,0,bul_any=1,2063,418.65347,5.4076142,2063,435.95834,5.8098264,2063,.65611064,.025538044,2063,.59620565,.026760932,3107,1141,2063,634,2020,2063,308
TIMSS,2023,IRN,4,0,bul_c_all=0,2799,427.32285,5.5974965,2799,444.36487,5.8822536,2799,.68805391,.024642432,2799,.63261414,.026415143,3107,1141,2063,634,2020,2063,308
TIMSS,2023,IRN,4,0,bul_c_all=1,308,408.39459,17.28409,308,422.80365,18.33242,308,.59363854,.066501833,308,.54612976,.069858789,3107,1141,2063,634,2020,2063,308
TIMSS,2023,IRN,4,0,bul_ev_all=0,1044,436.84888,6.0654874,1044,452.39722,6.407515,1044,.71388435,.025933253,1044,.66999334,.027025962,3107,1141,2063,634,2020,2063,308
TIMSS,2023,IRN,4,0,bul_ev_all=1,2063,418.65347,5.4076142,2063,435.95834,5.8098264,2063,.65611064,.025538044,2063,.59620565,.026760932,3107,1141,2063,634,2020,2063,308
TIMSS,2023,IRN,4,0,bul_ev_o=0,2473,434.37497,5.1325197,2473,451.51199,5.2502871,2473,.71157879,.022094784,2473,.66489488,.025157839,3107,1141,2063,634,2020,2063,308
TIMSS,2023,IRN,4,0,bul_ev_o=1,634,388.5918,6.5147305,634,403.63522,7.4410634,634,.5394311,.032770544,634,.4554233,.029965118,3107,1141,2063,634,2020,2063,308
TIMSS,2023,IRN,4,0,bul_ev_trad=0,1087,436.50806,6.116715,1087,451.71481,6.4274802,1087,.7120595,.026501821,1087,.66754669,.027129969,3107,1141,2063,634,2020,2063,308
TIMSS,2023,IRN,4,0,bul_ev_trad=1,2020,418.45071,5.3354797,2020,435.98257,5.7077518,2020,.65587819,.025653837,2020,.59597296,.026973287,3107,1141,2063,634,2020,2063,308
TIMSS,2023,IRN,4,0,bul_pv=0,1966,432.1228,5.6984978,1966,448.56464,5.6765685,1966,.6986655,.022350362,1966,.65508747,.025963107,3107,1141,2063,634,2020,2063,308
TIMSS,2023,IRN,4,0,bul_pv=1,1141,412.05646,5.3706145,1141,429.22296,5.9833326,1141,.63554126,.027798619,1141,.56190014,.028157393,3107,1141,2063,634,2020,2063,308
TIMSS,2023,IRN,4,1,all,3031,414.39828,6.2159896,3031,422.79303,6.6829848,3031,.59341574,.024904143,3031,.56683153,.025641179,3031,1565,2325,893,2300,2325,919
TIMSS,2023,IRN,4,1,bul_any=1,2325,409.79303,6.4325986,2325,418.32581,6.9299231,2325,.57399714,.026051572,2325,.54513544,.026842667,3031,1565,2325,893,2300,2325,919
TIMSS,2023,IRN,4,1,bul_c_all=0,2112,412.56659,7.3680134,2112,420.27689,7.8770924,2112,.58359557,.029584371,2112,.55969763,.029688563,3031,1565,2325,893,2300,2325,919
TIMSS,2023,IRN,4,1,bul_c_all=1,919,419.60806,12.828053,919,429.94955,13.298688,919,.62134671,.05227273,919,.58712226,.054557841,3031,1565,2325,893,2300,2325,919
TIMSS,2023,IRN,4,1,bul_ev_all=0,706,429.33359,7.6783943,706,437.28067,8.3744097,706,.65639228,.03064806,706,.63719422,.03199669,3031,1565,2325,893,2300,2325,919
TIMSS,2023,IRN,4,1,bul_ev_all=1,2325,409.79303,6.4325986,2325,418.32581,6.9299231,2325,.57399714,.026051572,2325,.54513544,.026842667,3031,1565,2325,893,2300,2325,919
TIMSS,2023,IRN,4,1,bul_ev_o=0,2138,433.23914,5.7973409,2138,443.26913,6.2901964,2138,.67371601,.023267996,2138,.64445603,.025309596,3031,1565,2325,893,2300,2325,919
TIMSS,2023,IRN,4,1,bul_ev_o=1,893,370.06354,8.4591627,893,374.61035,9.2482471,893,.40445995,.035241291,893,.38417229,.035515424,3031,1565,2325,893,2300,2325,919
TIMSS,2023,IRN,4,1,bul_ev_trad=0,731,429.30707,7.7084508,731,437.28934,8.3158302,731,.65717751,.030100739,731,.63768739,.03094293,3031,1565,2325,893,2300,2325,919
TIMSS,2023,IRN,4,1,bul_ev_trad=1,2300,409.56955,6.4797759,2300,418.0979,6.9878845,2300,.57276434,.026182139,2300,.54388255,.026817245,3031,1565,2325,893,2300,2325,919
TIMSS,2023,IRN,4,1,bul_pv=0,1466,428.1788,6.1957879,1466,436.89395,6.4816751,1466,.64964694,.026369357,1466,.6283257,.026935801,3031,1565,2325,893,2300,2325,919
TIMSS,2023,IRN,4,1,bul_pv=1,1565,401.21814,7.4314981,1565,409.30643,8.1354828,1565,.53963447,.029203998,1565,.50801659,.029597737,3031,1565,2325,893,2300,2325,919
TIMSS,2023,IRN,8,0,all,3079,423.1427,5.3169689,3079,423.32065,5.2498603,3079,.28770563,.022106403,3079,.27877584,.023252703,3079,878,1938,406,1887,1956,708
TIMSS,2023,IRN,8,0,bul_any=1,1956,411.07776,5.1005611,1956,411.23294,5.2387996,1956,.24227123,.022480983,1956,.22772501,.022303564,3079,878,1938,406,1887,1956,708
TIMSS,2023,IRN,8,0,bul_c_all=0,2371,425.91187,6.2828507,2371,424.66849,6.1448798,2371,.29714713,.025809919,2371,.29442772,.027183339,3079,878,1938,406,1887,1956,708
TIMSS,2023,IRN,8,0,bul_c_all=1,708,411.88779,7.6875877,708,417.84244,7.5132933,708,.24933152,.028930862,708,.2151601,.032852098,3079,878,1938,406,1887,1956,708
TIMSS,2023,IRN,8,0,bul_ev_all=0,1141,443.60007,6.5306149,1141,444.15906,6.506628,1141,.36464879,.030279391,1141,.36433515,.030925076,3079,878,1938,406,1887,1956,708
TIMSS,2023,IRN,8,0,bul_ev_all=1,1938,411.23386,5.1071095,1938,411.19,5.2783332,1938,.24291469,.022436528,1938,.22896916,.022448439,3079,878,1938,406,1887,1956,708
TIMSS,2023,IRN,8,0,bul_ev_o=0,2673,428.46744,5.3567157,2673,429.37985,5.1554384,2673,.30625004,.023055453,2673,.29791519,.024687298,3079,878,1938,406,1887,1956,708
TIMSS,2023,IRN,8,0,bul_ev_o=1,406,388.31995,6.9387159,406,383.69458,7.859663,406,.16642855,.024608806,406,.15360802,.027400194,3079,878,1938,406,1887,1956,708
TIMSS,2023,IRN,8,0,bul_ev_trad=0,1192,443.2027,6.5824246,1192,443.44156,6.5865979,1192,.36433694,.029972961,1192,.36254346,.030997669,3079,878,1938,406,1887,1956,708
TIMSS,2023,IRN,8,0,bul_ev_trad=1,1887,410.63791,5.0794883,1887,410.77786,5.2494359,1887,.23993593,.022390256,1887,.22655757,.022113688,3079,878,1938,406,1887,1956,708
TIMSS,2023,IRN,8,0,bul_pv=0,2201,432.59607,5.6251502,2201,433.17825,5.519568,2201,.32161546,.025314396,2201,.31712455,.02692798,3079,878,1938,406,1887,1956,708
TIMSS,2023,IRN,8,0,bul_pv=1,878,398.98035,5.2689247,878,398.12503,5.3550119,878,.20103358,.020349674,878,.18075824,.021996262,3079,878,1938,406,1887,1956,708
TIMSS,2023,IRN,8,1,all,3147,423.49332,4.8992791,3147,414.93021,5.0644684,3147,.28027934,.017959008,3147,.29166234,.019427665,3147,1557,2357,863,2312,2384,753
TIMSS,2023,IRN,8,1,bul_any=1,2384,415.04831,5.0865512,2384,405.52539,5.2569709,2384,.24872422,.016935231,2384,.25962818,.018869426,3147,1557,2357,863,2312,2384,753
TIMSS,2023,IRN,8,1,bul_c_all=0,2394,429.54651,6.0994692,2394,420.81964,6.2473903,2394,.30479974,.021878207,2394,.32123771,.024340829,3147,1557,2357,863,2312,2384,753
TIMSS,2023,IRN,8,1,bul_c_all=1,753,403.40326,7.000349,753,395.38358,8.1290541,753,.19889779,.02911731,753,.19350369,.029932359,3147,1557,2357,863,2312,2384,753
TIMSS,2023,IRN,8,1,bul_ev_all=0,790,449.40408,5.7018743,790,443.34723,5.837132,790,.37445602,.030417364,790,.38843367,.030424189,3147,1557,2357,863,2312,2384,753
TIMSS,2023,IRN,8,1,bul_ev_all=1,2357,414.97638,5.0879054,2357,405.58942,5.2858977,2357,.2493231,.0169391,2357,.25985324,.018817786,3147,1557,2357,863,2312,2384,753
TIMSS,2023,IRN,8,1,bul_ev_o=0,2284,439.42981,4.3501163,2284,434.27841,4.183176,2284,.33600229,.019839881,2284,.3461245,.02150204,3147,1557,2357,863,2312,2384,753
TIMSS,2023,IRN,8,1,bul_ev_o=1,863,383.93634,7.3739014,863,366.90472,7.7216711,863,.14196579,.021072721,863,.15647827,.02064896,3147,1557,2357,863,2312,2384,753
TIMSS,2023,IRN,8,1,bul_ev_trad=0,835,448.86792,5.7973957,835,443.25061,5.9387827,835,.37378925,.02991125,835,.38743669,.031750917,3147,1557,2357,863,2312,2384,753
TIMSS,2023,IRN,8,1,bul_ev_trad=1,2312,414.48572,5.1056623,2312,404.87689,5.2889371,2312,.24708469,.016508881,2312,.25766388,.018671732,3147,1557,2357,863,2312,2384,753
TIMSS,2023,IRN,8,1,bul_pv=0,1590,445.30673,4.6035275,1590,441.1669,4.539762,1590,.35791579,.023639154,1590,.36633486,.02240891,3147,1557,2357,863,2312,2384,753
TIMSS,2023,IRN,8,1,bul_pv=1,1557,401.90189,5.9199634,1557,388.96045,6.3875122,1557,.20343283,.020196659,1557,.2177496,.020338206,3147,1557,2357,863,2312,2384,753
TIMSS,2023,ISR,8,0,all,2600,479.91248,4.1855512,2600,480.17447,3.8779569,2600,.540097,.018899018,2600,.53046435,.020368975,2600,0,0,0,0,0,775
TIMSS,2023,ISR,8,0,bul_c_all=0,1825,485.70703,4.9769382,1825,484.41171,4.7229748,1825,.55590117,.021319382,1825,.55305594,.023536175,2600,0,0,0,0,0,775
TIMSS,2023,ISR,8,0,bul_c_all=1,775,466.15021,11.235446,775,470.11084,9.2623034,775,.50256145,.045328204,775,.47680849,.054737709,2600,0,0,0,0,0,775
TIMSS,2023,ISR,8,0,bul_ev_all=0,2600,479.91248,4.1855512,2600,480.17447,3.8779569,2600,.540097,.018899018,2600,.53046435,.020368975,2600,0,0,0,0,0,775
TIMSS,2023,ISR,8,0,bul_ev_o=0,2600,479.91248,4.1855512,2600,480.17447,3.8779569,2600,.540097,.018899018,2600,.53046435,.020368975,2600,0,0,0,0,0,775
TIMSS,2023,ISR,8,0,bul_ev_trad=0,2600,479.91248,4.1855512,2600,480.17447,3.8779569,2600,.540097,.018899018,2600,.53046435,.020368975,2600,0,0,0,0,0,775
TIMSS,2023,ISR,8,0,bul_pv=0,2600,479.91248,4.1855512,2600,480.17447,3.8779569,2600,.540097,.018899018,2600,.53046435,.020368975,2600,0,0,0,0,0,775
TIMSS,2023,ISR,8,1,all,2598,494.64761,4.6223125,2598,480.83023,4.4082379,2598,.53437579,.016964363,2598,.57847786,.016416792,2598,0,0,0,0,0,731
TIMSS,2023,ISR,8,1,bul_c_all=0,1867,499.25186,6.2860546,1867,483.97354,6.0512538,1867,.54478496,.023870459,1867,.59493864,.023970056,2598,0,0,0,0,0,731
TIMSS,2023,ISR,8,1,bul_c_all=1,731,482.48538,9.6293058,731,472.5271,8.5842342,731,.50687957,.034466919,731,.53499639,.044049289,2598,0,0,0,0,0,731
TIMSS,2023,ISR,8,1,bul_ev_all=0,2598,494.64761,4.6223125,2598,480.83023,4.4082379,2598,.53437579,.016964363,2598,.57847786,.016416792,2598,0,0,0,0,0,731
TIMSS,2023,ISR,8,1,bul_ev_o=0,2598,494.64761,4.6223125,2598,480.83023,4.4082379,2598,.53437579,.016964363,2598,.57847786,.016416792,2598,0,0,0,0,0,731
TIMSS,2023,ISR,8,1,bul_ev_trad=0,2598,494.64761,4.6223125,2598,480.83023,4.4082379,2598,.53437579,.016964363,2598,.57847786,.016416792,2598,0,0,0,0,0,731
TIMSS,2023,ISR,8,1,bul_pv=0,2598,494.64761,4.6223125,2598,480.83023,4.4082379,2598,.53437579,.016964363,2598,.57847786,.016416792,2598,0,0,0,0,0,731
TIMSS,2023,ITA,4,0,all,2181,501.48444,2.7589195,2181,505.69772,2.4538589,2181,.93041742,.0087989233,2181,.89705801,.014609908,2181,724,1241,242,1196,1241,353
TIMSS,2023,ITA,4,0,bul_any=1,1241,493.03098,3.6578314,1241,498.88739,2.9615552,1241,.91016591,.011865886,1241,.87337857,.018225715,2181,724,1241,242,1196,1241,353
TIMSS,2023,ITA,4,0,bul_c_all=0,1828,502.10358,3.1625991,1828,506.31119,2.7541318,1828,.93184108,.0094863884,1828,.898727,.011869156,2181,724,1241,242,1196,1241,353
TIMSS,2023,ITA,4,0,bul_c_all=1,353,498.51828,7.4221253,353,502.75867,6.3126616,353,.92359728,.023124006,353,.88906246,.046764467,2181,724,1241,242,1196,1241,353
TIMSS,2023,ITA,4,0,bul_ev_all=0,940,512.89789,2.7242918,940,514.8927,3.1199031,940,.9577601,.0097058881,940,.92902893,.01483941,2181,724,1241,242,1196,1241,353
TIMSS,2023,ITA,4,0,bul_ev_all=1,1241,493.03098,3.6578314,1241,498.88739,2.9615552,1241,.91016591,.011865886,1241,.87337857,.018225715,2181,724,1241,242,1196,1241,353
TIMSS,2023,ITA,4,0,bul_ev_o=0,1939,507.25037,2.7050407,1939,511.23389,2.4180248,1939,.94631916,.0072294557,1939,.91563177,.013900013,2181,724,1241,242,1196,1241,353
TIMSS,2023,ITA,4,0,bul_ev_o=1,242,456.00916,6.4112782,242,462.03452,4.6748095,242,.80500233,.03882217,242,.75056922,.03700415,2181,724,1241,242,1196,1241,353
TIMSS,2023,ITA,4,0,bul_ev_trad=0,985,511.44699,2.7741761,985,513.5603,3.0293434,985,.95554239,.0093343956,985,.92322332,.015647342,2181,724,1241,242,1196,1241,353
TIMSS,2023,ITA,4,0,bul_ev_trad=1,1196,493.46326,3.7082083,1196,499.36728,3.0566723,1196,.91018856,.012139056,1196,.87599152,.018349452,2181,724,1241,242,1196,1241,353
TIMSS,2023,ITA,4,0,bul_pv=0,1457,510.32697,2.645854,1457,513.39148,2.703805,1457,.95039827,.0088782841,1457,.91985762,.016794287,2181,724,1241,242,1196,1241,353
TIMSS,2023,ITA,4,0,bul_pv=1,724,483.71408,4.2907929,724,490.23599,3.3767729,724,.89026314,.016377445,724,.85123897,.018404193,2181,724,1241,242,1196,1241,353
TIMSS,2023,ITA,4,1,all,2272,523.927,3.2804408,2272,515.08783,2.9663088,2272,.93939424,.0078374688,2272,.92639172,.0065356465,2272,926,1447,339,1421,1447,361
TIMSS,2023,ITA,4,1,bul_any=1,1447,517.76563,3.6689515,1447,509.91989,3.3714664,1447,.93028158,.01060853,1447,.91837227,.0084549813,2272,926,1447,339,1421,1447,361
TIMSS,2023,ITA,4,1,bul_c_all=0,1911,526.91278,3.466063,1911,518.64276,3.3541262,1911,.94481212,.010134155,1911,.93172795,.0092048906,2272,926,1447,339,1421,1447,361
TIMSS,2023,ITA,4,1,bul_c_all=1,361,510.09457,11.226614,361,498.61823,8.877614,361,.91429436,.026146853,361,.9016701,.024675479,2272,926,1447,339,1421,1447,361
TIMSS,2023,ITA,4,1,bul_ev_all=0,825,534.78076,4.3273726,825,524.19153,3.4227407,825,.95544696,.0099530872,825,.94051862,.0094311768,2272,926,1447,339,1421,1447,361
TIMSS,2023,ITA,4,1,bul_ev_all=1,1447,517.76563,3.6689515,1447,509.91989,3.3714664,1447,.93028158,.01060853,1447,.91837227,.0084549813,2272,926,1447,339,1421,1447,361
TIMSS,2023,ITA,4,1,bul_ev_o=0,1933,532.297,3.2266073,1933,522.73096,3.0420165,1933,.95724535,.0076560318,1933,.94577545,.0063997381,2272,926,1447,339,1421,1447,361
TIMSS,2023,ITA,4,1,bul_ev_o=1,339,476.2778,6.5289402,339,471.57629,5.4795871,339,.83777052,.027283341,339,.8160429,.024745328,2272,926,1447,339,1421,1447,361
TIMSS,2023,ITA,4,1,bul_ev_trad=0,851,533.31244,4.4333668,851,522.80756,3.464576,851,.95222336,.010809444,851,.9369759,.009801276,2272,926,1447,339,1421,1447,361
TIMSS,2023,ITA,4,1,bul_ev_trad=1,1421,518.34888,3.6731472,1421,510.49966,3.4011018,1421,.93176943,.010846998,1421,.92010117,.0084642041,2272,926,1447,339,1421,1447,361
TIMSS,2023,ITA,4,1,bul_pv=0,1346,534.43298,3.5657268,1346,524.2735,3.0801854,1346,.94943762,.0084769418,1346,.93912297,.0084301727,2272,926,1447,339,1421,1447,361
TIMSS,2023,ITA,4,1,bul_pv=1,926,508.34262,4.1386528,926,501.46188,3.7907043,926,.92449605,.012849615,926,.90750641,.01104317,2272,926,1447,339,1421,1447,361
TIMSS,2023,ITA,8,0,all,2252,492.25806,3.2514369,2252,495.79736,3.4698846,2252,.60225654,.020502763,2252,.57321924,.017875448,2252,633,1190,199,1174,1213,808
TIMSS,2023,ITA,8,0,bul_any=1,1213,486.87848,4.0707717,1213,491.8483,4.2280827,1213,.58617032,.026198035,1213,.55209708,.023744425,2252,633,1190,199,1174,1213,808
TIMSS,2023,ITA,8,0,bul_c_all=0,1444,497.66132,4.3903275,1444,501.03268,4.0763726,1444,.63068879,.023815265,1444,.60102737,.022032438,2252,633,1190,199,1174,1213,808
TIMSS,2023,ITA,8,0,bul_c_all=1,808,483.62744,5.9392548,808,487.43497,6.5095143,808,.55684137,.039801355,808,.52880096,.034962721,2252,633,1190,199,1174,1213,808
TIMSS,2023,ITA,8,0,bul_ev_all=0,1062,497.78354,3.740519,1062,499.90207,3.6941721,1062,.61761904,.02256546,1062,.593418,.019817384,2252,633,1190,199,1174,1213,808
TIMSS,2023,ITA,8,0,bul_ev_all=1,1190,487.26999,4.2119837,1190,492.09192,4.3498669,1190,.58838814,.026857629,1190,.55498499,.024117315,2252,633,1190,199,1174,1213,808
TIMSS,2023,ITA,8,0,bul_ev_o=0,2053,494.65192,3.2302139,2053,498.30133,3.3979061,2053,.61601919,.02101792,2053,.58507735,.01724316,2252,633,1190,199,1174,1213,808
TIMSS,2023,ITA,8,0,bul_ev_o=1,199,466.67462,7.9250774,199,469.03726,8.2051687,199,.45517293,.04662684,199,.44648957,.05485864,2252,633,1190,199,1174,1213,808
TIMSS,2023,ITA,8,0,bul_ev_trad=0,1078,497.12326,3.6699517,1078,499.28186,3.6745126,1078,.6146996,.022270709,1078,.59096533,.019668862,2252,633,1190,199,1174,1213,808
TIMSS,2023,ITA,8,0,bul_ev_trad=1,1174,487.74219,4.2290859,1174,492.56305,4.3604255,1174,.59070677,.02720638,1174,.55674714,.024016306,2252,633,1190,199,1174,1213,808
TIMSS,2023,ITA,8,0,bul_pv=0,1619,494.7074,3.4229681,1619,498.06415,3.7190063,1619,.61641663,.02267522,1619,.58875936,.018446639,2252,633,1190,199,1174,1213,808
TIMSS,2023,ITA,8,0,bul_pv=1,633,485.93546,4.6310735,633,489.94595,4.378799,633,.56570393,.027502179,633,.53310424,.030943453,2252,633,1190,199,1174,1213,808
TIMSS,2023,ITA,8,1,all,2339,508.58752,3.4221299,2339,505.33945,3.8332415,2339,.65005815,.020876843,2339,.65278488,.019646101,2339,782,1213,276,1188,1229,846
TIMSS,2023,ITA,8,1,bul_any=1,1229,504.38019,3.9552984,1229,501.59601,4.4301977,1229,.64126432,.027154161,1229,.63962036,.025264554,2339,782,1213,276,1188,1229,846
TIMSS,2023,ITA,8,1,bul_c_all=0,1493,511.51514,4.4744954,1493,507.21191,4.5964932,1493,.6633032,.025327355,1493,.66933721,.023377901,2339,782,1213,276,1188,1229,846
TIMSS,2023,ITA,8,1,bul_c_all=1,846,503.97861,5.5131092,846,502.39163,6.4709425,846,.62920666,.034971282,846,.62672681,.031041659,2339,782,1213,276,1188,1229,846
TIMSS,2023,ITA,8,1,bul_ev_all=0,1126,513.19867,3.6358047,1126,509.64609,4.0727243,1126,.66155577,.021417812,1126,.66735882,.019158641,2339,782,1213,276,1188,1229,846
TIMSS,2023,ITA,8,1,bul_ev_all=1,1213,504.18204,3.9684517,1213,501.22491,4.4865198,1213,.63907337,.027314996,1213,.638861,.025201144,2339,782,1213,276,1188,1229,846
TIMSS,2023,ITA,8,1,bul_ev_o=0,2063,512.89624,3.4524615,2063,510.90363,3.5926805,2063,.67735875,.019464664,2063,.67115426,.020030947,2339,782,1213,276,1188,1229,846
TIMSS,2023,ITA,8,1,bul_ev_o=1,276,475.97321,6.3232455,276,463.22208,7.4763117,276,.44340974,.04500398,276,.51374036,.044483934,2339,782,1213,276,1188,1229,846
TIMSS,2023,ITA,8,1,bul_ev_trad=0,1151,513.84241,3.6191316,1151,509.85352,4.0644236,1151,.6627022,.021388957,1151,.67068696,.019032815,2339,782,1213,276,1188,1229,846
TIMSS,2023,ITA,8,1,bul_ev_trad=1,1188,503.36981,3.9283693,1188,500.85733,4.5078487,1188,.63750362,.027937431,1188,.63500953,.025002755,2339,782,1213,276,1188,1229,846
TIMSS,2023,ITA,8,1,bul_pv=0,1557,513.27826,3.1917953,1557,510.4494,3.642638,1557,.6704219,.018594516,1557,.66878963,.01775982,2339,782,1213,276,1188,1229,846
TIMSS,2023,ITA,8,1,bul_pv=1,782,499.07285,4.9999084,782,494.97449,5.6593256,782,.60875249,.035020795,782,.62032109,.033951603,2339,782,1213,276,1188,1229,846
TIMSS,2023,JOR,4,0,all,3141,431.20059,8.3290138,3141,428.48175,7.7309656,3141,.61191833,.029656937,3141,.61289346,.030803928,3141,989,1597,674,1542,1597,1175
TIMSS,2023,JOR,4,0,bul_any=1,1597,415.49213,8.9307423,1597,411.12061,8.5860128,1597,.54101044,.037070319,1597,.55163544,.03979167,3141,989,1597,674,1542,1597,1175
TIMSS,2023,JOR,4,0,bul_c_all=0,1966,433.9256,11.590975,1966,430.81049,10.353566,1966,.62212408,.040503405,1966,.62249106,.040764477,3141,989,1597,674,1542,1597,1175
TIMSS,2023,JOR,4,0,bul_c_all=1,1175,426.44208,11.615675,1175,424.41528,11.320271,1175,.59409672,.042797811,1175,.59613377,.044836447,3141,989,1597,674,1542,1597,1175
TIMSS,2023,JOR,4,0,bul_ev_all=0,1544,446.63284,9.5189314,1544,445.53769,8.2554646,1544,.68157953,.029960031,1544,.67307442,.030219547,3141,989,1597,674,1542,1597,1175
TIMSS,2023,JOR,4,0,bul_ev_all=1,1597,415.49213,8.9307423,1597,411.12061,8.5860128,1597,.54101044,.037070319,1597,.55163544,.03979167,3141,989,1597,674,1542,1597,1175
TIMSS,2023,JOR,4,0,bul_ev_o=0,2467,440.64844,8.6615829,2467,438.95749,7.6731963,2467,.65739626,.026401477,2467,.65276819,.028698552,3141,989,1597,674,1542,1597,1175
TIMSS,2023,JOR,4,0,bul_ev_o=1,674,398.89481,8.6046944,674,392.66138,9.2753201,674,.45641237,.050596736,674,.47654691,.042410795,3141,989,1597,674,1542,1597,1175
TIMSS,2023,JOR,4,0,bul_ev_trad=0,1599,445.27646,9.461421,1599,443.70502,8.1558943,1599,.67516923,.030040303,1599,.66881102,.030314175,3141,989,1597,674,1542,1597,1175
TIMSS,2023,JOR,4,0,bul_ev_trad=1,1542,415.90808,9.0800524,1542,411.94272,8.7646027,1542,.54320049,.038071845,1542,.5521428,.039944455,3141,989,1597,674,1542,1597,1175
TIMSS,2023,JOR,4,0,bul_pv=0,2152,442.4444,8.8625927,2152,439.8927,8.0971613,2152,.65999132,.028283751,2152,.65968227,.02891059,3141,989,1597,674,1542,1597,1175
TIMSS,2023,JOR,4,0,bul_pv=1,989,405.91165,8.4967356,989,402.81699,8.1403618,989,.50379556,.0417751,989,.50765896,.039685577,3141,989,1597,674,1542,1597,1175
TIMSS,2023,JOR,4,1,all,2924,422.40613,5.808744,2924,406.07141,5.2252102,2924,.53643012,.023921212,2924,.57860053,.026084008,2924,1339,1825,998,1770,1825,1403
TIMSS,2023,JOR,4,1,bul_any=1,1825,413.76712,6.7379994,1825,396.62778,5.6600056,1825,.50348324,.025923813,1825,.54360342,.031039525,2924,1339,1825,998,1770,1825,1403
TIMSS,2023,JOR,4,1,bul_c_all=0,1521,431.25278,8.7232094,1521,413.98691,7.9181552,1521,.57098436,.039202377,1521,.62015688,.037820451,2924,1339,1825,998,1770,1825,1403
TIMSS,2023,JOR,4,1,bul_c_all=1,1403,411.80173,9.8285313,1403,396.58319,9.297904,1403,.49501032,.041440971,1403,.52878731,.044390056,2924,1339,1825,998,1770,1825,1403
TIMSS,2023,JOR,4,1,bul_ev_all=0,1099,435.77167,6.5878048,1099,420.68182,6.559484,1099,.58740276,.032323886,1099,.63274509,.035548571,2924,1339,1825,998,1770,1825,1403
TIMSS,2023,JOR,4,1,bul_ev_all=1,1825,413.76712,6.7379994,1825,396.62778,5.6600056,1825,.50348324,.025923813,1825,.54360342,.031039525,2924,1339,1825,998,1770,1825,1403
TIMSS,2023,JOR,4,1,bul_ev_o=0,1926,429.45221,6.2880764,1926,413.99149,6.0206146,1926,.56444371,.028013535,1926,.60462052,.028624061,2924,1339,1825,998,1770,1825,1403
TIMSS,2023,JOR,4,1,bul_ev_o=1,998,406.78271,6.9566998,998,388.51007,6.1248307,998,.4743152,.030908376,998,.52090597,.035859201,2924,1339,1825,998,1770,1825,1403
TIMSS,2023,JOR,4,1,bul_ev_trad=0,1154,434.41388,6.6525927,1154,419.53946,6.5089412,1154,.58481044,.030881127,1154,.62761319,.036530707,2924,1339,1825,998,1770,1825,1403
TIMSS,2023,JOR,4,1,bul_ev_trad=1,1770,414.00662,6.825901,1770,396.65042,5.7258005,1770,.50258774,.026285307,1770,.54431581,.032451134,2924,1339,1825,998,1770,1825,1403
TIMSS,2023,JOR,4,1,bul_pv=0,1585,428.52106,6.5644259,1585,412.91608,6.111115,1585,.55708182,.028206673,1585,.60170263,.031912528,2924,1339,1825,998,1770,1825,1403
TIMSS,2023,JOR,4,1,bul_pv=1,1339,414.63882,6.5766163,1339,397.3772,6.0170393,1339,.51019794,.027880916,1339,.54925579,.033003036,2924,1339,1825,998,1770,1825,1403
TIMSS,2023,JOR,8,0,all,3438,393.75208,3.9274261,3438,423.7074,4.3143091,3438,.29651213,.019373823,3438,.17168635,.017955497,3438,1119,1945,779,1859,1962,1242
TIMSS,2023,JOR,8,0,bul_any=1,1962,380.57935,4.4018779,1962,407.2601,4.7524457,1962,.22755821,.018606571,1962,.13794634,.017461646,3438,1119,1945,779,1859,1962,1242
TIMSS,2023,JOR,8,0,bul_c_all=0,2196,391.35608,4.4646831,2196,422.43997,5.0953693,2196,.287819,.023204386,2196,.16253297,.020351112,3438,1119,1945,779,1859,1962,1242
TIMSS,2023,JOR,8,0,bul_c_all=1,1242,398.4675,7.8612394,1242,426.20175,7.9230676,1242,.31362051,.039141286,1242,.18970048,.035832927,3438,1119,1945,779,1859,1962,1242
TIMSS,2023,JOR,8,0,bul_ev_all=0,1493,411.58646,4.7213221,1493,445.87332,5.321774,1493,.38937768,.02747507,1493,.21828973,.02784951,3438,1119,1945,779,1859,1962,1242
TIMSS,2023,JOR,8,0,bul_ev_all=1,1945,380.33603,4.3914137,1945,407.0329,4.7094297,1945,.22665329,.018446863,1945,.13662857,.017249063,3438,1119,1945,779,1859,1962,1242
TIMSS,2023,JOR,8,0,bul_ev_o=0,2659,402.84705,4.0467734,2659,436.48151,4.5105648,2659,.34343183,.021760557,2659,.19676852,.02048108,3438,1119,1945,779,1859,1962,1242
TIMSS,2023,JOR,8,0,bul_ev_o=1,779,364.69492,5.2580395,779,382.89584,5.5316515,779,.1466101,.02155803,779,.091552213,.019100448,3438,1119,1945,779,1859,1962,1242
TIMSS,2023,JOR,8,0,bul_ev_trad=0,1579,410.50888,4.5892239,1579,444.56711,5.1749663,1579,.38306755,.026908634,1579,.21545009,.026499175,3438,1119,1945,779,1859,1962,1242
TIMSS,2023,JOR,8,0,bul_ev_trad=1,1859,379.79041,4.4382806,1859,406.32721,4.8232756,1859,.22439456,.018758012,1859,.1352226,.01718192,3438,1119,1945,779,1859,1962,1242
TIMSS,2023,JOR,8,0,bul_pv=0,2319,405.68756,4.1786213,2319,439.44171,4.7631221,2319,.3571398,.024303388,2319,.2032883,.021510666,3438,1119,1945,779,1859,1962,1242
TIMSS,2023,JOR,8,0,bul_pv=1,1119,369.9621,4.8886747,1119,392.34555,5.1318469,1119,.17566822,.020556675,1119,.10869688,.018036872,3438,1119,1945,779,1859,1962,1242
TIMSS,2023,JOR,8,1,all,3524,383.07516,5.3313942,3524,402.51355,5.9452734,3524,.24165757,.021800617,3524,.15657584,.018670702,3524,1746,2365,1376,2292,2379,1523
TIMSS,2023,JOR,8,1,bul_any=1,2379,375.92679,5.1615591,2379,392.4863,5.3478189,2379,.20750575,.017729238,2379,.14235115,.016613062,3524,1746,2365,1376,2292,2379,1523
TIMSS,2023,JOR,8,1,bul_c_all=0,2001,381.99042,8.3444233,2001,396.24643,8.9618187,2001,.21547349,.02905176,2001,.15743937,.029632229,3524,1746,2365,1376,2292,2379,1523
TIMSS,2023,JOR,8,1,bul_c_all=1,1523,384.18735,7.2737308,1523,408.93927,8.8206987,1523,.26850429,.036040135,1523,.15569046,.023257382,3524,1746,2365,1376,2292,2379,1523
TIMSS,2023,JOR,8,1,bul_ev_all=0,1159,397.23636,7.1905065,1159,422.38535,8.4839725,1159,.30822328,.037584405,1159,.18485291,.027288347,3524,1746,2365,1376,2292,2379,1523
TIMSS,2023,JOR,8,1,bul_ev_all=1,2365,376.04092,5.1898556,2365,392.64273,5.3829937,2365,.20859274,.017851938,2365,.14252992,.016754016,3524,1746,2365,1376,2292,2379,1523
TIMSS,2023,JOR,8,1,bul_ev_o=0,2148,395.96378,5.743516,2148,421.4082,6.7384653,2148,.30699101,.027304314,2148,.19377406,.023102693,3524,1746,2365,1376,2292,2379,1523
TIMSS,2023,JOR,8,1,bul_ev_o=1,1376,362.74716,5.9288893,1376,372.71283,5.7863231,1376,.13861339,.018043082,1376,.097906649,.016398905,3524,1746,2365,1376,2292,2379,1523
TIMSS,2023,JOR,8,1,bul_ev_trad=0,1232,394.69174,7.1932926,1232,418.73328,8.4699459,1232,.29973415,.035881288,1232,.1809649,.026649151,3524,1746,2365,1376,2292,2379,1523
TIMSS,2023,JOR,8,1,bul_ev_trad=1,2292,376.81567,5.1170793,2292,393.77371,5.3755841,2292,.21036358,.017991751,2292,.14343403,.016839782,3524,1746,2365,1376,2292,2379,1523
TIMSS,2023,JOR,8,1,bul_pv=0,1778,397.07529,6.464067,1778,421.95334,7.7139087,1778,.31064609,.030880149,1778,.19311163,.024977142,3524,1746,2365,1376,2292,2379,1523
TIMSS,2023,JOR,8,1,bul_pv=1,1746,368.80917,5.3371019,1746,382.70462,5.358654,1746,.17135902,.017832004,1746,.11934627,.015299619,3524,1746,2365,1376,2292,2379,1523
TIMSS,2023,JPN,4,0,all,1956,585.54449,2.5603662,1956,551.81738,2.5459881,1956,.9862743,.0039215395,1956,.99386507,.0022979386,1956,293,578,26,552,578,509
TIMSS,2023,JPN,4,0,bul_any=1,578,574.71759,4.2468567,578,542.10828,4.0171819,578,.97601867,.0070527438,578,.9853968,.006645421,1956,293,578,26,552,578,509
TIMSS,2023,JPN,4,0,bul_c_all=0,1447,588.25708,2.7797415,1447,554.73999,2.6416237,1447,.98748004,.0037226868,1447,.99436831,.0025555592,1956,293,578,26,552,578,509
TIMSS,2023,JPN,4,0,bul_c_all=1,509,578.08154,5.4249911,509,543.77667,5.2666287,509,.98295689,.011231301,509,.99248064,.0042961081,1956,293,578,26,552,578,509
TIMSS,2023,JPN,4,0,bul_ev_all=0,1378,590.26581,2.4698265,1378,556.05127,2.5257399,1378,.9907465,.0034046792,1378,.99755788,.00185375,1956,293,578,26,552,578,509
TIMSS,2023,JPN,4,0,bul_ev_all=1,578,574.71759,4.2468567,578,542.10828,4.0171819,578,.97601867,.0070527438,578,.9853968,.006645421,1956,293,578,26,552,578,509
TIMSS,2023,JPN,4,0,bul_ev_o=0,1930,586.255,2.4832082,1930,552.6134,2.4236004,1930,.98807353,.0036814632,1930,.99486679,.00239949,1956,293,578,26,552,578,509
TIMSS,2023,JPN,4,0,bul_ev_o=1,26,533.67957,21.218956,26,493.71039,21.068594,26,.85493511,.088037513,26,.92074555,.077972867,1956,293,578,26,552,578,509
TIMSS,2023,JPN,4,0,bul_ev_trad=0,1404,590.29425,2.4743547,1404,555.84784,2.6552427,1404,.99010104,.0032271424,1404,.99760765,.0018159903,1956,293,578,26,552,578,509
TIMSS,2023,JPN,4,0,bul_ev_trad=1,552,573.86908,4.2590418,552,541.91003,3.7199969,552,.97686762,.0075664776,552,.98466551,.0069654514,1956,293,578,26,552,578,509
TIMSS,2023,JPN,4,0,bul_pv=0,1663,587.80981,2.4862354,1663,554.35754,2.4094214,1663,.98922867,.003655883,1663,.99631572,.001790263,1956,293,578,26,552,578,509
TIMSS,2023,JPN,4,0,bul_pv=1,293,573.12274,5.3578601,293,537.88867,5.9948244,293,.97007442,.011160991,293,.98042744,.010120585,1956,293,578,26,552,578,509
TIMSS,2023,JPN,4,1,all,1919,595.93091,2.7124479,1919,557.93536,2.8283958,1919,.97968733,.0059777154,1919,.992567,.0029776404,1919,560,905,45,887,905,487
TIMSS,2023,JPN,4,1,bul_any=1,905,590.84027,3.1567845,905,552.69904,3.5683541,905,.9752292,.0088469256,905,.98892051,.0043277522,1919,560,905,45,887,905,487
TIMSS,2023,JPN,4,1,bul_c_all=0,1432,597.96973,2.8990018,1432,559.69629,3.085557,1432,.98100215,.0067314627,1432,.99130464,.0036417912,1919,560,905,45,887,905,487
TIMSS,2023,JPN,4,1,bul_c_all=1,487,590.07428,6.1168594,487,552.87726,5.1364503,487,.97591048,.0080040134,487,.99619323,.003889381,1919,560,905,45,887,905,487
TIMSS,2023,JPN,4,1,bul_ev_all=0,1014,600.64691,3.1885517,1014,562.78644,3.0731595,1014,.9838174,.006312245,1014,.99594516,.0042538997,1919,560,905,45,887,905,487
TIMSS,2023,JPN,4,1,bul_ev_all=1,905,590.84027,3.1567845,905,552.69904,3.5683541,905,.9752292,.0088469256,905,.98892051,.0043277522,1919,560,905,45,887,905,487
TIMSS,2023,JPN,4,1,bul_ev_o=0,1874,597.71289,2.6702998,1874,559.82703,2.7429922,1874,.98246753,.005219568,1874,.99461871,.0028375643,1919,560,905,45,887,905,487
TIMSS,2023,JPN,4,1,bul_ev_o=1,45,525.58203,13.514943,45,483.26053,14.13101,45,.86993164,.077661395,45,.91157156,.040763333,1919,560,905,45,887,905,487
TIMSS,2023,JPN,4,1,bul_ev_trad=0,1032,600.74194,3.1649404,1032,562.85443,3.003866,1032,.98390651,.0060595698,1032,.99601471,.0041806996,1919,560,905,45,887,905,487
TIMSS,2023,JPN,4,1,bul_ev_trad=1,887,590.54565,3.1802804,887,552.42932,3.6339719,887,.97496456,.0090202522,887,.98870784,.0044180243,1919,560,905,45,887,905,487
TIMSS,2023,JPN,4,1,bul_pv=0,1359,597.37805,2.8265562,1359,560.30133,2.8141778,1359,.98312932,.0057747755,1359,.99533433,.0039739367,1919,560,905,45,887,905,487
TIMSS,2023,JPN,4,1,bul_pv=1,560,592.51123,3.6503403,560,552.34473,4.0656333,560,.97155374,.010511587,560,.98602778,.0054989634,1919,560,905,45,887,905,487
TIMSS,2023,JPN,8,0,all,1875,587.73511,3.7449224,1875,550.92944,3.8425241,1875,.83854157,.014512549,1875,.91682822,.007438181,1875,99,264,36,239,270,499
TIMSS,2023,JPN,8,0,bul_any=1,270,565.44189,5.0608439,270,530.35419,6.7450271,270,.76441514,.029773431,270,.86857623,.021903688,1875,99,264,36,239,270,499
TIMSS,2023,JPN,8,0,bul_c_all=0,1376,591.12109,4.21594,1376,555.76581,3.5548451,1376,.85651237,.012242125,1376,.91868562,.0098171197,1875,99,264,36,239,270,499
TIMSS,2023,JPN,8,0,bul_c_all=1,499,579.07996,7.800468,499,538.56689,8.2773571,499,.79260558,.039182395,499,.91208047,.01769986,1875,99,264,36,239,270,499
TIMSS,2023,JPN,8,0,bul_ev_all=0,1611,591.49713,3.8646603,1611,554.41327,3.6061246,1611,.85188472,.013301616,1611,.92547983,.00789453,1875,99,264,36,239,270,499
TIMSS,2023,JPN,8,0,bul_ev_all=1,264,565.72028,4.7064486,264,530.54236,6.6780996,264,.76045907,.03437179,264,.86620003,.019220285,1875,99,264,36,239,270,499
TIMSS,2023,JPN,8,0,bul_ev_o=0,1839,588.3537,3.6644452,1839,552.15863,3.4634778,1839,.84258795,.012538634,1839,.91639888,.0075729829,1875,99,264,36,239,270,499
TIMSS,2023,JPN,8,0,bul_ev_o=1,36,557.23383,11.200516,36,490.32104,22.389734,36,.63903475,.11974345,36,.93799722,.053768367,1875,99,264,36,239,270,499
TIMSS,2023,JPN,8,0,bul_ev_trad=0,1636,591.34955,3.789598,1636,554.42688,3.5682917,1636,.85272312,.013346482,1636,.92590487,.0079156235,1875,99,264,36,239,270,499
TIMSS,2023,JPN,8,0,bul_ev_trad=1,239,564.17841,5.1408648,239,528.13501,6.9570975,239,.74611509,.036071628,239,.85767245,.020202968,1875,99,264,36,239,270,499
TIMSS,2023,JPN,8,0,bul_pv=0,1776,589.1521,3.5317638,1776,552.73096,3.2422876,1776,.8439275,.012005486,1776,.91740179,.0073333094,1875,99,264,36,239,270,499
TIMSS,2023,JPN,8,0,bul_pv=1,99,564.96704,10.935928,99,521.98254,13.461779,99,.75200129,.07016243,99,.90761286,.05012124,1875,99,264,36,239,270,499
TIMSS,2023,JPN,8,1,all,2030,601.24164,3.652564,2030,562.82129,3.5051885,2030,.85513467,.012182539,2030,.91770411,.0075931051,2030,222,544,67,510,552,525
TIMSS,2023,JPN,8,1,bul_any=1,552,602.05188,3.5623474,552,565.24841,4.0145082,552,.86836296,.01636276,552,.92471582,.012129254,2030,222,544,67,510,552,525
TIMSS,2023,JPN,8,1,bul_c_all=0,1505,602.32715,5.2452989,1505,565.29755,4.6452804,1505,.86221218,.014920541,1505,.91926533,.0093407249,2030,222,544,67,510,552,525
TIMSS,2023,JPN,8,1,bul_c_all=1,525,598.08173,6.0740938,525,555.61279,4.9108086,525,.83453161,.020833507,525,.91315925,.012418699,2030,222,544,67,510,552,525
TIMSS,2023,JPN,8,1,bul_ev_all=0,1486,601.04614,4.1211576,1486,561.89789,4.161099,1486,.85034192,.013729915,1486,.91565049,.0097536379,2030,222,544,67,510,552,525
TIMSS,2023,JPN,8,1,bul_ev_all=1,544,601.79279,3.5976663,544,565.42438,3.9095864,544,.86864489,.015348289,544,.92349303,.012348753,2030,222,544,67,510,552,525
TIMSS,2023,JPN,8,1,bul_ev_o=0,1963,600.95685,3.6723204,1963,563.45447,3.4574382,1963,.85703981,.012211482,1963,.91811812,.0076213861,2030,222,544,67,510,552,525
TIMSS,2023,JPN,8,1,bul_ev_o=1,67,609.67896,15.10301,67,544.06555,15.622125,67,.79869854,.070572659,67,.90543956,.033905644,2030,222,544,67,510,552,525
TIMSS,2023,JPN,8,1,bul_ev_trad=0,1520,601.48834,4.0464573,1520,562.22736,4.1022925,1520,.85118312,.014000554,1520,.91731024,.0097204437,2030,222,544,67,510,552,525
TIMSS,2023,JPN,8,1,bul_ev_trad=1,510,600.48407,3.8161237,510,564.64539,4.1312323,510,.86727065,.016144341,510,.9189136,.013083331,2030,222,544,67,510,552,525
TIMSS,2023,JPN,8,1,bul_pv=0,1808,601.41205,3.9242277,1808,563.39478,3.7263796,1808,.85613149,.012803536,1808,.91748738,.0081762541,2030,222,544,67,510,552,525
TIMSS,2023,JPN,8,1,bul_pv=1,222,599.82495,5.5025091,222,558.05426,6.3467913,222,.84684896,.034065723,222,.91950524,.01711344,2030,222,544,67,510,552,525
TIMSS,2023,KAZ,4,0,all,3206,480.49448,3.8235247,3206,464.21857,3.760128,3206,.7559827,.016717326,3206,.82653397,.013730069,3206,1026,2028,815,1953,2028,466
TIMSS,2023,KAZ,4,0,bul_any=1,2028,473.50821,4.3283033,2028,456.88718,4.2583122,2028,.72667599,.020091653,2028,.80334759,.016000576,3206,1026,2028,815,1953,2028,466
TIMSS,2023,KAZ,4,0,bul_c_all=0,2740,482.18222,4.4807625,2740,465.71967,4.2480483,2740,.75854433,.018418061,2740,.82740587,.015682524,3206,1026,2028,815,1953,2028,466
TIMSS,2023,KAZ,4,0,bul_c_all=1,466,470.92197,8.4989967,466,455.7048,10.924324,466,.74145359,.037909187,466,.82158881,.034168497,3206,1026,2028,815,1953,2028,466
TIMSS,2023,KAZ,4,0,bul_ev_all=0,1178,492.8114,4.1497283,1178,477.14395,4.1439376,1178,.80765086,.021205174,1178,.86741191,.016797602,3206,1026,2028,815,1953,2028,466
TIMSS,2023,KAZ,4,0,bul_ev_all=1,2028,473.50821,4.3283033,2028,456.88718,4.2583122,2028,.72667599,.020091653,2028,.80334759,.016000576,3206,1026,2028,815,1953,2028,466
TIMSS,2023,KAZ,4,0,bul_ev_o=0,2391,490.07468,3.7539835,2391,476.1571,3.6798501,2391,.80691934,.014933316,2391,.86132503,.01229436,3206,1026,2028,815,1953,2028,466
TIMSS,2023,KAZ,4,0,bul_ev_o=1,815,452.39752,6.2826605,815,429.20505,5.5568395,815,.60659486,.032277919,815,.72449815,.031669237,3206,1026,2028,815,1953,2028,466
TIMSS,2023,KAZ,4,0,bul_ev_trad=0,1253,491.17099,4.2318053,1253,474.12366,4.2807536,1253,.79367977,.023597296,1253,.86211908,.01654855,3206,1026,2028,815,1953,2028,466
TIMSS,2023,KAZ,4,0,bul_ev_trad=1,1953,473.85156,4.3417144,1953,458.05563,4.2199917,1953,.73252761,.019291745,1953,.80439293,.016886437,3206,1026,2028,815,1953,2028,466
TIMSS,2023,KAZ,4,0,bul_pv=0,2180,488.09824,3.806524,2180,473.09067,3.8515394,2180,.79647756,.017739475,2180,.85353553,.013089703,3206,1026,2028,815,1953,2028,466
TIMSS,2023,KAZ,4,0,bul_pv=1,1026,464.22583,5.2147789,1026,445.23624,4.7366762,1026,.66934162,.022222968,1026,.76876259,.021434233,3206,1026,2028,815,1953,2028,466
TIMSS,2023,KAZ,4,1,all,3302,493.70514,3.8605173,3302,468.78806,3.7995219,3302,.76202327,.016176159,3302,.84616488,.012465437,3302,1317,2345,1140,2281,2345,437
TIMSS,2023,KAZ,4,1,bul_any=1,2345,488.50052,4.100297,2345,465.04556,4.0611997,2345,.74791586,.017538035,2345,.83475369,.01479078,3302,1317,2345,1140,2281,2345,437
TIMSS,2023,KAZ,4,1,bul_c_all=0,2865,495.68436,4.3730021,2865,470.17203,4.4075727,2865,.76268029,.017920695,2865,.84544557,.013391765,3302,1317,2345,1140,2281,2345,437
TIMSS,2023,KAZ,4,1,bul_c_all=1,437,481.20599,9.8189926,437,460.04788,11.182403,437,.75787389,.048393607,437,.85070753,.039965998,3302,1317,2345,1140,2281,2345,437
TIMSS,2023,KAZ,4,1,bul_ev_all=0,957,506.85812,4.9167728,957,478.246,5.178762,957,.79767525,.02271405,957,.87500304,.016548064,3302,1317,2345,1140,2281,2345,437
TIMSS,2023,KAZ,4,1,bul_ev_all=1,2345,488.50052,4.100297,2345,465.04556,4.0611997,2345,.74791586,.017538035,2345,.83475369,.01479078,3302,1317,2345,1140,2281,2345,437
TIMSS,2023,KAZ,4,1,bul_ev_o=0,2162,507.55676,4.2238522,2162,485.70425,4.0167046,2162,.82344073,.015648268,2162,.88405401,.01210481,3302,1317,2345,1140,2281,2345,437
TIMSS,2023,KAZ,4,1,bul_ev_o=1,1140,467.86676,4.2567434,1140,437.23312,4.5265493,1140,.64745724,.025130387,1140,.77548784,.019410511,3302,1317,2345,1140,2281,2345,437
TIMSS,2023,KAZ,4,1,bul_ev_trad=0,1021,504.7395,4.9717479,1021,475.09692,5.0463638,1021,.78899515,.022093108,1021,.86757135,.01753593,3302,1317,2345,1140,2281,2345,437
TIMSS,2023,KAZ,4,1,bul_ev_trad=1,2281,488.89908,4.0622535,2281,466.04019,4.0346174,2281,.75027561,.017391972,2281,.83684129,.015266335,3302,1317,2345,1140,2281,2345,437
TIMSS,2023,KAZ,4,1,bul_pv=0,1985,505.10565,4.1997132,1985,479.39728,4.1192498,1985,.80809993,.017847469,1985,.88188475,.012307705,3302,1317,2345,1140,2281,2345,437
TIMSS,2023,KAZ,4,1,bul_pv=1,1317,476.62726,4.0573373,1317,452.89557,4.3061581,1317,.69300097,.01969602,1317,.79265702,.018150585,3302,1317,2345,1140,2281,2345,437
TIMSS,2023,KAZ,8,0,all,3071,451.74573,3.9457545,3071,441.90784,3.3724639,3071,.33254057,.016050639,3071,.38763964,.017048074,3071,712,1474,481,1434,1480,480
TIMSS,2023,KAZ,8,0,bul_any=1,1480,439.73248,4.1892328,1480,431.43448,3.924237,1480,.27663577,.017619679,1480,.3361991,.019032637,3071,712,1474,481,1434,1480,480
TIMSS,2023,KAZ,8,0,bul_c_all=0,2591,452.54294,4.6839881,2591,443.44684,3.8547142,2591,.34107661,.019023038,2591,.39035374,.019249151,3071,712,1474,481,1434,1480,480
TIMSS,2023,KAZ,8,0,bul_c_all=1,480,447.13025,8.4446182,480,432.99799,7.3868141,480,.28312138,.040395334,480,.37192649,.047299322,3071,712,1474,481,1434,1480,480
TIMSS,2023,KAZ,8,0,bul_ev_all=0,1597,462.67596,4.486845,1597,451.49219,3.8818071,1597,.38343319,.021431088,1597,.43456939,.020974496,3071,712,1474,481,1434,1480,480
TIMSS,2023,KAZ,8,0,bul_ev_all=1,1474,439.74878,4.2018075,1474,431.38815,3.9252546,1474,.27668118,.017536895,1474,.33612993,.01908315,3071,712,1474,481,1434,1480,480
TIMSS,2023,KAZ,8,0,bul_ev_o=0,2590,455.7829,3.9592838,2590,445.76669,3.4171274,2590,.35143897,.017123699,2590,.40587637,.017735198,3071,712,1474,481,1434,1480,480
TIMSS,2023,KAZ,8,0,bul_ev_o=1,481,429.92242,6.0172205,481,421.0484,5.5042529,481,.2303832,.027179858,481,.28905922,.031177975,3071,712,1474,481,1434,1480,480
TIMSS,2023,KAZ,8,0,bul_ev_trad=0,1637,462.43674,4.3827124,1637,451.44516,3.8278027,1637,.38452655,.021035288,1637,.4333882,.020368362,3071,712,1474,481,1434,1480,480
TIMSS,2023,KAZ,8,0,bul_ev_trad=1,1434,439.37595,4.2250609,1434,430.87292,3.9925311,1434,.27239144,.017289612,1434,.33470741,.019070353,3071,712,1474,481,1434,1480,480
TIMSS,2023,KAZ,8,0,bul_pv=0,2359,457.44165,4.143208,2359,446.49423,3.5216203,2359,.3568041,.017932925,2359,.41517252,.018702954,3071,712,1474,481,1434,1480,480
TIMSS,2023,KAZ,8,0,bul_pv=1,712,432.09714,4.9684305,712,426.08679,4.5387535,712,.24884172,.024210829,712,.29266301,.026603714,3071,712,1474,481,1434,1480,480
TIMSS,2023,KAZ,8,1,all,3291,456.20505,3.49733,3291,443.37814,3.0364883,3291,.35142514,.015988728,3291,.39732739,.016699648,3291,852,1606,629,1555,1617,573
TIMSS,2023,KAZ,8,1,bul_any=1,1617,451.31323,3.7768872,1617,435.97867,3.2431128,1617,.32007203,.018320033,1617,.37964973,.019200489,3291,852,1606,629,1555,1617,573
TIMSS,2023,KAZ,8,1,bul_c_all=0,2718,454.97314,4.3472781,2718,443.82397,3.5738184,2718,.35477147,.018434409,2718,.38724577,.021011679,3291,852,1606,629,1555,1617,573
TIMSS,2023,KAZ,8,1,bul_c_all=1,573,462.75238,9.6114855,573,441.00867,7.2099714,573,.33364022,.048441187,573,.45090899,.041949309,3291,852,1606,629,1555,1617,573
TIMSS,2023,KAZ,8,1,bul_ev_all=0,1685,460.70053,4.1129537,1685,450.47409,3.9770145,1685,.38228393,.022775332,1685,.4138537,.019559124,3291,852,1606,629,1555,1617,573
TIMSS,2023,KAZ,8,1,bul_ev_all=1,1606,451.50397,3.8236282,1606,435.95758,3.3101342,1606,.31915477,.018709168,1606,.38004509,.019468024,3291,852,1606,629,1555,1617,573
TIMSS,2023,KAZ,8,1,bul_ev_o=0,2662,459.06891,3.7582471,2662,448.25586,3.3737509,2662,.37075749,.018399945,2662,.40739322,.017660968,3291,852,1606,629,1555,1617,573
TIMSS,2023,KAZ,8,1,bul_ev_o=1,629,444.55347,4.8418694,629,423.53299,4.3312826,629,.27277097,.025550574,629,.35637432,.028003892,3291,852,1606,629,1555,1617,573
TIMSS,2023,KAZ,8,1,bul_ev_trad=0,1736,461.00116,4.0875163,1736,450.77829,3.8804691,1736,.38313758,.02206701,1736,.41289264,.019047791,3291,852,1606,629,1555,1617,573
TIMSS,2023,KAZ,8,1,bul_ev_trad=1,1555,450.87039,3.8304963,1555,435.14706,3.2486165,1555,.3161518,.018601781,1555,.38001439,.019899629,3291,852,1606,629,1555,1617,573
TIMSS,2023,KAZ,8,1,bul_pv=0,2439,459.86212,3.5994384,2439,448.59424,3.381258,2439,.37045118,.018520087,2439,.40934435,.017671373,3291,852,1606,629,1555,1617,573
TIMSS,2023,KAZ,8,1,bul_pv=1,852,445.60446,4.8757172,852,428.25836,3.7915998,852,.29627502,.022708477,852,.36249426,.024042014,3291,852,1606,629,1555,1617,573
TIMSS,2023,KOR,4,0,all,2153,585.74298,3.1998291,2153,575.6214,3.1392376,2153,.98295361,.0052156704,2153,.98714322,.0078257518,2153,360,638,138,606,638,665
TIMSS,2023,KOR,4,0,bul_any=1,638,573.92102,5.2424092,638,563.82343,5.2109909,638,.97190875,.010567897,638,.98050994,.012036799,2153,360,638,138,606,638,665
TIMSS,2023,KOR,4,0,bul_c_all=0,1488,587.84924,3.6928108,1488,578.52844,3.2581012,1488,.98711419,.0045214286,1488,.98923439,.0089499839,2153,360,638,138,606,638,665
TIMSS,2023,KOR,4,0,bul_c_all=1,665,580.56,7.0230188,665,568.46783,6.9356532,665,.97271514,.014722955,665,.98199719,.014048852,2153,360,638,138,606,638,665
TIMSS,2023,KOR,4,0,bul_ev_all=0,1515,590.86945,3.1818414,1515,580.73749,2.8344028,1515,.98774308,.0045936969,1515,.99001962,.0075659505,2153,360,638,138,606,638,665
TIMSS,2023,KOR,4,0,bul_ev_all=1,638,573.92102,5.2424092,638,563.82343,5.2109909,638,.97190875,.010567897,638,.98050994,.012036799,2153,360,638,138,606,638,665
TIMSS,2023,KOR,4,0,bul_ev_o=0,2015,587.34601,3.1216512,2015,577.13257,3.0658851,2015,.98471421,.0042286548,2015,.98848325,.0071021738,2153,360,638,138,606,638,665
TIMSS,2023,KOR,4,0,bul_ev_o=1,138,564.50085,10.156486,138,555.59692,8.7872295,138,.95962346,.028850624,138,.96938568,.030095873,2153,360,638,138,606,638,665
TIMSS,2023,KOR,4,0,bul_ev_trad=0,1547,589.86224,3.242851,1547,580.16168,2.9425337,1547,.98745525,.0044957497,1547,.98925751,.0085428199,2153,360,638,138,606,638,665
TIMSS,2023,KOR,4,0,bul_ev_trad=1,606,575.46283,5.3339653,606,564.29059,5.2215991,606,.97171897,.010710903,606,.9818666,.01095035,2153,360,638,138,606,638,665
TIMSS,2023,KOR,4,0,bul_pv=0,1793,588.90088,3.0451508,1793,578.83411,2.8690686,1793,.98645878,.004076926,1793,.98973536,.0068074386,2153,360,638,138,606,638,665
TIMSS,2023,KOR,4,0,bul_pv=1,360,570.82355,7.3275456,360,560.44318,7.1217346,360,.96639353,.015160089,360,.97489637,.018589348,2153,360,638,138,606,638,665
TIMSS,2023,KOR,4,1,all,2202,602.98792,2.8991175,2202,590.82568,3.0405061,2202,.98538053,.0049812407,2202,.99052286,.0043374556,2202,591,1011,194,982,1011,694
TIMSS,2023,KOR,4,1,bul_any=1,1011,595.59894,3.9576607,1011,581.79694,4.6306024,1011,.97599006,.010020969,1011,.98535079,.0080986787,2202,591,1011,194,982,1011,694
TIMSS,2023,KOR,4,1,bul_c_all=0,1508,604.95483,3.1866248,1508,592.97052,2.9741218,1508,.98962682,.0039084754,1508,.99119508,.0037852556,2202,591,1011,194,982,1011,694
TIMSS,2023,KOR,4,1,bul_c_all=1,694,598.315,6.5739098,694,585.73022,6.9132376,694,.9752925,.013832643,694,.98892587,.010938445,2202,591,1011,194,982,1011,694
TIMSS,2023,KOR,4,1,bul_ev_all=0,1191,609.26416,3.4262156,1191,598.49487,2.9776814,1191,.99335694,.0030695579,1191,.99491608,.003422749,2202,591,1011,194,982,1011,694
TIMSS,2023,KOR,4,1,bul_ev_all=1,1011,595.59894,3.9576607,1011,581.79694,4.6306024,1011,.97599006,.010020969,1011,.98535079,.0080986787,2202,591,1011,194,982,1011,694
TIMSS,2023,KOR,4,1,bul_ev_o=0,2008,604.88733,2.6883667,2008,593.12531,2.7794888,2008,.98762876,.0047127232,2008,.99252766,.0035967908,2202,591,1011,194,982,1011,694
TIMSS,2023,KOR,4,1,bul_ev_o=1,194,583.93964,8.2311125,194,567.76428,8.430851,194,.9628343,.019393826,194,.97041804,.014889594,2202,591,1011,194,982,1011,694
TIMSS,2023,KOR,4,1,bul_ev_trad=0,1220,608.46844,3.4416935,1220,597.55396,2.9282451,1220,.99230564,.0030734986,1220,.99459428,.0032582458,2202,591,1011,194,982,1011,694
TIMSS,2023,KOR,4,1,bul_ev_trad=1,982,596.18854,4.0757008,982,582.47833,4.7982616,982,.97678906,.010316435,982,.98547179,.0082953488,2202,591,1011,194,982,1011,694
TIMSS,2023,KOR,4,1,bul_pv=0,1611,606.17865,2.9976654,1611,593.69836,2.9649539,1611,.9897539,.0035315445,1611,.99345738,.0032117448,2202,591,1011,194,982,1011,694
TIMSS,2023,KOR,4,1,bul_pv=1,591,594.5188,5.1363177,591,583.20081,4.9860678,591,.97377247,.010660107,591,.98273402,.010658679,2202,591,1011,194,982,1011,694
TIMSS,2023,KOR,8,0,all,2128,592.922,3.6289201,2128,542.70184,2.7979665,2128,.80041385,.013578135,2128,.88968104,.010083098,2128,210,743,160,724,749,521
TIMSS,2023,KOR,8,0,bul_any=1,749,581.44977,5.0314898,749,530.59937,4.116941,749,.7580446,.021641886,749,.86885488,.015961204,2128,210,743,160,724,749,521
TIMSS,2023,KOR,8,0,bul_c_all=0,1607,593.80664,4.2477112,1607,544.23218,3.2064629,1607,.80140197,.015463606,1607,.88878167,.012368902,2128,210,743,160,724,749,521
TIMSS,2023,KOR,8,0,bul_c_all=1,521,590.35547,5.6021867,521,538.26227,5.1102257,521,.79754734,.020366212,521,.89229029,.016232021,2128,210,743,160,724,749,521
TIMSS,2023,KOR,8,0,bul_ev_all=0,1385,599.67236,3.9407728,1385,549.7337,3.1254356,1385,.82516819,.016842939,1385,.90197563,.010745945,2128,210,743,160,724,749,521
TIMSS,2023,KOR,8,0,bul_ev_all=1,743,580.94568,5.0114841,743,530.2262,4.1378474,743,.75649571,.021711353,743,.86786854,.016004045,2128,210,743,160,724,749,521
TIMSS,2023,KOR,8,0,bul_ev_o=0,1968,595.97192,3.6172354,1968,545.68213,2.740901,1968,.81079543,.014618405,1968,.89914769,.0097352555,2128,210,743,160,724,749,521
TIMSS,2023,KOR,8,0,bul_ev_o=1,160,557.745,9.7087746,160,508.32828,8.6232834,160,.68067813,.038717892,160,.78049803,.043848339,2128,210,743,160,724,749,521
TIMSS,2023,KOR,8,0,bul_ev_trad=0,1404,599.67383,3.9635992,1404,549.8028,3.0890305,1404,.82552749,.016721858,1404,.90226531,.010534989,2128,210,743,160,724,749,521
TIMSS,2023,KOR,8,0,bul_ev_trad=1,724,580.51373,5.0262485,724,529.65192,4.2612047,724,.75426102,.022069836,724,.86655426,.016311793,2128,210,743,160,724,749,521
TIMSS,2023,KOR,8,0,bul_pv=0,1918,595.78857,3.7980008,1918,545.14532,2.7703364,1918,.80527925,.014532556,1918,.89455175,.010329149,2128,210,743,160,724,749,521
TIMSS,2023,KOR,8,0,bul_pv=1,210,567.80157,6.7532554,210,521.28888,7.6490064,210,.75777757,.034042623,210,.84699816,.032240212,2128,210,743,160,724,749,521
TIMSS,2023,KOR,8,1,all,2129,598.98822,3.539665,2129,548.02173,2.8279483,2129,.80325961,.011555988,2129,.87408376,.0088672768,2129,396,862,231,839,876,541
TIMSS,2023,KOR,8,1,bul_any=1,876,599.63062,4.4117103,876,544.11328,3.9404898,876,.81041837,.017676039,876,.88166255,.012552551,2129,396,862,231,839,876,541
TIMSS,2023,KOR,8,1,bul_c_all=0,1588,600.14056,4.1337852,1588,550.47229,3.3636074,1588,.81189185,.014056817,1588,.87459356,.010964638,2129,396,862,231,839,876,541
TIMSS,2023,KOR,8,1,bul_c_all=1,541,595.75482,5.2891088,541,541.14575,5.0409436,541,.77903843,.021725923,541,.87265337,.015985338,2129,396,862,231,839,876,541
TIMSS,2023,KOR,8,1,bul_ev_all=0,1267,598.47015,4.022686,1267,550.85974,3.1808834,1267,.79725873,.013105348,1267,.86801577,.012573419,2129,396,862,231,839,876,541
TIMSS,2023,KOR,8,1,bul_ev_all=1,862,599.73102,4.2994537,862,543.95227,3.7985964,862,.81186432,.017543523,862,.88278461,.012869474,2129,396,862,231,839,876,541
TIMSS,2023,KOR,8,1,bul_ev_o=0,1898,600.43591,3.4874775,1898,550.96436,2.8861938,1898,.81283504,.011558564,1898,.87958074,.0090616699,2129,396,862,231,839,876,541
TIMSS,2023,KOR,8,1,bul_ev_o=1,231,586.84753,8.0862112,231,523.34424,7.4052505,231,.72295785,.035081614,231,.82798481,.028244926,2129,396,862,231,839,876,541
TIMSS,2023,KOR,8,1,bul_ev_trad=0,1290,598.60095,3.9464381,1290,550.84436,3.1650441,1290,.79834521,.013189668,1290,.86961776,.012111719,2129,396,862,231,839,876,541
TIMSS,2023,KOR,8,1,bul_ev_trad=1,839,599.57007,4.2814655,839,543.78058,3.8252878,839,.81064385,.018690119,839,.88079417,.012917286,2129,396,862,231,839,876,541
TIMSS,2023,KOR,8,1,bul_pv=0,1733,599.90009,3.5845664,1733,549.86597,2.7534044,1733,.80741137,.011205421,1733,.88061178,.0096716573,2129,396,862,231,839,876,541
TIMSS,2023,KOR,8,1,bul_pv=1,396,594.97369,7.2113962,396,539.90265,5.538693,396,.78498226,.027228819,396,.84534508,.024172941,2129,396,862,231,839,876,541
TIMSS,2023,KWT,4,0,all,2319,378.13974,6.3019171,2319,383.13074,6.7121339,2319,.45468801,.025120726,2319,.42426604,.023360256,2319,941,1453,556,1420,1453,524
TIMSS,2023,KWT,4,0,bul_any=1,1453,369.79935,6.6756721,1453,374.29465,6.5863576,1453,.42456195,.026274992,1453,.38954243,.027112313,2319,941,1453,556,1420,1453,524
TIMSS,2023,KWT,4,0,bul_c_all=0,1795,381.98572,6.5837822,1795,386.73291,7.3332677,1795,.46809053,.02663186,1795,.43729478,.025403913,2319,941,1453,556,1420,1453,524
TIMSS,2023,KWT,4,0,bul_c_all=1,524,361.49667,19.948854,524,367.54269,20.386457,524,.39669001,.072872438,524,.36788556,.07822831,2319,941,1453,556,1420,1453,524
TIMSS,2023,KWT,4,0,bul_ev_all=0,866,391.88031,7.9720225,866,397.6879,9.3161964,866,.50431979,.033029456,866,.4814721,.02994789,2319,941,1453,556,1420,1453,524
TIMSS,2023,KWT,4,0,bul_ev_all=1,1453,369.79935,6.6756721,1453,374.29465,6.5863576,1453,.42456195,.026274992,1453,.38954243,.027112313,2319,941,1453,556,1420,1453,524
TIMSS,2023,KWT,4,0,bul_ev_o=0,1763,392.07422,6.5987864,1763,399.15036,7.0515628,1763,.51304895,.027268596,1763,.48000038,.024602637,2319,941,1453,556,1420,1453,524
TIMSS,2023,KWT,4,0,bul_ev_o=1,556,331.73343,8.3139324,556,329.78012,9.5933952,556,.26032695,.03489187,556,.23865248,.028275086,2319,941,1453,556,1420,1453,524
TIMSS,2023,KWT,4,0,bul_ev_trad=0,899,391.54825,7.8828034,899,397.69839,9.2023115,899,.50477403,.032622959,899,.47946221,.029743051,2319,941,1453,556,1420,1453,524
TIMSS,2023,KWT,4,0,bul_ev_trad=1,1420,369.47391,6.8430657,1420,373.71573,6.7006507,1420,.42231771,.026930066,1420,.38859308,.027433299,2319,941,1453,556,1420,1453,524
TIMSS,2023,KWT,4,0,bul_pv=0,1378,385.8504,6.6698065,1378,391.03833,7.429718,1378,.47810063,.02765177,1378,.45166168,.025337167,2319,941,1453,556,1420,1453,524
TIMSS,2023,KWT,4,0,bul_pv=1,941,366.39908,7.7184925,941,371.09018,8.1013832,941,.41903871,.032645915,941,.38255194,.030945623,2319,941,1453,556,1420,1453,524
TIMSS,2023,KWT,4,1,all,2167,385.90869,6.3120737,2167,363.25793,7.8979397,2167,.40582338,.024396636,2167,.4774372,.022333786,2167,1166,1573,735,1545,1573,959
TIMSS,2023,KWT,4,1,bul_any=1,1573,377.82895,6.6181059,1573,355.53433,7.9473076,1573,.37356192,.026969865,1573,.44318017,.025391016,2167,1166,1573,735,1545,1573,959
TIMSS,2023,KWT,4,1,bul_c_all=0,1208,410.16592,8.047946,1208,391.32739,10.677579,1208,.49198928,.034772445,1208,.56821412,.027940936,2167,1166,1573,735,1545,1573,959
TIMSS,2023,KWT,4,1,bul_c_all=1,959,361.56396,9.8738317,959,335.08728,12.111341,959,.31934682,.037099693,959,.38633305,.036085952,2167,1166,1573,735,1545,1573,959
TIMSS,2023,KWT,4,1,bul_ev_all=0,594,407.7319,9.424284,594,384.11929,11.394978,594,.49296114,.034206852,594,.56996495,.034920931,2167,1166,1573,735,1545,1573,959
TIMSS,2023,KWT,4,1,bul_ev_all=1,1573,377.82895,6.6181059,1573,355.53433,7.9473076,1573,.37356192,.026969865,1573,.44318017,.025391016,2167,1166,1573,735,1545,1573,959
TIMSS,2023,KWT,4,1,bul_ev_o=0,1432,407.52728,6.3354602,1432,389.04669,8.1164379,1432,.49219209,.025414942,1432,.55840683,.023156328,2167,1166,1573,735,1545,1573,959
TIMSS,2023,KWT,4,1,bul_ev_o=1,735,345.40894,8.3761187,735,314.94592,9.6299381,735,.24402238,.031309806,735,.32575077,.034466874,2167,1166,1573,735,1545,1573,959
TIMSS,2023,KWT,4,1,bul_ev_trad=0,622,407.53445,9.1525812,622,383.38434,11.002381,622,.48503688,.034128457,622,.56338805,.034240603,2167,1166,1573,735,1545,1573,959
TIMSS,2023,KWT,4,1,bul_ev_trad=1,1545,377.38409,6.6196842,1545,355.32437,7.9347625,1545,.3745985,.026627662,1545,.44355655,.025256606,2167,1166,1573,735,1545,1573,959
TIMSS,2023,KWT,4,1,bul_pv=0,1001,399.12714,7.1341643,1001,378.03711,9.5497398,1001,.46592519,.027503323,1001,.53239292,.025628224,2167,1166,1573,735,1545,1573,959
TIMSS,2023,KWT,4,1,bul_pv=1,1166,374.65765,7.3519406,1166,350.6785,8.573307,1166,.35466719,.029051065,1166,.43066114,.029089587,2167,1166,1573,735,1545,1573,959
TIMSS,2023,KWT,8,0,all,2224,397.69348,5.3511143,2224,434.35544,4.8511372,2224,.32899866,.019505395,2224,.18786442,.022657096,2224,688,1202,419,1161,1213,963
TIMSS,2023,KWT,8,0,bul_any=1,1213,389.83398,6.1527743,1213,424.8288,5.8022599,1213,.29851592,.020272445,1213,.17267479,.025541861,2224,688,1202,419,1161,1213,963
TIMSS,2023,KWT,8,0,bul_c_all=0,1261,406.69144,8.352066,1261,442.51373,7.3295965,1261,.37055618,.030110683,1261,.22936369,.035190556,2224,688,1202,419,1161,1213,963
TIMSS,2023,KWT,8,0,bul_c_all=1,963,386.53293,7.0119267,963,424.23636,6.7779803,963,.27745309,.031053191,963,.13639109,.032504801,2224,688,1202,419,1161,1213,963
TIMSS,2023,KWT,8,0,bul_ev_all=0,1022,406.68069,5.650136,1022,445.13162,4.9193878,1022,.36352095,.023345411,1022,.20568524,.026266705,2224,688,1202,419,1161,1213,963
TIMSS,2023,KWT,8,0,bul_ev_all=1,1202,389.81381,6.1684666,1202,424.90726,5.8443594,1202,.29873067,.02023313,1202,.17223974,.025701938,2224,688,1202,419,1161,1213,963
TIMSS,2023,KWT,8,0,bul_ev_o=0,1805,403.01358,5.2249441,1805,441.4989,4.6036134,1805,.35665166,.020098409,1805,.20095666,.023649212,2224,688,1202,419,1161,1213,963
TIMSS,2023,KWT,8,0,bul_ev_o=1,419,374.5676,7.7777205,419,403.30368,8.2656031,419,.20879427,.028962208,419,.130954,.027886475,2224,688,1202,419,1161,1213,963
TIMSS,2023,KWT,8,0,bul_ev_trad=0,1063,406.1488,5.6026111,1063,444.11447,4.6820598,1063,.36034137,.022627635,1063,.20336847,.025136128,2224,688,1202,419,1161,1213,963
TIMSS,2023,KWT,8,0,bul_ev_trad=1,1161,389.70151,6.2476425,1161,425.13123,5.8738484,1161,.29937354,.020735811,1161,.17321001,.025775224,2224,688,1202,419,1161,1213,963
TIMSS,2023,KWT,8,0,bul_pv=0,1536,403.11368,4.9283829,1536,441.58655,4.6348381,1536,.3516494,.020876031,1536,.19807519,.021937277,2224,688,1202,419,1161,1213,963
TIMSS,2023,KWT,8,0,bul_pv=1,688,384.96936,8.0637188,688,417.38013,6.718205,688,.27582511,.025343025,688,.16389421,.035096496,2224,688,1202,419,1161,1213,963
TIMSS,2023,KWT,8,1,all,2108,399.59351,8.1091042,2108,405.35547,9.3158827,2108,.27537176,.028675681,2108,.22754374,.02833692,2108,907,1348,502,1318,1355,989
TIMSS,2023,KWT,8,1,bul_any=1,1355,399.10428,7.6413522,1355,404.29791,9.043869,1355,.26779902,.027885711,1355,.22604711,.027322363,2108,907,1348,502,1318,1355,989
TIMSS,2023,KWT,8,1,bul_c_all=0,1119,414.43195,14.05003,1119,417.74936,15.397264,1119,.3258605,.049164247,1119,.28988427,.051096287,2108,907,1348,502,1318,1355,989
TIMSS,2023,KWT,8,1,bul_c_all=1,989,379.95398,7.0493989,989,388.95142,8.6655588,989,.20854707,.02605032,989,.14503253,.023488238,2108,907,1348,502,1318,1355,989
TIMSS,2023,KWT,8,1,bul_ev_all=0,760,400.28568,10.51727,760,406.86713,11.150774,760,.28804797,.038283061,760,.23070002,.03670327,2108,907,1348,502,1318,1355,989
TIMSS,2023,KWT,8,1,bul_ev_all=1,1348,399.17682,7.7107277,1348,404.44547,9.0306301,1348,.26774096,.027665654,1348,.22564374,.027599815,2108,907,1348,502,1318,1355,989
TIMSS,2023,KWT,8,1,bul_ev_o=0,1606,403.20047,7.7438474,1606,412.27582,9.3041334,1606,.29395869,.03048186,1606,.23706611,.028219959,2108,907,1348,502,1318,1355,989
TIMSS,2023,KWT,8,1,bul_ev_o=1,502,388.0376,12.190751,502,383.18427,11.954035,502,.21582362,.032670118,502,.19703633,.043594006,2108,907,1348,502,1318,1355,989
TIMSS,2023,KWT,8,1,bul_ev_trad=0,790,400.8259,10.306007,790,407.70596,10.987454,790,.29135224,.037429836,790,.23037544,.035528619,2108,907,1348,502,1318,1355,989
TIMSS,2023,KWT,8,1,bul_ev_trad=1,1318,398.80841,7.7664914,1318,403.85806,9.0750952,1318,.26519141,.027743215,1318,.22573981,.027983751,2108,907,1348,502,1318,1355,989
TIMSS,2023,KWT,8,1,bul_pv=0,1201,403.58386,9.198494,1201,411.30777,10.183162,1201,.29445091,.03422251,1201,.24098206,.033663422,2108,907,1348,502,1318,1355,989
TIMSS,2023,KWT,8,1,bul_pv=1,907,393.98441,8.5180655,907,396.98849,9.4454651,907,.24855292,.02718517,907,.208654,.02969907,2108,907,1348,502,1318,1355,989
TIMSS,2023,LTU,4,0,all,2252,554.14191,3.1947114,2252,538.92322,2.9446206,2252,.96138799,.0077122194,2252,.9717589,.0054335515,2252,790,1254,394,1221,1254,344
TIMSS,2023,LTU,4,0,bul_any=1,1254,545.66528,3.4968619,1254,531.10693,3.3424711,1254,.94972217,.0087460447,1254,.96239042,.0080256779,2252,790,1254,394,1221,1254,344
TIMSS,2023,LTU,4,0,bul_c_all=0,1908,552.51697,3.2326486,1908,537.63245,3.0682824,1908,.96341532,.0076291803,1908,.97317111,.0058049522,2252,790,1254,394,1221,1254,344
TIMSS,2023,LTU,4,0,bul_c_all=1,344,563.96466,11.535048,344,546.72577,10.972544,344,.94913268,.022972213,344,.96322191,.016138719,2252,790,1254,394,1221,1254,344
TIMSS,2023,LTU,4,0,bul_ev_all=0,998,565.23138,3.839613,998,549.1488,3.5445635,998,.97664982,.0095378449,998,.98401511,.0053712316,2252,790,1254,394,1221,1254,344
TIMSS,2023,LTU,4,0,bul_ev_all=1,1254,545.66528,3.4968619,1254,531.10693,3.3424711,1254,.94972217,.0087460447,1254,.96239042,.0080256779,2252,790,1254,394,1221,1254,344
TIMSS,2023,LTU,4,0,bul_ev_o=0,1858,562.72687,3.2289906,1858,547.43713,2.9085228,1858,.97722495,.0067974003,1858,.98245639,.0038933866,2252,790,1254,394,1221,1254,344
TIMSS,2023,LTU,4,0,bul_ev_o=1,394,513.32953,5.5203495,394,498.44843,5.5480723,394,.88610029,.0219969,394,.92090356,.022777898,2252,790,1254,394,1221,1254,344
TIMSS,2023,LTU,4,0,bul_ev_trad=0,1031,564.91943,3.7609932,1031,548.94214,3.4310956,1031,.97716159,.0095885685,1031,.98428446,.0049287891,2252,790,1254,394,1221,1254,344
TIMSS,2023,LTU,4,0,bul_ev_trad=1,1221,545.39569,3.5931413,1221,530.7926,3.4423959,1221,.94858736,.0087478915,1221,.9615941,.0082422141,2252,790,1254,394,1221,1254,344
TIMSS,2023,LTU,4,0,bul_pv=0,1462,562.55127,3.5138178,1462,547.96063,3.379756,1462,.97531229,.0082736434,1462,.9807207,.0050925026,2252,790,1254,394,1221,1254,344
TIMSS,2023,LTU,4,0,bul_pv=1,790,538.8576,4.0116405,790,522.49744,3.6044223,790,.93608028,.011430156,790,.95547056,.011289074,2252,790,1254,394,1221,1254,344
TIMSS,2023,LTU,4,1,all,2268,566.89777,3.2458272,2268,535.03558,3.2642851,2268,.95425868,.0082628485,2268,.9765467,.0057808035,2268,980,1522,530,1499,1522,334
TIMSS,2023,LTU,4,1,bul_any=1,1522,562.17938,3.4589458,1522,528.6225,3.6486685,1522,.94284701,.010388694,1522,.97310537,.0076864553,2268,980,1522,530,1499,1522,334
TIMSS,2023,LTU,4,1,bul_c_all=0,1934,567.63489,3.3190541,1934,535.75079,3.3217866,1934,.95988345,.0075846044,1934,.97973984,.005844634,2268,980,1522,530,1499,1522,334
TIMSS,2023,LTU,4,1,bul_c_all=1,334,562.37024,13.713422,334,530.6427,12.826589,334,.91971099,.037406757,334,.95693433,.020384211,2268,980,1522,530,1499,1522,334
TIMSS,2023,LTU,4,1,bul_ev_all=0,746,576.66913,4.1234756,746,548.31683,3.7171612,746,.97789162,.0086017661,746,.98367363,.0063126106,2268,980,1522,530,1499,1522,334
TIMSS,2023,LTU,4,1,bul_ev_all=1,1522,562.17938,3.4589458,1522,528.6225,3.6486685,1522,.94284701,.010388694,1522,.97310537,.0076864553,2268,980,1522,530,1499,1522,334
TIMSS,2023,LTU,4,1,bul_ev_o=0,1738,577.57281,3.1895254,1738,547.87787,3.1542723,1738,.97810948,.005663584,1738,.98754668,.0043073278,2268,980,1522,530,1499,1522,334
TIMSS,2023,LTU,4,1,bul_ev_o=1,530,532.49701,4.9637604,530,493.65097,5.0366917,530,.87739867,.024424262,530,.94109905,.019304719,2268,980,1522,530,1499,1522,334
TIMSS,2023,LTU,4,1,bul_ev_trad=0,769,576.25568,4.0838528,769,547.69391,3.6962545,769,.97761804,.0087681254,769,.9841342,.0061292993,2268,980,1522,530,1499,1522,334
TIMSS,2023,LTU,4,1,bul_ev_trad=1,1499,562.18176,3.4726856,1499,528.65637,3.6594093,1499,.94248664,.010543386,1499,.97272301,.0077903569,2268,980,1522,530,1499,1522,334
TIMSS,2023,LTU,4,1,bul_pv=0,1288,574.53894,3.6512012,1288,546.32928,3.4240746,1288,.97659659,.006437717,1288,.98420215,.0056894892,2268,980,1522,530,1499,1522,334
TIMSS,2023,LTU,4,1,bul_pv=1,980,557.18457,4.0622592,980,520.67957,4.1777959,980,.92586368,.01367567,980,.96681547,.011524917,2268,980,1522,530,1499,1522,334
TIMSS,2023,LTU,8,0,all,2715,510.04544,2.9674664,2715,520.97559,2.6787009,2715,.7184791,.013377707,2715,.65416777,.013914615,2715,635,1277,365,1247,1290,551
TIMSS,2023,LTU,8,0,bul_any=1,1290,504.61514,3.6537139,1290,517.33588,3.5407708,1290,.70782459,.01820758,1290,.64176881,.018542154,2715,635,1277,365,1247,1290,551
TIMSS,2023,LTU,8,0,bul_c_all=0,2164,508.27942,3.4267008,2164,519.34357,2.9710968,2164,.71406066,.014753102,2164,.64744991,.015018814,2715,635,1277,365,1247,1290,551
TIMSS,2023,LTU,8,0,bul_c_all=1,551,516.42328,8.4482203,551,526.86957,7.9998674,551,.73443621,.045158114,551,.67842907,.041029792,2715,635,1277,365,1247,1290,551
TIMSS,2023,LTU,8,0,bul_ev_all=0,1438,515.45813,3.329293,1438,524.73706,2.9744151,1438,.73038816,.015876483,1438,.6669268,.016047921,2715,635,1277,365,1247,1290,551
TIMSS,2023,LTU,8,0,bul_ev_all=1,1277,504.25128,3.7113452,1277,516.94897,3.5833974,1277,.70573074,.01869069,1277,.64050949,.018854711,2715,635,1277,365,1247,1290,551
TIMSS,2023,LTU,8,0,bul_ev_o=0,2350,514.56085,2.9282596,2350,525.633,2.6245079,2350,.73549747,.012696567,2350,.67079031,.01375663,2715,635,1277,365,1247,1290,551
TIMSS,2023,LTU,8,0,bul_ev_o=1,365,482.15686,6.1963477,365,492.20984,5.8800416,365,.61336857,.035200782,365,.55150175,.035404582,2715,635,1277,365,1247,1290,551
TIMSS,2023,LTU,8,0,bul_ev_trad=0,1468,515.68793,3.3010848,1468,525.0343,2.9797626,1468,.73121578,.015804704,1468,.667431,.016086223,2715,635,1277,365,1247,1290,551
TIMSS,2023,LTU,8,0,bul_ev_trad=1,1247,503.70602,3.6514397,1247,516.41559,3.5513074,1247,.70416939,.018334035,1247,.63926643,.018687509,2715,635,1277,365,1247,1290,551
TIMSS,2023,LTU,8,0,bul_pv=0,2080,515.63257,2.987942,2080,526.38904,2.649632,2080,.73665529,.01306397,2080,.676121,.013762967,2715,635,1277,365,1247,1290,551
TIMSS,2023,LTU,8,0,bul_pv=1,635,492.11288,4.9353318,635,503.60049,4.8134394,635,.66014057,.025324287,635,.58370632,.026286243,2715,635,1277,365,1247,1290,551
TIMSS,2023,LTU,8,1,all,2706,517.17566,3.8416848,2706,517.59229,3.9777317,2706,.68276626,.016231444,2706,.66470522,.017656073,2706,740,1181,461,1161,1190,586
TIMSS,2023,LTU,8,1,bul_any=1,1190,513.60077,4.336617,1190,512.6618,4.5600367,1190,.66059643,.021470007,1190,.64756501,.021981457,2706,740,1181,461,1161,1190,586
TIMSS,2023,LTU,8,1,bul_c_all=0,2120,514.11511,4.2568631,2120,514.59277,4.2985153,2120,.67153174,.018666314,2120,.65470469,.020440923,2706,740,1181,461,1161,1190,586
TIMSS,2023,LTU,8,1,bul_c_all=1,586,527.72119,11.11768,586,527.92737,10.181382,586,.72147584,.038918599,586,.69916302,.044878848,2706,740,1181,461,1161,1190,586
TIMSS,2023,LTU,8,1,bul_ev_all=0,1525,520.13507,4.3437133,1525,521.55066,4.3046184,1525,.70031846,.018799352,1525,.67840374,.019211816,2706,740,1181,461,1161,1190,586
TIMSS,2023,LTU,8,1,bul_ev_all=1,1181,513.37531,4.287961,1181,512.50903,4.5543418,1181,.66022623,.021587018,1181,.64711404,.022215113,2706,740,1181,461,1161,1190,586
TIMSS,2023,LTU,8,1,bul_ev_o=0,2245,522.73175,3.7173347,2245,524.19873,3.8296375,2245,.71155113,.015867038,2245,.68781114,.017317167,2706,740,1181,461,1161,1190,586
TIMSS,2023,LTU,8,1,bul_ev_o=1,461,490.15665,5.8354969,461,485.46533,6.2990394,461,.54278547,.033147007,461,.55234128,.033070359,2706,740,1181,461,1161,1190,586
TIMSS,2023,LTU,8,1,bul_ev_trad=0,1545,520.23615,4.2953405,1545,521.53693,4.236877,1545,.70123428,.018589785,1545,.67925417,.018945189,2706,740,1181,461,1161,1190,586
TIMSS,2023,LTU,8,1,bul_ev_trad=1,1161,513.13947,4.3039474,1161,512.39014,4.6260743,1161,.65841055,.021344772,1161,.64551806,.022319563,2706,740,1181,461,1161,1190,586
TIMSS,2023,LTU,8,1,bul_pv=0,1966,522.22626,3.9468148,1966,523.828,3.8430729,1966,.71218175,.016503919,1966,.68563676,.018213985,2706,740,1181,461,1161,1190,586
TIMSS,2023,LTU,8,1,bul_pv=1,740,503.77316,5.1060119,740,501.04492,5.8261228,740,.6047079,.027801566,740,.60916036,.025799591,2706,740,1181,461,1161,1190,586
TIMSS,2023,LVA,4,0,all,2159,530.09167,3.6345329,2159,527.38562,3.356714,2159,.94971138,.0081581241,2159,.94292736,.0081822965,2159,821,1395,420,1367,1395,374
TIMSS,2023,LVA,4,0,bul_any=1,1395,523.83917,3.7272954,1395,520.72632,3.5074584,1395,.94296044,.010350483,1395,.93334299,.010442571,2159,821,1395,420,1367,1395,374
TIMSS,2023,LVA,4,0,bul_c_all=0,1785,529.37982,3.9783187,1785,526.47028,3.7436962,1785,.9470737,.0097010024,1785,.94159293,.0094825169,2159,821,1395,420,1367,1395,374
TIMSS,2023,LVA,4,0,bul_c_all=1,374,533.4082,7.0310063,374,531.65039,6.1504712,374,.96200007,.017423175,374,.9491446,.019651005,2159,821,1395,420,1367,1395,374
TIMSS,2023,LVA,4,0,bul_ev_all=0,764,542.51849,4.8832474,764,540.62097,4.4603229,764,.96312875,.013509268,764,.96197623,.010953426,2159,821,1395,420,1367,1395,374
TIMSS,2023,LVA,4,0,bul_ev_all=1,1395,523.83917,3.7272954,1395,520.72632,3.5074584,1395,.94296044,.010350483,1395,.93334299,.010442571,2159,821,1395,420,1367,1395,374
TIMSS,2023,LVA,4,0,bul_ev_o=0,1739,536.43695,3.5925329,1739,535.01147,3.2839689,1739,.96169156,.0078978781,1739,.95836449,.0079222601,2159,821,1395,420,1367,1395,374
TIMSS,2023,LVA,4,0,bul_ev_o=1,420,503.76703,5.9413471,420,495.74811,6.7128301,420,.90000886,.025473021,420,.87888283,.02661158,2159,821,1395,420,1367,1395,374
TIMSS,2023,LVA,4,0,bul_ev_trad=0,792,542.54572,4.8875494,792,540.29822,4.3275547,792,.96359491,.013096401,792,.96308446,.010675631,2159,821,1395,420,1367,1395,374
TIMSS,2023,LVA,4,0,bul_ev_trad=1,1367,523.53839,3.7164404,1367,520.59106,3.5581896,1367,.94240582,.010425267,1367,.93232071,.010578208,2159,821,1395,420,1367,1395,374
TIMSS,2023,LVA,4,0,bul_pv=0,1338,538.96527,4.1042528,1338,537.01166,3.650224,1338,.9599731,.010046993,1338,.96019906,.0077924333,2159,821,1395,420,1367,1395,374
TIMSS,2023,LVA,4,0,bul_pv=1,821,516.5639,4.4358268,821,512.71075,4.8316717,821,.93406731,.016082758,821,.91659659,.014997543,2159,821,1395,420,1367,1395,374
TIMSS,2023,LVA,4,1,all,2140,538.28259,3.0148747,2140,523.80389,3.350678,2140,.93100536,.011201784,2140,.95600742,.0059535466,2140,1022,1591,601,1563,1591,415
TIMSS,2023,LVA,4,1,bul_any=1,1591,533.08569,3.3449688,1591,517.91974,4.1510806,1591,.92627412,.013651936,1591,.9519065,.0070670769,2140,1022,1591,601,1563,1591,415
TIMSS,2023,LVA,4,1,bul_c_all=0,1725,540.03326,3.3108299,1725,524.62341,3.9704046,1725,.92712027,.013511447,1725,.95401794,.0073409835,2140,1022,1591,601,1563,1591,415
TIMSS,2023,LVA,4,1,bul_c_all=1,415,530.81982,6.7301412,415,520.3103,5.6916695,415,.94756657,.014899041,415,.96448815,.01242812,2140,1022,1591,601,1563,1591,415
TIMSS,2023,LVA,4,1,bul_ev_all=0,549,554.03131,4.9286942,549,541.63525,5.3951378,549,.94534296,.013473134,549,.96843505,.011092025,2140,1022,1591,601,1563,1591,415
TIMSS,2023,LVA,4,1,bul_ev_all=1,1591,533.08569,3.3449688,1591,517.91974,4.1510806,1591,.92627412,.013651936,1591,.9519065,.0070670769,2140,1022,1591,601,1563,1591,415
TIMSS,2023,LVA,4,1,bul_ev_o=0,1539,551.89154,3.1783338,1539,537.97766,3.1931748,1539,.95724469,.0076091709,1539,.97212958,.0056607211,2140,1022,1591,601,1563,1591,415
TIMSS,2023,LVA,4,1,bul_ev_o=1,601,504.71793,4.2244282,601,488.84631,5.3881187,601,.86628985,.027170265,601,.91624445,.013696889,2140,1022,1591,601,1563,1591,415
TIMSS,2023,LVA,4,1,bul_ev_trad=0,577,553.53772,4.9685607,577,540.89075,5.0785885,577,.94383454,.013017566,577,.96662867,.011007491,2140,1022,1591,601,1563,1591,415
TIMSS,2023,LVA,4,1,bul_ev_trad=1,1563,532.84167,3.3183799,1563,517.70972,4.2060843,1563,.92642975,.01373544,1563,.95221931,.0068195164,2140,1022,1591,601,1563,1591,415
TIMSS,2023,LVA,4,1,bul_pv=0,1118,551.12524,3.9658179,1118,538.0553,3.494251,1118,.95270211,.0093845241,1118,.96501678,.0076800687,2140,1022,1591,601,1563,1591,415
TIMSS,2023,LVA,4,1,bul_pv=1,1022,524.81494,3.4902191,1022,508.85901,5.0279317,1022,.90825289,.019973274,1022,.94655973,.0091199065,2140,1022,1591,601,1563,1591,415
TIMSS,2023,MAC,4,0,all,2657,571.78442,1.371395,2657,530.07196,1.5382533,2657,.93725777,.0059764539,2657,.98034441,.0032725765,2657,796,1491,305,1450,1491,316
TIMSS,2023,MAC,4,0,bul_any=1,1491,559.70135,1.7990088,1491,516.27032,2.0497251,1491,.91273355,.0091622211,1491,.97285354,.0045459415,2657,796,1491,305,1450,1491,316
TIMSS,2023,MAC,4,0,bul_c_all=0,2341,574.34082,1.4394323,2341,534.10999,1.6360784,2341,.94267809,.0058740522,2341,.9818868,.0029970068,2657,796,1491,305,1450,1491,316
TIMSS,2023,MAC,4,0,bul_c_all=1,316,554.43738,3.7757089,316,502.67072,4.4676795,316,.90047657,.012750552,316,.96987784,.012289326,2657,796,1491,305,1450,1491,316
TIMSS,2023,MAC,4,0,bul_ev_all=0,1166,587.3349,2.1838198,1166,547.83417,2.3045552,1166,.96881962,.006937868,1166,.98998481,.0032359841,2657,796,1491,305,1450,1491,316
TIMSS,2023,MAC,4,0,bul_ev_all=1,1491,559.70135,1.7990088,1491,516.27032,2.0497251,1491,.91273355,.0091622211,1491,.97285354,.0045459415,2657,796,1491,305,1450,1491,316
TIMSS,2023,MAC,4,0,bul_ev_o=0,2352,578.552,1.3589865,2352,537.79376,1.6284151,2352,.95901459,.0047917534,2352,.98784357,.0028855838,2657,796,1491,305,1450,1491,316
TIMSS,2023,MAC,4,0,bul_ev_o=1,305,520.27545,5.1838703,305,471.30017,5.3951092,305,.77166337,.033015169,305,.92326707,.018913958,2657,796,1491,305,1450,1491,316
TIMSS,2023,MAC,4,0,bul_ev_trad=0,1207,586.18701,2.1796186,1207,546.16132,2.3312736,1207,.96543157,.0074045244,1207,.98913896,.003111179,2657,796,1491,305,1450,1491,316
TIMSS,2023,MAC,4,0,bul_ev_trad=1,1450,559.87244,1.8071569,1450,516.76483,2.0547843,1450,.91395593,.0097637139,1450,.97307062,.0049189241,2657,796,1491,305,1450,1491,316
TIMSS,2023,MAC,4,0,bul_pv=0,1861,581.1236,1.6217012,1861,540.48047,1.8667192,1861,.96042877,.0056599029,1861,.98740357,.0033686885,2657,796,1491,305,1450,1491,316
TIMSS,2023,MAC,4,0,bul_pv=1,796,550.02655,2.7601397,796,505.82272,3.0662646,796,.88327509,.013807907,796,.96389836,.0075617591,2657,796,1491,305,1450,1491,316
TIMSS,2023,MAC,4,1,all,2856,591.60474,1.5663962,2856,541.11859,2.0666852,2856,.95345205,.00434335,2856,.98431951,.0029893734,2856,1157,1851,426,1817,1851,143
TIMSS,2023,MAC,4,1,bul_any=1,1851,584.78088,2.0003896,1851,532.72992,2.5571275,1851,.93762088,.0064552887,1851,.97759366,.004446059,2856,1157,1851,426,1817,1851,143
TIMSS,2023,MAC,4,1,bul_c_all=0,2713,593.26483,1.5300577,2713,543.02045,2.0054603,2713,.95741123,.0043185758,2713,.98652667,.0030025048,2856,1157,1851,426,1817,1851,143
TIMSS,2023,MAC,4,1,bul_c_all=1,143,561.72064,8.2206984,143,506.88153,7.0111046,143,.88217974,.028076364,143,.94458675,.026384134,2856,1157,1851,426,1817,1851,143
TIMSS,2023,MAC,4,1,bul_ev_all=0,1005,604.17352,2.4605243,1005,556.5697,2.3851562,1005,.98261136,.0055949204,1005,.99670786,.0022536549,2856,1157,1851,426,1817,1851,143
TIMSS,2023,MAC,4,1,bul_ev_all=1,1851,584.78088,2.0003896,1851,532.72992,2.5571275,1851,.93762088,.0064552887,1851,.97759366,.004446059,2856,1157,1851,426,1817,1851,143
TIMSS,2023,MAC,4,1,bul_ev_o=0,2430,599.59229,1.6627909,2430,549.65875,1.7880852,2430,.97317809,.0034943894,2430,.99189615,.0020171523,2856,1157,1851,426,1817,1851,143
TIMSS,2023,MAC,4,1,bul_ev_o=1,426,546.09125,4.5541821,426,492.45621,5.924736,426,.841052,.020822704,426,.94114751,.013897339,2856,1157,1851,426,1817,1851,143
TIMSS,2023,MAC,4,1,bul_ev_trad=0,1039,603.14081,2.539449,1039,555.73602,2.4783463,1039,.98207742,.005820977,1039,.99590868,.002680402,2856,1157,1851,426,1817,1851,143
TIMSS,2023,MAC,4,1,bul_ev_trad=1,1817,585.01508,1.9853336,1817,532.7688,2.5186443,1817,.93710059,.0065551265,1817,.97769952,.0044923448,2856,1157,1851,426,1817,1851,143
TIMSS,2023,MAC,4,1,bul_pv=0,1699,602.01782,1.8933197,1699,553.07709,2.0157719,1699,.97368777,.0043804962,1699,.99324292,.0024847786,2856,1157,1851,426,1817,1851,143
TIMSS,2023,MAC,4,1,bul_pv=1,1157,576.34857,2.3827524,1157,523.59814,3.1151946,1157,.9238047,.0092529226,1157,.97124583,.0059809331,2856,1157,1851,426,1817,1851,143
TIMSS,2023,MAR,4,0,all,3829,392.46347,4.9079356,3829,397.04456,5.7147098,3829,.49834535,.019816831,3829,.45980793,.021196466,3829,1706,2705,899,2636,2705,2288
TIMSS,2023,MAR,4,0,bul_any=1,2705,378.47638,5.108799,2705,380.70587,6.0646677,2705,.43795359,.023165988,2705,.39795914,.022565087,3829,1706,2705,899,2636,2705,2288
TIMSS,2023,MAR,4,0,bul_c_all=0,1541,404.00247,8.3788757,1541,409.45178,9.1281414,1541,.5419029,.032114316,1541,.509817,.032733254,3829,1706,2705,899,2636,2705,2288
TIMSS,2023,MAR,4,0,bul_c_all=1,2288,383.63748,5.8222623,2288,387.55444,7.1452169,2288,.46502888,.026751745,2288,.42155683,.028020483,3829,1706,2705,899,2636,2705,2288
TIMSS,2023,MAR,4,0,bul_ev_all=0,1124,420.6022,8.0338364,1124,429.91409,8.4395485,1124,.61983937,.029664217,1124,.58423316,.033312846,3829,1706,2705,899,2636,2705,2288
TIMSS,2023,MAR,4,0,bul_ev_all=1,2705,378.47638,5.108799,2705,380.70587,6.0646677,2705,.43795359,.023165988,2705,.39795914,.022565087,3829,1706,2705,899,2636,2705,2288
TIMSS,2023,MAR,4,0,bul_ev_o=0,2930,403.49271,5.211019,2930,410.98138,5.7166324,2930,.5479539,.019527385,2930,.50562447,.022797851,3829,1706,2705,899,2636,2705,2288
TIMSS,2023,MAR,4,0,bul_ev_o=1,899,348.37103,6.1663618,899,341.32825,8.729084,899,.30002168,.035835132,899,.27664387,.028228087,3829,1706,2705,899,2636,2705,2288
TIMSS,2023,MAR,4,0,bul_ev_trad=0,1193,419.76337,7.8300533,1193,428.45285,8.267972,1193,.61615407,.029078303,1193,.58036542,.03202432,3829,1706,2705,899,2636,2705,2288
TIMSS,2023,MAR,4,0,bul_ev_trad=1,2636,377.81543,5.1538858,2636,380.19211,6.1681752,2636,.43513387,.023791816,2636,.3951216,.022818308,3829,1706,2705,899,2636,2705,2288
TIMSS,2023,MAR,4,0,bul_pv=0,2123,409.52463,6.0672154,2123,417.66992,6.5782247,2123,.57399374,.022206467,2123,.53573847,.025597319,3829,1706,2705,899,2636,2705,2288
TIMSS,2023,MAR,4,0,bul_pv=1,1706,367.71262,4.745276,1706,367.12302,6.1126456,1706,.38860121,.023540644,1706,.34965453,.024183037,3829,1706,2705,899,2636,2705,2288
TIMSS,2023,MAR,4,1,all,4017,393.97174,5.3600836,4017,383.88361,5.7287941,4017,.45083904,.020679874,4017,.46769974,.022881377,4017,2140,3083,1312,3028,3083,2444
TIMSS,2023,MAR,4,1,bul_any=1,3083,380.93112,5.2158375,3083,369.07202,5.3813276,3083,.39506844,.021932855,3083,.41674489,.023099981,4017,2140,3083,1312,3028,3083,2444
TIMSS,2023,MAR,4,1,bul_c_all=0,1573,410.82727,9.2126827,1573,400.1828,9.542182,1573,.50991678,.03419796,1573,.5324254,.03745643,4017,2140,3083,1312,3028,3083,2444
TIMSS,2023,MAR,4,1,bul_c_all=1,2444,382.60349,5.8835964,2444,372.89056,6.3368263,2444,.41099378,.022017863,2444,.42404521,.024209123,4017,2140,3083,1312,3028,3083,2444
TIMSS,2023,MAR,4,1,bul_ev_all=0,934,430.40411,8.7946911,934,425.26358,9.53864,934,.60664839,.032280751,934,.61005509,.034034029,4017,2140,3083,1312,3028,3083,2444
TIMSS,2023,MAR,4,1,bul_ev_all=1,3083,380.93112,5.2158375,3083,369.07202,5.3813276,3083,.39506844,.021932855,3083,.41674489,.023099981,4017,2140,3083,1312,3028,3083,2444
TIMSS,2023,MAR,4,1,bul_ev_o=0,2705,410.54749,6.2885604,2705,404.1951,6.484292,2705,.53148818,.023704154,2705,.53930467,.026290927,4017,2140,3083,1312,3028,3083,2444
TIMSS,2023,MAR,4,1,bul_ev_o=1,1312,352.98013,5.1741934,1312,333.65363,6.2234364,1312,.25139466,.02555098,1312,.29062167,.023949932,4017,2140,3083,1312,3028,3083,2444
TIMSS,2023,MAR,4,1,bul_ev_trad=0,989,427.43835,8.6852694,989,421.21704,9.4503632,989,.59103036,.031514138,989,.60027099,.033718545,4017,2140,3083,1312,3028,3083,2444
TIMSS,2023,MAR,4,1,bul_ev_trad=1,3028,381.10504,5.1824212,3028,369.53027,5.3399472,3028,.3969405,.022313176,3028,.41673085,.023046443,4017,2140,3083,1312,3028,3083,2444
TIMSS,2023,MAR,4,1,bul_pv=0,1877,415.26831,7.0928211,1877,408.74005,7.3216376,1877,.54526967,.026290603,1877,.55448955,.029441478,4017,2140,3083,1312,3028,3083,2444
TIMSS,2023,MAR,4,1,bul_pv=1,2140,371.90225,5.0992517,2140,358.12503,5.8043499,2140,.35298106,.021866832,2140,.3777599,.02316458,4017,2140,3083,1312,3028,3083,2444
TIMSS,2023,MAR,8,0,all,4402,374.45465,3.3833735,4402,327.22006,3.5328922,4402,.044606082,.0061789523,4402,.10576349,.01072864,4402,2181,3057,1254,2993,3075,2818
TIMSS,2023,MAR,8,0,bul_any=1,3075,369.28918,3.7312336,3075,323.38388,3.6406977,3075,.039489545,.0067433454,3075,.093988694,.011519347,4402,2181,3057,1254,2993,3075,2818
TIMSS,2023,MAR,8,0,bul_c_all=0,1584,369.31198,6.3007722,1584,316.18683,7.1059833,1584,.036291201,.011937848,1584,.099444777,.023097336,4402,2181,3057,1254,2993,3075,2818
TIMSS,2023,MAR,8,0,bul_c_all=1,2818,377.18436,4.4361234,2818,333.07648,4.5252934,2818,.049019594,.0081037609,2818,.10911745,.015798889,4402,2181,3057,1254,2993,3075,2818
TIMSS,2023,MAR,8,0,bul_ev_all=0,1345,386.98166,3.9232957,1345,336.67734,4.8050961,1345,.057662781,.013194052,1345,.1362057,.019999104,4402,2181,3057,1254,2993,3075,2818
TIMSS,2023,MAR,8,0,bul_ev_all=1,3057,368.91119,3.7753158,3057,323.03503,3.6673582,3057,.038828231,.0065692971,3057,.092292197,.011590717,4402,2181,3057,1254,2993,3075,2818
TIMSS,2023,MAR,8,0,bul_ev_o=0,3148,381.22736,3.5582221,3148,332.98743,3.8779914,3148,.053908266,.0089886766,3148,.12191568,.012524731,4402,2181,3057,1254,2993,3075,2818
TIMSS,2023,MAR,8,0,bul_ev_o=1,1254,358.1615,4.3867693,1254,313.34549,4.3513875,1254,.022227751,.0062779342,1254,.066906072,.011483398,4402,2181,3057,1254,2993,3075,2818
TIMSS,2023,MAR,8,0,bul_ev_trad=0,1409,385.67395,3.8541107,1409,335.82745,4.7141266,1409,.055512,.012620666,1409,.13172866,.019091554,4402,2181,3057,1254,2993,3075,2818
TIMSS,2023,MAR,8,0,bul_ev_trad=1,2993,369.1994,3.7902963,2993,323.18826,3.7030675,2993,.039497614,.006685433,2993,.093601085,.011916494,4402,2181,3057,1254,2993,3075,2818
TIMSS,2023,MAR,8,0,bul_pv=0,2221,383.27023,3.7180092,2221,333.99985,3.8603115,2221,.053390566,.0085764611,2221,.13308825,.013386691,4402,2181,3057,1254,2993,3075,2818
TIMSS,2023,MAR,8,0,bul_pv=1,2181,365.42682,3.839,2181,320.27707,4.0654402,2181,.03561008,.0077961129,2181,.077780791,.010348485,4402,2181,3057,1254,2993,3075,2818
TIMSS,2023,MAR,8,1,all,4343,381.34857,3.0781565,4343,326.6972,4.2026911,4343,.044410128,.0069621471,4343,.11142895,.0098143825,4343,2599,3306,1769,3239,3314,2710
TIMSS,2023,MAR,8,1,bul_any=1,3314,378.43503,3.2146788,3314,323.77667,4.3554468,3314,.038230646,.0059849788,3314,.10279648,.011959615,4343,2599,3306,1769,3239,3314,2710
TIMSS,2023,MAR,8,1,bul_c_all=0,1633,377.2644,6.0575938,1633,316.31912,7.5070677,1633,.038708679,.013321536,1633,.10959139,.019276116,4343,2599,3306,1769,3239,3314,2710
TIMSS,2023,MAR,8,1,bul_c_all=1,2710,383.67603,4.338273,2710,332.61148,5.3294287,2710,.047659274,.0086429371,2710,.11247613,.015269377,4343,2599,3306,1769,3239,3314,2710
TIMSS,2023,MAR,8,1,bul_ev_all=0,1037,390.98706,4.1781292,1037,336.23138,5.0905938,1037,.063720308,.014227336,1037,.13919941,.015720148,4343,2599,3306,1769,3239,3314,2710
TIMSS,2023,MAR,8,1,bul_ev_all=1,3306,378.27802,3.2227647,3306,323.65988,4.354074,3306,.038258489,.0059963507,3306,.10258211,.011906651,4343,2599,3306,1769,3239,3314,2710
TIMSS,2023,MAR,8,1,bul_ev_o=0,2574,388.94919,3.1038003,2574,334.30557,4.2743344,2574,.053056076,.0087741604,2574,.1308839,.011314186,4343,2599,3306,1769,3239,3314,2710
TIMSS,2023,MAR,8,1,bul_ev_o=1,1769,370.37009,4.0361261,1769,315.70755,4.8351665,1769,.031921797,.0077361707,1769,.083327919,.014877317,4343,2599,3306,1769,3239,3314,2710
TIMSS,2023,MAR,8,1,bul_ev_trad=0,1104,390.09528,4.2847872,1104,335.27979,5.0411625,1104,.060054429,.013232472,1104,.13672958,.015856801,4343,2599,3306,1769,3239,3314,2710
TIMSS,2023,MAR,8,1,bul_ev_trad=1,3239,378.31638,3.2687106,3239,323.72192,4.3988428,3239,.038986806,.0061409604,3239,.10265812,.012155111,4343,2599,3306,1769,3239,3314,2710
TIMSS,2023,MAR,8,1,bul_pv=0,1744,386.16226,3.5985835,1744,332.5206,4.386282,1744,.056217376,.00887114,1744,.13021655,.01439535,4343,2599,3306,1769,3239,3314,2710
TIMSS,2023,MAR,8,1,bul_pv=1,2599,377.98029,3.4499784,2599,322.62244,4.7605948,2599,.036148332,.0071270247,2599,.098282836,.01377258,4343,2599,3306,1769,3239,3314,2710
TIMSS,2023,MKD,4,0,all,2289,473.56552,3.7941275,2289,442.42239,4.212183,2289,.68580037,.023046821,2289,.79582173,.017092481,2289,753,1147,481,1099,1147,437
TIMSS,2023,MKD,4,0,bul_any=1,1147,459.19833,4.6655746,1147,427.65088,4.9182563,1147,.62440664,.025334671,1147,.74588072,.023474805,2289,753,1147,481,1099,1147,437
TIMSS,2023,MKD,4,0,bul_c_all=0,1852,478.15469,4.3673897,1852,447.31155,4.9138436,1852,.710585,.024182681,1852,.8139118,.018564593,2289,753,1147,481,1099,1147,437
TIMSS,2023,MKD,4,0,bul_c_all=1,437,456.32333,8.4987612,437,424.05307,9.5619154,437,.59268111,.050488528,437,.72785467,.038164739,2289,753,1147,481,1099,1147,437
TIMSS,2023,MKD,4,0,bul_ev_all=0,1142,487.30658,4.1714134,1142,456.55014,4.9597259,1142,.74451852,.032182842,1142,.84358627,.018216483,2289,753,1147,481,1099,1147,437
TIMSS,2023,MKD,4,0,bul_ev_all=1,1147,459.19833,4.6655746,1147,427.65088,4.9182563,1147,.62440664,.025334671,1147,.74588072,.023474805,2289,753,1147,481,1099,1147,437
TIMSS,2023,MKD,4,0,bul_ev_o=0,1808,482.01688,3.8901827,1808,450.6633,4.3694692,1808,.72199255,.024248516,1808,.82540131,.016027771,2289,753,1147,481,1099,1147,437
TIMSS,2023,MKD,4,0,bul_ev_o=1,481,440.42761,5.6250429,481,410.10962,5.5354013,481,.5438903,.0308333,481,.67983967,.035074119,2289,753,1147,481,1099,1147,437
TIMSS,2023,MKD,4,0,bul_ev_trad=0,1190,486.36893,4.1163092,1190,455.65875,4.8961759,1190,.74239701,.031612013,1190,.84187526,.018151805,2289,753,1147,481,1099,1147,437
TIMSS,2023,MKD,4,0,bul_ev_trad=1,1099,459.11597,4.6464815,1099,427.48422,4.9226241,1099,.62192714,.025682637,1099,.74384707,.022925733,2289,753,1147,481,1099,1147,437
TIMSS,2023,MKD,4,0,bul_pv=0,1536,480.76288,4.0358949,1536,449.05322,4.5061193,1536,.71406209,.027043276,1536,.82010841,.017419973,2289,753,1147,481,1099,1147,437
TIMSS,2023,MKD,4,0,bul_pv=1,753,458.04913,4.8937764,753,428.12732,5.0827222,753,.62487251,.028053001,753,.74346334,.024596263,2289,753,1147,481,1099,1147,437
TIMSS,2023,MKD,4,1,all,2344,473.51379,4.120523,2344,434.88889,4.2523665,2344,.66207439,.020324245,2344,.7894907,.017981272,2344,998,1459,671,1401,1459,420
TIMSS,2023,MKD,4,1,bul_any=1,1459,464.72849,4.3433962,1459,426.78455,4.5894871,1459,.63344628,.022537725,1459,.76194549,.01861288,2344,998,1459,671,1401,1459,420
TIMSS,2023,MKD,4,1,bul_c_all=0,1924,478.3439,4.6211348,1924,440.86133,4.6539917,1924,.69026023,.021388076,1924,.80694228,.020834927,2344,998,1459,671,1401,1459,420
TIMSS,2023,MKD,4,1,bul_c_all=1,420,454.08627,8.2806978,420,410.86673,8.3237715,420,.54870629,.045309763,420,.71929765,.035563018,2344,998,1459,671,1401,1459,420
TIMSS,2023,MKD,4,1,bul_ev_all=0,885,487.19476,5.2644644,885,447.50946,5.3074622,885,.70665574,.027078273,885,.83238584,.027112491,2344,998,1459,671,1401,1459,420
TIMSS,2023,MKD,4,1,bul_ev_all=1,1459,464.72849,4.3433962,1459,426.78455,4.5894871,1459,.63344628,.022537725,1459,.76194549,.01861288,2344,998,1459,671,1401,1459,420
TIMSS,2023,MKD,4,1,bul_ev_o=0,1673,481.55804,4.3606486,1673,441.84552,4.2409863,1673,.69229567,.020114748,1673,.80981249,.017806629,2344,998,1459,671,1401,1459,420
TIMSS,2023,MKD,4,1,bul_ev_o=1,671,452.17365,5.371736,671,416.43411,5.8496084,671,.58190227,.034111045,671,.7355805,.027471079,2344,998,1459,671,1401,1459,420
TIMSS,2023,MKD,4,1,bul_ev_trad=0,943,485.14334,5.1303611,943,445.32828,5.2842736,943,.70059299,.027125014,943,.8280465,.025487199,2344,998,1459,671,1401,1459,420
TIMSS,2023,MKD,4,1,bul_ev_trad=1,1401,465.23734,4.3457885,1401,427.45944,4.5341477,1401,.63466167,.022186063,1401,.76205152,.018852891,2344,998,1459,671,1401,1459,420
TIMSS,2023,MKD,4,1,bul_pv=0,1346,477.92731,4.6911993,1346,437.4971,4.8756299,1346,.66977912,.023006115,1346,.79687351,.020849327,2344,998,1459,671,1401,1459,420
TIMSS,2023,MKD,4,1,bul_pv=1,998,467.00873,4.8052535,998,431.04468,4.9137368,998,.65071845,.025753142,998,.77860928,.021548729,2344,998,1459,671,1401,1459,420
TIMSS,2023,MLT,8,0,all,2002,496.21637,1.9389334,2002,500.92352,2.1691303,2002,.61440223,.010421542,2002,.61975455,.010009899,2002,637,1165,363,1130,1179,791
TIMSS,2023,MLT,8,0,bul_any=1,1179,490.88379,2.7353685,1179,494.26151,3.0732794,1179,.58642799,.013533659,1179,.59082437,.015890779,2002,637,1165,363,1130,1179,791
TIMSS,2023,MLT,8,0,bul_c_all=0,1211,508.53049,2.3207498,1211,514.87231,3.048903,1211,.66967797,.014112205,1211,.67683727,.013467167,2002,637,1165,363,1130,1179,791
TIMSS,2023,MLT,8,0,bul_c_all=1,791,477.50513,3.0604649,791,479.72833,3.1571946,791,.53041089,.015415289,791,.53301752,.015010331,2002,637,1165,363,1130,1179,791
TIMSS,2023,MLT,8,0,bul_ev_all=0,837,503.79901,2.7455397,837,510.38577,3.3063617,837,.65500623,.016539318,837,.66227943,.015110697,2002,637,1165,363,1130,1179,791
TIMSS,2023,MLT,8,0,bul_ev_all=1,1165,490.75504,2.7902825,1165,494.10837,3.1305404,1165,.58515739,.013781663,1165,.58912617,.015845152,2002,637,1165,363,1130,1179,791
TIMSS,2023,MLT,8,0,bul_ev_o=0,1639,500.38776,2.0079625,1639,506.63434,2.2442183,1639,.63753104,.011385398,1639,.63808805,.011065014,2002,637,1165,363,1130,1179,791
TIMSS,2023,MLT,8,0,bul_ev_o=1,363,477.48218,4.508316,363,475.27536,5.4581256,363,.51052761,.028088149,363,.53741616,.028918203,2002,637,1165,363,1130,1179,791
TIMSS,2023,MLT,8,0,bul_ev_trad=0,872,503.62994,2.6106441,872,510.04794,3.1780124,872,.65572011,.016225602,872,.66110218,.014514063,2002,637,1165,363,1130,1179,791
TIMSS,2023,MLT,8,0,bul_ev_trad=1,1130,490.48218,2.8320026,1130,493.866,3.1315134,1130,.58244389,.014061516,1130,.5877732,.015903436,2002,637,1165,363,1130,1179,791
TIMSS,2023,MLT,8,0,bul_pv=0,1365,503.53897,2.5393686,1365,509.11224,2.5547259,1365,.65089715,.013190455,1365,.65906274,.013246337,2002,637,1165,363,1130,1179,791
TIMSS,2023,MLT,8,0,bul_pv=1,637,480.492,3.7238665,637,483.3392,4.3293462,637,.53603387,.020538718,637,.53534502,.021712359,2002,637,1165,363,1130,1179,791
TIMSS,2023,MLT,8,1,all,1992,502.40988,2.0027404,1992,501.41324,2.7041738,1992,.60503763,.013294369,1992,.63683444,.012613433,1992,786,1155,374,1129,1172,704
TIMSS,2023,MLT,8,1,bul_any=1,1172,501.05951,2.7781084,1172,502.06418,3.6962223,1172,.61021268,.017772093,1172,.62793976,.015786346,1992,786,1155,374,1129,1172,704
TIMSS,2023,MLT,8,1,bul_c_all=0,1288,516.4632,2.4502048,1288,517.91211,3.4022753,1288,.66773814,.015730383,1288,.69320196,.014291734,1992,786,1155,374,1129,1172,704
TIMSS,2023,MLT,8,1,bul_c_all=1,704,476.61954,3.2961059,704,471.13489,3.8719423,704,.48997113,.020830384,704,.53338999,.020337492,1992,786,1155,374,1129,1172,704
TIMSS,2023,MLT,8,1,bul_ev_all=0,837,504.34531,3.4670393,837,500.9996,3.7809687,837,.59967017,.017609145,837,.64857578,.0206438,1992,786,1155,374,1129,1172,704
TIMSS,2023,MLT,8,1,bul_ev_all=1,1155,501.01175,2.8017683,1155,501.71207,3.719142,1155,.60891497,.01778554,1155,.6283527,.015542598,1992,786,1155,374,1129,1172,704
TIMSS,2023,MLT,8,1,bul_ev_o=0,1618,509.2225,2.1855683,1618,509.34857,2.7416949,1618,.63321358,.013454322,1618,.66582835,.01355834,1992,786,1155,374,1129,1172,704
TIMSS,2023,MLT,8,1,bul_ev_o=1,374,473.14212,5.1221204,374,467.3222,6.7710419,374,.48399082,.033057138,374,.51227325,.027673516,1992,786,1155,374,1129,1172,704
TIMSS,2023,MLT,8,1,bul_ev_trad=0,863,504.25366,3.4189267,863,500.97086,3.743942,863,.59878772,.017145615,863,.64838022,.020345146,1992,786,1155,374,1129,1172,704
TIMSS,2023,MLT,8,1,bul_ev_trad=1,1129,501.00485,2.8595083,1129,501.75037,3.8072667,1129,.60980034,.01831302,1129,.62803608,.015454294,1992,786,1155,374,1129,1172,704
TIMSS,2023,MLT,8,1,bul_pv=0,1206,508.74979,2.7173045,1206,506.70395,3.2327554,1206,.62433094,.015513409,1206,.66439086,.015324122,1992,786,1155,374,1129,1172,704
TIMSS,2023,MLT,8,1,bul_pv=1,786,492.7554,3.6346321,786,493.35651,5.0503225,786,.57565755,.022115922,786,.5948711,.02123511,1992,786,1155,374,1129,1172,704
TIMSS,2023,MNE,4,0,all,2105,471.09512,2.6194198,2105,458.42044,2.2679851,2105,.80169421,.010186935,2105,.82522833,.011240149,2105,465,770,309,745,770,555
TIMSS,2023,MNE,4,0,bul_any=1,770,451.10889,4.1143813,770,436.29306,3.5552747,770,.69860774,.019488296,770,.74852425,.021409409,2105,465,770,309,745,770,555
TIMSS,2023,MNE,4,0,bul_c_all=0,1550,473.68835,2.8927572,1550,460.99634,2.5266013,1550,.81671363,.010306512,1550,.83636439,.012817449,2105,465,770,309,745,770,555
TIMSS,2023,MNE,4,0,bul_c_all=1,555,463.63538,3.9688487,555,451.01056,3.5790181,555,.75848961,.025400454,555,.79319453,.021655519,2105,465,770,309,745,770,555
TIMSS,2023,MNE,4,0,bul_ev_all=0,1335,482.5867,2.604749,1335,471.14313,2.4515843,1335,.86096644,.012418346,1335,.8693313,.012623643,2105,465,770,309,745,770,555
TIMSS,2023,MNE,4,0,bul_ev_all=1,770,451.10889,4.1143813,770,436.29306,3.5552747,770,.69860774,.019488296,770,.74852425,.021409409,2105,465,770,309,745,770,555
TIMSS,2023,MNE,4,0,bul_ev_o=0,1796,478.31262,2.601124,1796,466.19107,2.2745836,1796,.83652204,.010216337,1796,.85292733,.010587916,2105,465,770,309,745,770,555
TIMSS,2023,MNE,4,0,bul_ev_o=1,309,430.94202,4.5956802,309,415.19012,4.4104476,309,.6079374,.02889397,309,.67113107,.038726501,2105,465,770,309,745,770,555
TIMSS,2023,MNE,4,0,bul_ev_trad=0,1360,482.33292,2.6568263,1360,470.63373,2.4747972,1360,.85763663,.012389729,1360,.86808926,.012520743,2105,465,770,309,745,770,555
TIMSS,2023,MNE,4,0,bul_ev_trad=1,745,450.5542,4.0483336,745,436.0965,3.5428717,745,.6994406,.019463837,745,.74688554,.022257803,2105,465,770,309,745,770,555
TIMSS,2023,MNE,4,0,bul_pv=0,1640,478.91721,2.542392,1640,466.5986,2.1255889,1640,.83773863,.010020995,1640,.85564727,.010447642,2105,465,770,309,745,770,555
TIMSS,2023,MNE,4,0,bul_pv=1,465,443.43384,4.4174056,465,429.49994,4.3686419,465,.67423052,.027332189,465,.71765792,.027155565,2105,465,770,309,745,770,555
TIMSS,2023,MNE,4,1,all,2312,482.65204,2.1944687,2312,462.78677,2.45118,2312,.79657227,.012117324,2312,.85225666,.012394765,2312,750,1115,518,1085,1115,652
TIMSS,2023,MNE,4,1,bul_any=1,1115,464.58627,2.9704111,1115,442.90512,3.2445996,1115,.72315657,.015473498,1115,.79513717,.016794963,2312,750,1115,518,1085,1115,652
TIMSS,2023,MNE,4,1,bul_c_all=0,1660,487.46207,2.8076336,1660,467.83209,3.0411463,1660,.8208124,.015215991,1660,.87283498,.015449026,2312,750,1115,518,1085,1115,652
TIMSS,2023,MNE,4,1,bul_c_all=1,652,470.04623,3.1586244,652,449.56439,3.5217888,652,.73304558,.018271841,652,.79832667,.018491095,2312,750,1115,518,1085,1115,652
TIMSS,2023,MNE,4,1,bul_ev_all=0,1197,500.05597,2.4917228,1197,481.94009,2.6040833,1197,.86729848,.014582204,1197,.90728372,.013368146,2312,750,1115,518,1085,1115,652
TIMSS,2023,MNE,4,1,bul_ev_all=1,1115,464.58627,2.9704111,1115,442.90512,3.2445996,1115,.72315657,.015473498,1115,.79513717,.016794963,2312,750,1115,518,1085,1115,652
TIMSS,2023,MNE,4,1,bul_ev_o=0,1794,493.31693,2.2339058,1794,474.19278,2.4720368,1794,.84187567,.013320967,1794,.89026338,.011812523,2312,750,1115,518,1085,1115,652
TIMSS,2023,MNE,4,1,bul_ev_o=1,518,447.13147,4.4775105,518,424.79788,4.4910932,518,.6456846,.021883622,518,.72567153,.026669912,2312,750,1115,518,1085,1115,652
TIMSS,2023,MNE,4,1,bul_ev_trad=0,1227,499.48276,2.4545085,1227,481.16891,2.5336761,1227,.86523074,.014503245,1227,.90679985,.014010779,2312,750,1115,518,1085,1115,652
TIMSS,2023,MNE,4,1,bul_ev_trad=1,1085,464.28821,2.9345536,1085,442.73022,3.2747481,1085,.72165978,.015275099,1085,.79274523,.016021492,2312,750,1115,518,1085,1115,652
TIMSS,2023,MNE,4,1,bul_pv=0,1562,493.23874,2.31914,1562,474.16678,2.6567345,1562,.83679301,.013628698,1562,.88760728,.012692031,2312,750,1115,518,1085,1115,652
TIMSS,2023,MNE,4,1,bul_pv=1,750,460.93652,3.5749462,750,439.44409,3.2657733,750,.71407133,.017477864,750,.77974552,.020515107,2312,750,1115,518,1085,1115,652
TIMSS,2023,MYS,8,0,all,4510,410.92847,3.6953998,4510,428.44925,3.994019,4510,.30734026,.017209643,4510,.21342319,.012987091,4510,1763,3078,1458,2970,3095,342
TIMSS,2023,MYS,8,0,bul_any=1,3095,398.99332,3.5692339,3095,415.5528,3.9802532,3095,.25391054,.016491491,3095,.16793612,.012493392,4510,1763,3078,1458,2970,3095,342
TIMSS,2023,MYS,8,0,bul_c_all=0,4168,412.7944,3.9516854,4168,430.47745,4.2653613,4168,.31677091,.018645793,4168,.22003259,.014354315,4510,1763,3078,1458,2970,3095,342
TIMSS,2023,MYS,8,0,bul_c_all=1,342,386.00879,12.921077,342,401.36258,14.259669,342,.18139277,.047653645,342,.12515371,.040920936,4510,1763,3078,1458,2970,3095,342
TIMSS,2023,MYS,8,0,bul_ev_all=0,1432,436.25198,4.332685,1432,455.74463,4.4008846,1432,.42108914,.023718085,1432,.31130138,.019728942,4510,1763,3078,1458,2970,3095,342
TIMSS,2023,MYS,8,0,bul_ev_all=1,3078,399.20779,3.5527909,3078,415.81595,3.9742351,3078,.25469303,.016529337,3078,.16812149,.012634824,4510,1763,3078,1458,2970,3095,342
TIMSS,2023,MYS,8,0,bul_ev_o=0,3052,423.16763,3.6858685,3052,443.58817,3.9493165,3052,.36396468,.019106261,3052,.25673777,.014365775,4510,1763,3078,1458,2970,3095,342
TIMSS,2023,MYS,8,0,bul_ev_o=1,1458,385.45169,4.1400232,1458,396.93637,4.6474776,1458,.18947199,.017028943,1458,.12326041,.014836344,4510,1763,3078,1458,2970,3095,342
TIMSS,2023,MYS,8,0,bul_ev_trad=0,1540,435.19162,4.3808074,1540,454.93961,4.4937339,1540,.41987357,.023493825,1540,.3079789,.01997716,4510,1763,3078,1458,2970,3095,342
TIMSS,2023,MYS,8,0,bul_ev_trad=1,2970,398.3566,3.5564425,2970,414.72339,3.9481113,2970,.24903153,.016318996,2970,.16442946,.012833283,4510,1763,3078,1458,2970,3095,342
TIMSS,2023,MYS,8,0,bul_pv=0,2747,424.57733,3.771203,2747,446.05753,3.8923247,2747,.37118909,.020220496,2747,.26082143,.014602158,4510,1763,3078,1458,2970,3095,342
TIMSS,2023,MYS,8,0,bul_pv=1,1763,389.66669,3.9544122,1763,401.01962,4.2361836,1763,.20787847,.017351704,1763,.13958764,.013006724,4510,1763,3078,1458,2970,3095,342
TIMSS,2023,MYS,8,1,all,4270,410.42487,3.8333945,4270,424.20569,4.0885172,4270,.31128022,.016186835,4270,.2292698,.015315013,4270,2068,3199,1496,3136,3220,288
TIMSS,2023,MYS,8,1,bul_any=1,3220,403.87683,3.7781126,3220,416.61523,4.1030598,3220,.28785253,.016429527,3220,.20686355,.01523214,4270,2068,3199,1496,3136,3220,288
TIMSS,2023,MYS,8,1,bul_c_all=0,3982,412.51813,3.9955044,3982,426.17426,4.2755904,3982,.32153282,.017383017,3982,.23683697,.015904423,4270,2068,3199,1496,3136,3220,288
TIMSS,2023,MYS,8,1,bul_c_all=1,288,381.24734,16.118876,288,396.76627,15.693744,288,.16837092,.064759851,288,.12379222,.063024305,4270,2068,3199,1496,3136,3220,288
TIMSS,2023,MYS,8,1,bul_ev_all=0,1071,431.0766,5.1544628,1071,448.30222,5.3573084,1071,.38570079,.023693096,1071,.30032569,.023476042,4270,2068,3199,1496,3136,3220,288
TIMSS,2023,MYS,8,1,bul_ev_all=1,3199,403.65549,3.7772114,3199,416.30716,4.1223969,3199,.28688613,.016469881,3199,.2059786,.0152013,4270,2068,3199,1496,3136,3220,288
TIMSS,2023,MYS,8,1,bul_ev_o=0,2774,423.36279,4.0304117,2774,443.1687,3.8553178,2774,.36656892,.018550789,2774,.26955104,.017484087,4270,2068,3199,1496,3136,3220,288
TIMSS,2023,MYS,8,1,bul_ev_o=1,1496,386.92529,4.1135278,1496,389.76257,5.0218186,1496,.21085764,.01584,1496,.15610577,.016604394,4270,2068,3199,1496,3136,3220,288
TIMSS,2023,MYS,8,1,bul_ev_trad=0,1134,430.57629,5.0187378,1134,447.95554,5.1895466,1134,.38597342,.023020303,1134,.30040506,.023214692,4270,2068,3199,1496,3136,3220,288
TIMSS,2023,MYS,8,1,bul_ev_trad=1,3136,403.30444,3.796716,3136,415.81378,4.1519632,3136,.28488773,.016305853,3136,.20413449,.015038069,4270,2068,3199,1496,3136,3220,288
TIMSS,2023,MYS,8,1,bul_pv=0,2202,421.86896,3.9753222,2202,443.41827,4.0845604,2202,.36320874,.019364426,2202,.25935936,.017755141,4270,2068,3199,1496,3136,3220,288
TIMSS,2023,MYS,8,1,bul_pv=1,2068,398.31607,4.1916857,2068,403.8772,4.6742835,2068,.25633562,.017017258,2068,.19743261,.016124716,4270,2068,3199,1496,3136,3220,288
TIMSS,2023,NLD,4,0,all,1832,528.70917,2.5966175,1832,514.00281,3.1524377,1832,.95416278,.0083272606,1832,.97497851,.0060822479,1832,435,747,166,723,747,934
TIMSS,2023,NLD,4,0,bul_any=1,747,517.62152,3.4482551,747,505.01941,4.842526,747,.93615836,.013957351,747,.9619351,.0122235,1832,435,747,166,723,747,934
TIMSS,2023,NLD,4,0,bul_c_all=0,898,528.76233,4.0132003,898,514.07758,4.1819482,898,.9577803,.011813928,898,.97662467,.0092985537,1832,435,747,166,723,747,934
TIMSS,2023,NLD,4,0,bul_c_all=1,934,528.65515,4.2037301,934,513.92676,5.1040521,934,.95048511,.017385378,934,.97330499,.010975932,1832,435,747,166,723,747,934
TIMSS,2023,NLD,4,0,bul_ev_all=0,1085,536.76349,2.7283244,1085,520.5285,2.7950797,1085,.96724153,.0092594922,1085,.9844535,.0041585802,1832,435,747,166,723,747,934
TIMSS,2023,NLD,4,0,bul_ev_all=1,747,517.62152,3.4482551,747,505.01941,4.842526,747,.93615836,.013957351,747,.9619351,.0122235,1832,435,747,166,723,747,934
TIMSS,2023,NLD,4,0,bul_ev_o=0,1666,533.07446,2.4660296,1666,518.94641,2.8959825,1666,.96574867,.0071580401,1666,.98137182,.0043061255,1832,435,747,166,723,747,934
TIMSS,2023,NLD,4,0,bul_ev_o=1,166,488.61368,7.2017961,166,468.59561,8.6320763,166,.8477459,.043574005,166,.91625577,.037029784,1832,435,747,166,723,747,934
TIMSS,2023,NLD,4,0,bul_ev_trad=0,1109,536.32983,2.7102296,1109,519.93414,2.7899382,1109,.96720797,.009377907,1109,.98414385,.0039933007,1832,435,747,166,723,747,934
TIMSS,2023,NLD,4,0,bul_ev_trad=1,723,517.65686,3.5253294,723,505.40054,4.8492241,723,.93524319,.013980926,723,.96168596,.012792073,1832,435,747,166,723,747,934
TIMSS,2023,NLD,4,0,bul_pv=0,1397,533.12994,2.6587281,1397,518.03912,2.8313277,1397,.96609932,.0076024355,1397,.98237133,.0047000037,1832,435,747,166,723,747,934
TIMSS,2023,NLD,4,0,bul_pv=1,435,515.02826,4.4318972,435,501.51175,6.0878172,435,.9172231,.024907267,435,.95210004,.019525301,1832,435,747,166,723,747,934
TIMSS,2023,NLD,4,1,all,1723,545.78735,2.4515297,1723,519.92255,3.041075,1723,.95283592,.0069154464,1723,.98089457,.0053112544,1723,574,804,191,776,804,844
TIMSS,2023,NLD,4,1,bul_any=1,804,537.88617,2.7332015,804,512.64661,3.5941389,804,.93248004,.011595847,804,.97375596,.0086201169,1723,574,804,191,776,804,844
TIMSS,2023,NLD,4,1,bul_c_all=0,879,547.03876,3.5593839,879,520.73907,4.2126799,879,.95295179,.011871319,879,.98176855,.006618896,1723,574,804,191,776,804,844
TIMSS,2023,NLD,4,1,bul_c_all=1,844,544.38202,3.8881204,844,519.00568,4.9245224,844,.9527058,.01081233,844,.97991312,.0072884397,1723,574,804,191,776,804,844
TIMSS,2023,NLD,4,1,bul_ev_all=0,919,552.91992,3.3716433,919,526.49072,3.2972946,919,.97121161,.0052891816,919,.98733872,.0063345977,1723,574,804,191,776,804,844
TIMSS,2023,NLD,4,1,bul_ev_all=1,804,537.88617,2.7332015,804,512.64661,3.5941389,804,.93248004,.011595847,804,.97375596,.0086201169,1723,574,804,191,776,804,844
TIMSS,2023,NLD,4,1,bul_ev_o=0,1532,551.64948,2.4514859,1532,526.44598,2.9295115,1532,.96792096,.0045627458,1532,.98741657,.0046038046,1723,574,804,191,776,804,844
TIMSS,2023,NLD,4,1,bul_ev_o=1,191,500.87405,5.6615014,191,469.94327,5.5030098,191,.8372609,.04021541,191,.93092579,.03345177,1723,574,804,191,776,804,844
TIMSS,2023,NLD,4,1,bul_ev_trad=0,947,552.61475,3.2889674,947,525.75537,3.3503997,947,.96991742,.0057684933,947,.98738772,.0062611871,1723,574,804,191,776,804,844
TIMSS,2023,NLD,4,1,bul_ev_trad=1,776,537.70026,2.8832858,776,513.01361,3.6647222,776,.93260288,.011306242,776,.97320336,.0090835541,1723,574,804,191,776,804,844
TIMSS,2023,NLD,4,1,bul_pv=0,1149,550.23926,3.1439514,1149,523.43512,3.4516988,1149,.96383023,.0063655074,1149,.9841035,.006300034,1723,574,804,191,776,804,844
TIMSS,2023,NLD,4,1,bul_pv=1,574,536.73199,3.0177038,574,512.77789,3.5707717,574,.93047321,.012727507,574,.97436744,.0095317299,1723,574,804,191,776,804,844
TIMSS,2023,NOR,4,0,all,2651,523.14111,2.4146314,2651,531.30249,2.9422848,2651,.94834048,.006587611,2651,.94726133,.0060612736,2651,569,1010,304,973,1010,1278
TIMSS,2023,NOR,4,0,bul_any=1,1010,515.41876,2.8951488,1010,526.07764,3.3210559,1010,.93323082,.010162183,1010,.93334305,.010287587,2651,569,1010,304,973,1010,1278
TIMSS,2023,NOR,4,0,bul_c_all=0,1373,527.89874,3.2268298,1373,538.74646,3.2235937,1373,.96459913,.0059825522,1373,.95702708,.0077406452,2651,569,1010,304,973,1010,1278
TIMSS,2023,NOR,4,0,bul_c_all=1,1278,517.84119,3.5067227,1278,523.00995,4.2160945,1278,.93022859,.010489212,1278,.93638247,.0097216098,2651,569,1010,304,973,1010,1278
TIMSS,2023,NOR,4,0,bul_ev_all=0,1641,528.07672,3.0543201,1641,534.64185,3.6145046,1641,.95799756,.0070657353,1641,.95615703,.007734145,2651,569,1010,304,973,1010,1278
TIMSS,2023,NOR,4,0,bul_ev_all=1,1010,515.41876,2.8951488,1010,526.07764,3.3210559,1010,.93323082,.010162183,1010,.93334305,.010287587,2651,569,1010,304,973,1010,1278
TIMSS,2023,NOR,4,0,bul_ev_o=0,2347,526.24585,2.521565,2347,534.34491,3.0491431,2347,.95545757,.0063354191,2347,.95357221,.0068965908,2651,569,1010,304,973,1010,1278
TIMSS,2023,NOR,4,0,bul_ev_o=1,304,498.70004,4.4408879,304,507.35199,5.5905724,304,.8923136,.02362106,304,.89758158,.022648122,2651,569,1010,304,973,1010,1278
TIMSS,2023,NOR,4,0,bul_ev_trad=0,1678,527.86243,3.0757234,1678,534.37646,3.6028342,1678,.95651954,.0066586565,1678,.95571423,.0074155657,2651,569,1010,304,973,1010,1278
TIMSS,2023,NOR,4,0,bul_ev_trad=1,973,515.31421,2.9235084,973,526.20654,3.3767338,973,.93478143,.010489846,973,.93324846,.010596843,2651,569,1010,304,973,1010,1278
TIMSS,2023,NOR,4,0,bul_pv=0,2082,525.28882,2.8376784,2082,533.46826,3.2621176,2082,.95607436,.0060724057,2082,.9526732,.007221513,2651,569,1010,304,973,1010,1278
TIMSS,2023,NOR,4,0,bul_pv=1,569,515.27289,3.9220564,569,523.36798,4.4491353,569,.92000699,.015348265,569,.92743492,.016102107,2651,569,1010,304,973,1010,1278
TIMSS,2023,NOR,4,1,all,2650,538.11108,2.4244509,2650,529.55359,2.6970592,2650,.94510311,.0057639419,2650,.96192247,.0056748712,2650,742,1180,243,1149,1180,1266
TIMSS,2023,NOR,4,1,bul_any=1,1180,531.58832,2.982146,1180,525.67316,3.3213363,1180,.92991388,.0085255811,1180,.95223284,.0096761379,2650,742,1180,243,1149,1180,1266
TIMSS,2023,NOR,4,1,bul_c_all=0,1384,545.99066,3.4062788,1384,536.31415,3.4552894,1384,.95293069,.0073631187,1384,.96835357,.0068907035,2650,742,1180,243,1149,1180,1266
TIMSS,2023,NOR,4,1,bul_c_all=1,1266,529.06934,3.388042,1266,521.79596,3.7342761,1266,.93612099,.010852789,1266,.95454276,.0080608008,2650,742,1180,243,1149,1180,1266
TIMSS,2023,NOR,4,1,bul_ev_all=0,1470,543.31073,3.1316009,1470,532.64691,3.23893,1470,.95721138,.0063915746,1470,.96964663,.0073185991,2650,742,1180,243,1149,1180,1266
TIMSS,2023,NOR,4,1,bul_ev_all=1,1180,531.58832,2.982146,1180,525.67316,3.3213363,1180,.92991388,.0085255811,1180,.95223284,.0096761379,2650,742,1180,243,1149,1180,1266
TIMSS,2023,NOR,4,1,bul_ev_o=0,2407,542.18292,2.575372,2407,534.08246,2.7228785,2407,.95850837,.0056288633,2407,.96970129,.0052947109,2650,742,1180,243,1149,1180,1266
TIMSS,2023,NOR,4,1,bul_ev_o=1,243,497.22989,6.7257743,243,484.08398,7.6920938,243,.81051546,.037008014,243,.88382328,.031792428,2650,742,1180,243,1149,1180,1266
TIMSS,2023,NOR,4,1,bul_ev_trad=0,1501,543.01764,3.0722022,1501,532.44983,3.1838202,1501,.95574039,.0064460072,1501,.96881592,.0069380542,2650,742,1180,243,1149,1180,1266
TIMSS,2023,NOR,4,1,bul_ev_trad=1,1149,531.65729,3.0345466,1149,525.74408,3.4076283,1149,.93111151,.0087147187,1149,.95285523,.0097481739,2650,742,1180,243,1149,1180,1266
TIMSS,2023,NOR,4,1,bul_pv=0,1908,540.27631,2.8516669,1908,531.56213,2.8471103,1908,.95338959,.006414548,1908,.96680611,.00576845,2650,742,1180,243,1149,1180,1266
TIMSS,2023,NOR,4,1,bul_pv=1,742,532.61908,3.8281288,742,524.45917,4.1295295,742,.92408514,.01077085,742,.94953549,.012063564,2650,742,1180,243,1149,1180,1266
TIMSS,2023,NOR,8,0,all,2984,500.29822,2.7050669,2984,489.40414,2.9479787,2984,.58303648,.016095705,2984,.62833196,.015753223,2984,505,1247,392,1193,1267,1686
TIMSS,2023,NOR,8,0,bul_any=1,1267,492.99277,3.3234479,1267,481.98615,3.6492152,1267,.53656071,.022062166,1267,.5880819,.022439819,2984,505,1247,392,1193,1267,1686
TIMSS,2023,NOR,8,0,bul_c_all=0,1298,504.22195,3.9927232,1298,493.46161,4.1641626,1298,.60569966,.02439509,1298,.6490224,.024532206,2984,505,1247,392,1193,1267,1686
TIMSS,2023,NOR,8,0,bul_c_all=1,1686,497.02383,3.9227588,1686,486.01819,4.2198868,1686,.56412381,.021599278,1686,.61106563,.019808697,2984,505,1247,392,1193,1267,1686
TIMSS,2023,NOR,8,0,bul_ev_all=0,1737,505.2403,3.1210949,1737,494.45657,3.2080925,1737,.61553448,.017933307,1737,.65562326,.01667955,2984,505,1247,392,1193,1267,1686
TIMSS,2023,NOR,8,0,bul_ev_all=1,1247,493.50671,3.3510451,1247,482.461,3.6537533,1247,.53837705,.021976119,1247,.5908277,.022537792,2984,505,1247,392,1193,1267,1686
TIMSS,2023,NOR,8,0,bul_ev_o=0,2592,503.14337,2.6757712,2592,493.39142,2.8899369,2592,.60410661,.015686326,2592,.64469069,.015220757,2984,505,1247,392,1193,1267,1686
TIMSS,2023,NOR,8,0,bul_ev_o=1,392,481.25952,5.2109771,392,462.72296,5.5381012,392,.44204298,.034008026,392,.51886541,.032032315,2984,505,1247,392,1193,1267,1686
TIMSS,2023,NOR,8,0,bul_ev_trad=0,1791,504.97772,3.0708158,1791,493.93527,3.1242712,1791,.61237133,.017440809,1791,.65406525,.016172899,2984,505,1247,392,1193,1267,1686
TIMSS,2023,NOR,8,0,bul_ev_trad=1,1193,493.39508,3.4345157,1193,482.71991,3.800976,1193,.53976202,.023019891,1193,.59037054,.023260841,2984,505,1247,392,1193,1267,1686
TIMSS,2023,NOR,8,0,bul_pv=0,2479,505.53802,2.8625557,2479,495.60449,2.9191527,2479,.61679202,.016065091,2479,.65673882,.016048757,2984,505,1247,392,1193,1267,1686
TIMSS,2023,NOR,8,0,bul_pv=1,505,475.20624,4.1448832,505,459.71252,4.508409,505,.42139065,.028723225,505,.49229956,.032461781,2984,505,1247,392,1193,1267,1686
TIMSS,2023,NOR,8,1,all,3340,500.922,2.653028,3340,487.47867,3.130832,3340,.55755746,.015726654,3340,.62621683,.013603249,3340,703,1239,466,1200,1259,1906
TIMSS,2023,NOR,8,1,bul_any=1,1259,500.92279,3.4498839,1259,485.54901,4.553452,1259,.55363107,.01904054,1259,.62901086,.018537175,3340,703,1239,466,1200,1259,1906
TIMSS,2023,NOR,8,1,bul_c_all=0,1434,499.63831,4.2815552,1434,488.17508,5.2186131,1434,.55606478,.023487963,1434,.62251931,.021245329,3340,703,1239,466,1200,1259,1906
TIMSS,2023,NOR,8,1,bul_c_all=1,1906,501.97443,3.4553447,1906,486.90775,3.7686603,1906,.55878121,.020191438,1906,.62924826,.019031035,3340,703,1239,466,1200,1259,1906
TIMSS,2023,NOR,8,1,bul_ev_all=0,2101,500.85492,2.983916,2101,488.69324,3.3542051,2101,.56043929,.019144678,2101,.62467223,.015077157,3340,703,1239,466,1200,1259,1906
TIMSS,2023,NOR,8,1,bul_ev_all=1,1239,501.03372,3.4110754,1239,485.45615,4.500051,1239,.55275851,.018139219,1239,.62878901,.018595178,3340,703,1239,466,1200,1259,1906
TIMSS,2023,NOR,8,1,bul_ev_o=0,2874,503.56625,2.6351306,2874,492.38492,3.0759373,2874,.58115023,.017234113,2874,.64043158,.013461978,3340,703,1239,466,1200,1259,1906
TIMSS,2023,NOR,8,1,bul_ev_o=1,466,485.06421,4.7793555,466,458.05554,5.8648329,466,.41606948,.028678497,466,.54096973,.029104242,3340,703,1239,466,1200,1259,1906
TIMSS,2023,NOR,8,1,bul_ev_trad=0,2140,501.16803,2.9620595,2140,488.82513,3.3193052,2140,.56153101,.01845298,2140,.62696123,.01471612,3340,703,1239,466,1200,1259,1906
TIMSS,2023,NOR,8,1,bul_ev_trad=1,1200,500.4906,3.452939,1200,485.11774,4.673491,1200,.55059004,.01872509,1200,.62491155,.019030297,3340,703,1239,466,1200,1259,1906
TIMSS,2023,NOR,8,1,bul_pv=0,2637,503.3912,2.6991849,2637,491.81644,3.0402792,2637,.57632071,.016811833,2637,.63909608,.013838605,3340,703,1239,466,1200,1259,1906
TIMSS,2023,NOR,8,1,bul_pv=1,703,491.89627,4.2374306,703,471.62277,6.0447249,703,.48897156,.025849473,703,.57913899,.024944739,3340,703,1239,466,1200,1259,1906
TIMSS,2023,NZL,4,0,all,2444,479.44742,2.9456022,2444,515.69574,3.5647473,2444,.90444314,.011732996,2444,.81600958,.011785607,2444,1026,1457,331,1407,1457,642
TIMSS,2023,NZL,4,0,bul_any=1,1457,474.94479,2.9373453,1457,509.52835,3.654259,1457,.88984579,.014312062,1457,.80544454,.015293631,2444,1026,1457,331,1407,1457,642
TIMSS,2023,NZL,4,0,bul_c_all=0,1802,485.6474,4.1849365,1802,521.05438,4.688612,1802,.91466731,.015122869,1802,.83535975,.015459563,2444,1026,1457,331,1407,1457,642
TIMSS,2023,NZL,4,0,bul_c_all=1,642,465.96436,6.2259822,642,504.04239,6.5969772,642,.88220865,.019440167,642,.77392876,.029482339,2444,1026,1457,331,1407,1457,642
TIMSS,2023,NZL,4,0,bul_ev_all=0,987,486.57993,4.5808249,987,525.46539,5.0786748,987,.92756635,.013977183,987,.83274543,.016512152,2444,1026,1457,331,1407,1457,642
TIMSS,2023,NZL,4,0,bul_ev_all=1,1457,474.94479,2.9373453,1457,509.52835,3.654259,1457,.88984579,.014312062,1457,.80544454,.015293631,2444,1026,1457,331,1407,1457,642
TIMSS,2023,NZL,4,0,bul_ev_o=0,2113,486.45026,3.0636189,2113,524.32343,3.4506025,2113,.92922151,.0093568247,2113,.8405847,.010391979,2444,1026,1457,331,1407,1457,642
TIMSS,2023,NZL,4,0,bul_ev_o=1,331,438.15506,5.0304446,331,464.82233,6.4207911,331,.75833654,.036197353,331,.67110163,.039973263,2444,1026,1457,331,1407,1457,642
TIMSS,2023,NZL,4,0,bul_ev_trad=0,1037,487.05103,4.2373009,1037,525.58258,4.9920969,1037,.92713839,.01438362,1037,.83411729,.015535889,2444,1026,1457,331,1407,1457,642
TIMSS,2023,NZL,4,0,bul_ev_trad=1,1407,474.22952,3.1403346,1407,508.91101,3.6711822,1407,.88886875,.013493599,1407,.80358338,.016566914,2444,1026,1457,331,1407,1457,642
TIMSS,2023,NZL,4,0,bul_pv=0,1418,486.94351,3.8369794,1418,525.71008,4.1841874,1418,.92577338,.012453699,1418,.83474797,.013577642,2444,1026,1457,331,1407,1457,642
TIMSS,2023,NZL,4,0,bul_pv=1,1026,469.80167,3.0782714,1026,502.80963,3.8251007,1026,.87699598,.015049495,1026,.79189759,.018050835,2444,1026,1457,331,1407,1457,642
TIMSS,2023,NZL,4,1,all,2503,500.78406,3.2730987,2503,518.40692,3.3966279,2503,.8904804,.0098193241,2503,.85202545,.010957395,2503,1149,1619,404,1590,1619,690
TIMSS,2023,NZL,4,1,bul_any=1,1619,498.87659,3.4054215,1619,514.86334,3.4124486,1619,.88286525,.010001301,1619,.84492505,.01274143,2503,1149,1619,404,1590,1619,690
TIMSS,2023,NZL,4,1,bul_c_all=0,1813,504.20844,4.7171721,1813,521.18689,4.684804,1813,.89893395,.013762717,1813,.86249882,.015345808,2503,1149,1619,404,1590,1619,690
TIMSS,2023,NZL,4,1,bul_c_all=1,690,493.09009,7.461627,690,512.16089,7.4872508,690,.87148678,.02291346,690,.82849365,.025992822,2503,1149,1619,404,1590,1619,690
TIMSS,2023,NZL,4,1,bul_ev_all=0,884,504.18741,5.3097353,884,524.72949,5.6011009,884,.9040674,.019762056,884,.86469412,.020650923,2503,1149,1619,404,1590,1619,690
TIMSS,2023,NZL,4,1,bul_ev_all=1,1619,498.87659,3.4054215,1619,514.86334,3.4124486,1619,.88286525,.010001301,1619,.84492505,.01274143,2503,1149,1619,404,1590,1619,690
TIMSS,2023,NZL,4,1,bul_ev_o=0,2099,509.76663,3.5916097,2099,528.90283,3.5931406,2099,.92094183,.010329983,2099,.88450778,.010494186,2503,1149,1619,404,1590,1619,690
TIMSS,2023,NZL,4,1,bul_ev_o=1,404,454.54779,4.9393468,404,464.38116,5.2800937,404,.73368514,.024390653,404,.68482786,.027330544,2503,1149,1619,404,1590,1619,690
TIMSS,2023,NZL,4,1,bul_ev_trad=0,913,504.01056,5.1701283,913,524.6723,5.4750776,913,.90479106,.019003438,913,.86361915,.020447839,2503,1149,1619,404,1590,1619,690
TIMSS,2023,NZL,4,1,bul_ev_trad=1,1590,498.89056,3.4556458,1590,514.7301,3.4242361,1590,.8820821,.010310063,1590,.84522164,.012840014,2503,1149,1619,404,1590,1619,690
TIMSS,2023,NZL,4,1,bul_pv=0,1354,505.50156,4.3308911,1354,525.0473,4.6394796,1354,.90335214,.013202703,1354,.86770165,.015004684,2503,1149,1619,404,1590,1619,690
TIMSS,2023,NZL,4,1,bul_pv=1,1149,495.07693,3.662528,1149,510.37357,3.6510284,1149,.87490839,.01353212,1149,.83306068,.015104711,2503,1149,1619,404,1590,1619,690
TIMSS,2023,NZL,8,0,all,1924,473.05487,5.2048321,1924,492.79361,4.6413403,1924,.58509052,.023458844,1924,.48022673,.025970014,1924,690,1074,479,1036,1077,1134
TIMSS,2023,NZL,8,0,bul_any=1,1077,464.11978,5.1076002,1077,486.37482,4.8511305,1077,.55874228,.028300701,1077,.44894323,.029127009,1924,690,1074,479,1036,1077,1134
TIMSS,2023,NZL,8,0,bul_c_all=0,790,482.69781,10.903316,790,500.19028,9.1219101,790,.61819142,.04514987,790,.51589066,.049161859,1924,690,1074,479,1036,1077,1134
TIMSS,2023,NZL,8,0,bul_c_all=1,1134,465.56229,8.4474068,1134,487.04639,7.3646684,1134,.55937111,.033048563,1134,.45251587,.036028638,1924,690,1074,479,1036,1077,1134
TIMSS,2023,NZL,8,0,bul_ev_all=0,850,483.9985,7.1862488,850,500.76672,7.050766,850,.61793405,.031552427,850,.51867455,.034337111,1924,690,1074,479,1036,1077,1134
TIMSS,2023,NZL,8,0,bul_ev_all=1,1074,464.07956,5.1198583,1074,486.25452,4.8600922,1074,.55815428,.028463911,1074,.44869417,.02914221,1924,690,1074,479,1036,1077,1134
TIMSS,2023,NZL,8,0,bul_ev_o=0,1445,479.32974,6.1477127,1445,498.96857,5.7328501,1445,.60726827,.025000619,1445,.50732636,.028250888,1924,690,1074,479,1036,1077,1134
TIMSS,2023,NZL,8,0,bul_ev_o=1,479,453.60107,5.6974492,479,473.64951,5.9157968,479,.51633328,.039329749,479,.39621037,.034355752,1924,690,1074,479,1036,1077,1134
TIMSS,2023,NZL,8,0,bul_ev_trad=0,888,484.40186,7.2811522,888,501.43402,7.0443249,888,.62199694,.032200679,888,.52430135,.034783069,1924,690,1074,479,1036,1077,1134
TIMSS,2023,NZL,8,0,bul_ev_trad=1,1036,463.0408,4.9872527,1036,485.16815,4.716979,1036,.5525195,.028575571,1036,.44132954,.028634887,1924,690,1074,479,1036,1077,1134
TIMSS,2023,NZL,8,0,bul_pv=0,1234,481.27386,6.3764124,1234,499.11813,6.1216683,1234,.61378354,.028396841,1234,.51307786,.028758215,1924,690,1074,479,1036,1077,1134
TIMSS,2023,NZL,8,0,bul_pv=1,690,457.48538,6.0575256,690,480.8129,5.9614506,690,.53073663,.033167168,690,.41799605,.032464873,1924,690,1074,479,1036,1077,1134
TIMSS,2023,NZL,8,1,all,2006,495.91925,5.5766201,2006,509.5856,5.8469243,2006,.64223391,.019558271,2006,.5886631,.02125,2006,869,1205,459,1170,1223,916
TIMSS,2023,NZL,8,1,bul_any=1,1223,496.71075,4.9274335,1223,512.36279,5.1511092,1223,.66558129,.019491851,1223,.60183436,.021068262,2006,869,1205,459,1170,1223,916
TIMSS,2023,NZL,8,1,bul_c_all=0,1090,511.66171,8.2366142,1090,522.69006,8.398036,1090,.68588543,.02609388,1090,.64585561,.031374902,2006,869,1205,459,1170,1223,916
TIMSS,2023,NZL,8,1,bul_c_all=1,916,480.28064,9.8834867,916,496.56763,10.024363,916,.5988704,.039381359,916,.53184795,.051221263,2006,869,1205,459,1170,1223,916
TIMSS,2023,NZL,8,1,bul_ev_all=0,801,494.47876,7.3562169,801,504.84442,7.9342189,801,.60694695,.030616838,801,.56860852,.032727916,2006,869,1205,459,1170,1223,916
TIMSS,2023,NZL,8,1,bul_ev_all=1,1205,496.95026,5.1102676,1205,512.97913,5.2198772,1205,.66749078,.019484136,1205,.60301727,.021597367,2006,869,1205,459,1170,1223,916
TIMSS,2023,NZL,8,1,bul_ev_o=0,1547,499.58716,6.0695214,1547,514.03809,6.0062418,1547,.65846264,.020236559,1547,.60456449,.024975875,2006,869,1205,459,1170,1223,916
TIMSS,2023,NZL,8,1,bul_ev_o=1,459,482.58032,6.7145166,459,493.39343,7.9099665,459,.58321565,.033746775,459,.53083521,.033192974,2006,869,1205,459,1170,1223,916
TIMSS,2023,NZL,8,1,bul_ev_trad=0,836,495.32593,7.4145513,836,505.50858,8.1685085,836,.60901266,.030633103,836,.57058883,.033315536,2006,869,1205,459,1170,1223,916
TIMSS,2023,NZL,8,1,bul_ev_trad=1,1170,496.37402,5.057508,1170,512.71069,5.1630139,1170,.66769862,.019316934,1170,.60251737,.021812506,2006,869,1205,459,1170,1223,916
TIMSS,2023,NZL,8,1,bul_pv=0,1137,497.4433,6.8813148,1137,510.3562,7.0632172,1137,.63507849,.023757854,1137,.58649856,.026117789,2006,869,1205,459,1170,1223,916
TIMSS,2023,NZL,8,1,bul_pv=1,869,493.81186,5.4957147,869,508.52008,6.0388494,869,.65212792,.024711324,869,.59165609,.02963895,2006,869,1205,459,1170,1223,916
TIMSS,2023,OMN,4,0,all,4043,420.78201,3.9383051,4043,439.14029,4.2347927,4043,.65424317,.014589612,4043,.57038224,.016527835,4043,1947,2714,1382,2662,2714,1703
TIMSS,2023,OMN,4,0,bul_any=1,2714,409.73737,3.7527556,2714,428.68256,4.1675668,2714,.61857325,.016554425,2714,.52669758,.019741487,4043,1947,2714,1382,2662,2714,1703
TIMSS,2023,OMN,4,0,bul_c_all=0,2340,426.06235,5.3171105,2340,445.33408,5.5884466,2340,.68090743,.021644935,2340,.59849256,.023173228,4043,1947,2714,1382,2662,2714,1703
TIMSS,2023,OMN,4,0,bul_c_all=1,1703,414.3544,6.7705531,1703,431.6008,7.1750593,1703,.62178564,.024653908,1703,.53616452,.027127732,4043,1947,2714,1382,2662,2714,1703
TIMSS,2023,OMN,4,0,bul_ev_all=0,1329,443.78943,6.357779,1329,460.92511,6.666852,1329,.72854823,.018573459,1329,.66138303,.022062641,4043,1947,2714,1382,2662,2714,1703
TIMSS,2023,OMN,4,0,bul_ev_all=1,2714,409.73737,3.7527556,2714,428.68256,4.1675668,2714,.61857325,.016554425,2714,.52669758,.019741487,4043,1947,2714,1382,2662,2714,1703
TIMSS,2023,OMN,4,0,bul_ev_o=0,2661,437.60754,4.336771,2661,456.82507,4.5611019,2661,.7222026,.016475035,2661,.64558053,.017294256,4043,1947,2714,1382,2662,2714,1703
TIMSS,2023,OMN,4,0,bul_ev_o=1,1382,389.09979,4.2873435,1382,405.84012,4.7771583,1382,.52627653,.017785318,1382,.42878503,.02318098,4043,1947,2714,1382,2662,2714,1703
TIMSS,2023,OMN,4,0,bul_ev_trad=0,1381,443.02164,6.1715775,1381,459.97659,6.4663038,1381,.72667468,.018839935,1381,.65865022,.021640737,4043,1947,2714,1382,2662,2714,1703
TIMSS,2023,OMN,4,0,bul_ev_trad=1,2662,409.4566,3.8110816,2662,428.52951,4.2501807,2662,.61735779,.016278852,2662,.52543223,.019843841,4043,1947,2714,1382,2662,2714,1703
TIMSS,2023,OMN,4,0,bul_pv=0,2096,435.52347,5.0432506,2096,453.35794,5.2288609,2096,.70343059,.019182686,2096,.62985146,.019172272,4043,1947,2714,1382,2662,2714,1703
TIMSS,2023,OMN,4,0,bul_pv=1,1947,405.10693,4.0119128,1947,424.02222,4.4505558,1947,.60194051,.016753305,1947,.50714672,.022697628,4043,1947,2714,1382,2662,2714,1703
TIMSS,2023,OMN,4,1,all,4025,421.94339,4.3963895,4025,426.13065,4.6829333,4025,.58854991,.016329067,4025,.56177092,.016861241,4025,2179,2811,1600,2758,2811,1706
TIMSS,2023,OMN,4,1,bul_any=1,2811,415.46179,3.9104888,2811,420.05762,4.0573397,2811,.57028043,.01522921,2811,.54195094,.016862778,4025,2179,2811,1600,2758,2811,1706
TIMSS,2023,OMN,4,1,bul_c_all=0,2319,428.1246,6.0583797,2319,432.71469,6.154098,2319,.61856854,.021382794,2319,.59275049,.023209441,4025,2179,2811,1600,2758,2811,1706
TIMSS,2023,OMN,4,1,bul_c_all=1,1706,414.38354,7.2614007,1706,418.07809,7.4876981,1706,.55183601,.026959738,1706,.52388173,.027234375,4025,2179,2811,1600,2758,2811,1706
TIMSS,2023,OMN,4,1,bul_ev_all=0,1214,437.4693,7.5075979,1214,440.67776,8.3000336,1214,.63231212,.028469849,1214,.60924709,.026419967,4025,2179,2811,1600,2758,2811,1706
TIMSS,2023,OMN,4,1,bul_ev_all=1,2811,415.46179,3.9104888,2811,420.05762,4.0573397,2811,.57028043,.01522921,2811,.54195094,.016862778,4025,2179,2811,1600,2758,2811,1706
TIMSS,2023,OMN,4,1,bul_ev_o=0,2425,434.38553,5.1835299,2425,439.24112,5.7973208,2425,.63408411,.018460849,2425,.61022079,.018824566,4025,2179,2811,1600,2758,2811,1706
TIMSS,2023,OMN,4,1,bul_ev_o=1,1600,403.8721,4.1891279,1600,407.08856,4.2666454,1600,.52241474,.019187534,1600,.49140093,.020312278,4025,2179,2811,1600,2758,2811,1706
TIMSS,2023,OMN,4,1,bul_ev_trad=0,1267,434.72519,7.6247826,1267,437.16733,8.4741526,1267,.61958963,.028344912,1267,.59749138,.026604982,4025,2179,2811,1600,2758,2811,1706
TIMSS,2023,OMN,4,1,bul_ev_trad=1,2758,416.23651,3.8554718,2758,421.20288,4.0338697,2758,.57469106,.01516974,2758,.5458222,.016684936,4025,2179,2811,1600,2758,2811,1706
TIMSS,2023,OMN,4,1,bul_pv=0,1846,431.83359,6.0274644,1846,434.87344,6.6663265,1846,.61215156,.023658987,1846,.59181619,.021938164,4025,2179,2811,1600,2758,2811,1706
TIMSS,2023,OMN,4,1,bul_pv=1,2179,413.67981,4.0471678,2179,418.82571,4.0492554,2179,.56882995,.016150959,2179,.53666705,.019400666,4025,2179,2811,1600,2758,2811,1706
TIMSS,2023,OMN,8,0,all,4052,418.42053,3.1596811,4052,475.51123,3.088212,4052,.51055998,.014250683,4052,.25951508,.012321668,4052,1689,2454,814,2366,2476,1064
TIMSS,2023,OMN,8,0,bul_any=1,2476,408.1875,3.551224,2476,464.41473,3.2344084,2476,.46135262,.016666839,2476,.21638475,.014182402,4052,1689,2454,814,2366,2476,1064
TIMSS,2023,OMN,8,0,bul_c_all=0,2988,424.81003,3.9385176,2988,481.38245,3.6507924,2988,.53729481,.0168765,2988,.28099445,.016643679,4052,1689,2454,814,2366,2476,1064
TIMSS,2023,OMN,8,0,bul_c_all=1,1064,401.6951,6.6148238,1064,460.14246,7.0509462,1064,.44057763,.030887391,1064,.20328961,.024765227,4052,1689,2454,814,2366,2476,1064
TIMSS,2023,OMN,8,0,bul_ev_all=0,1598,434.7728,3.4308672,1598,493.44946,3.7309968,1598,.58871281,.018348025,1598,.32788125,.01636189,4052,1689,2454,814,2366,2476,1064
TIMSS,2023,OMN,8,0,bul_ev_all=1,2454,408.20035,3.5606728,2454,464.29984,3.2484739,2454,.46171436,.016480548,2454,.21678616,.014205034,4052,1689,2454,814,2366,2476,1064
TIMSS,2023,OMN,8,0,bul_ev_o=0,3238,427.45877,3.1234031,3238,486.39661,2.9941554,3238,.55747783,.015101258,3238,.29003057,.014048779,4052,1689,2454,814,2366,2476,1064
TIMSS,2023,OMN,8,0,bul_ev_o=1,814,382.25452,4.9520826,814,431.95392,5.0032597,814,.32282028,.023851149,814,.13740876,.020087179,4052,1689,2454,814,2366,2476,1064
TIMSS,2023,OMN,8,0,bul_ev_trad=0,1686,433.59872,3.4603117,1686,492.0686,3.7000923,1686,.58200634,.018243387,1686,.3225714,.015984114,4052,1689,2454,814,2366,2476,1064
TIMSS,2023,OMN,8,0,bul_ev_trad=1,2366,408.02478,3.5636644,2366,464.17087,3.2171037,2366,.4616254,.016445609,2366,.21632697,.014058732,4052,1689,2454,814,2366,2476,1064
TIMSS,2023,OMN,8,0,bul_pv=0,2363,431.12943,3.2046018,2363,490.25125,3.2940521,2363,.57716686,.015165394,2363,.30816627,.01521284,4052,1689,2454,814,2366,2476,1064
TIMSS,2023,OMN,8,0,bul_pv=1,1689,401.15457,3.8229325,1689,455.48584,3.3522792,1689,.42006969,.018079191,1689,.19341891,.014730917,4052,1689,2454,814,2366,2476,1064
TIMSS,2023,OMN,8,1,all,4174,403.83884,3.4787066,4174,437.30377,3.1740603,4174,.36155951,.013701163,4174,.23049118,.012929703,4174,2284,2900,1508,2833,2930,1139
TIMSS,2023,OMN,8,1,bul_any=1,2930,399.53751,3.698627,2930,432.12915,3.3628726,2930,.33758759,.01381348,2930,.21768439,.014451206,4174,2284,2900,1508,2833,2930,1139
TIMSS,2023,OMN,8,1,bul_c_all=0,3035,409.85095,4.1960225,3035,442.02219,4.0304384,3035,.379693,.016909113,3035,.25109041,.015641356,4174,2284,2900,1508,2833,2930,1139
TIMSS,2023,OMN,8,1,bul_c_all=1,1139,387.02512,7.4923496,1139,424.10803,7.1987433,1139,.3108466,.030000715,1139,.17288248,.027380243,4174,2284,2900,1508,2833,2930,1139
TIMSS,2023,OMN,8,1,bul_ev_all=0,1274,413.49454,4.4676256,1274,449.02179,4.5766664,1274,.41671753,.023586089,1274,.25889927,.015690221,4174,2284,2900,1508,2833,2930,1139
TIMSS,2023,OMN,8,1,bul_ev_all=1,2900,399.69333,3.7359114,2900,432.27283,3.4056578,2900,.33787826,.013930224,2900,.21829459,.014605752,4174,2284,2900,1508,2833,2930,1139
TIMSS,2023,OMN,8,1,bul_ev_o=0,2666,419.04102,4.140532,2666,455.80783,3.8214328,2666,.44518495,.018058291,2666,.28763372,.015731646,4174,2284,2900,1508,2833,2930,1139
TIMSS,2023,OMN,8,1,bul_ev_o=1,1508,377.80524,3.9193778,1508,405.61572,3.8737583,1508,.21835163,.01473592,1508,.13263504,.013662777,4174,2284,2900,1508,2833,2930,1139
TIMSS,2023,OMN,8,1,bul_ev_trad=0,1341,412.52249,4.317708,1341,447.59009,4.412509,1341,.41248292,.023119517,1341,.25643453,.0153253,4174,2284,2900,1508,2833,2930,1139
TIMSS,2023,OMN,8,1,bul_ev_trad=1,2833,399.8627,3.7499826,2833,432.59375,3.4268959,2833,.33824214,.013882013,2833,.21861196,.014537622,4174,2284,2900,1508,2833,2930,1139
TIMSS,2023,OMN,8,1,bul_pv=0,1890,415.68854,4.3609891,1890,451.45316,4.4172492,1890,.4310613,.020865034,1890,.27766475,.016439999,4174,2284,2900,1508,2833,2930,1139
TIMSS,2023,OMN,8,1,bul_pv=1,2284,394.26465,3.6695869,2284,425.87146,3.5069537,2284,.3054041,.014110762,2284,.1923763,.013972474,4174,2284,2900,1508,2833,2930,1139
TIMSS,2023,POL,4,0,all,2326,540.67285,2.415432,2326,550.32257,2.6989446,2326,.97271538,.00564129,2326,.96192205,.006933324,2326,431,998,324,952,998,621
TIMSS,2023,POL,4,0,bul_any=1,998,524.78113,3.2267122,998,535.4696,3.1158636,998,.95689344,.011606501,998,.94035369,.012561925,2326,431,998,324,952,998,621
TIMSS,2023,POL,4,0,bul_c_all=0,1705,542.25934,2.801172,1705,552.30853,3.2070067,1705,.97546589,.0054029021,1705,.96554869,.0072316718,2326,431,998,324,952,998,621
TIMSS,2023,POL,4,0,bul_c_all=1,621,535.99213,5.197413,621,544.46313,5.182734,621,.96460038,.014185188,621,.95122194,.017564937,2326,431,998,324,952,998,621
TIMSS,2023,POL,4,0,bul_ev_all=0,1328,552.09052,2.7126031,1328,560.99384,3.0219641,1328,.98408288,.0057519996,1328,.97741807,.0065089799,2326,431,998,324,952,998,621
TIMSS,2023,POL,4,0,bul_ev_all=1,998,524.78113,3.2267122,998,535.4696,3.1158636,998,.95689344,.011606501,998,.94035369,.012561925,2326,431,998,324,952,998,621
TIMSS,2023,POL,4,0,bul_ev_o=0,2002,545.95508,2.5179541,2002,554.73273,2.8603911,2002,.97938335,.0048783384,2002,.97067225,.0063821063,2326,431,998,324,952,998,621
TIMSS,2023,POL,4,0,bul_ev_o=1,324,507.17386,5.1612577,324,522.35394,4.9063435,324,.93042803,.0204385,324,.90642911,.024227684,2326,431,998,324,952,998,621
TIMSS,2023,POL,4,0,bul_ev_trad=0,1374,551.60999,2.7880251,1374,560.29089,3.1548874,1374,.98157251,.0057193395,1374,.97602314,.0062572821,2326,431,998,324,952,998,621
TIMSS,2023,POL,4,0,bul_ev_trad=1,952,524.22717,3.302146,952,535.3335,3.1398325,952,.95939726,.01153409,952,.94071871,.013062486,2326,431,998,324,952,998,621
TIMSS,2023,POL,4,0,bul_pv=0,1895,546.02454,2.622874,1895,555.09601,2.8128452,1895,.97808194,.0051086396,1895,.96953589,.0067335055,2326,431,998,324,952,998,621
TIMSS,2023,POL,4,0,bul_pv=1,431,516.32379,4.7758741,431,528.60431,4.527493,431,.94829881,.016455721,431,.92728066,.0215027,2326,431,998,324,952,998,621
TIMSS,2023,POL,4,1,all,2340,551.32001,2.6108158,2340,549.37109,2.6126797,2340,.97122145,.0052105319,2340,.96170843,.0052198106,2340,705,1258,294,1237,1258,669
TIMSS,2023,POL,4,1,bul_any=1,1258,541.33044,3.2682016,1258,538.43726,3.3821278,1258,.95838255,.0079906769,1258,.94876337,.0087136114,2340,705,1258,294,1237,1258,669
TIMSS,2023,POL,4,1,bul_c_all=0,1671,552.83612,3.4216948,1671,551.65845,3.3042819,1671,.97183454,.0059753587,1671,.96095234,.0062674033,2340,705,1258,294,1237,1258,669
TIMSS,2023,POL,4,1,bul_c_all=1,669,547.15845,4.4660769,669,543.09253,4.109612,669,.96953857,.0091719618,669,.96378392,.010912634,2340,705,1258,294,1237,1258,669
TIMSS,2023,POL,4,1,bul_ev_all=0,1082,562.71686,3.000478,1082,561.84528,2.4728634,1082,.98586905,.0057153855,1082,.97647727,.0050591808,2340,705,1258,294,1237,1258,669
TIMSS,2023,POL,4,1,bul_ev_all=1,1258,541.33044,3.2682016,1258,538.43726,3.3821278,1258,.95838255,.0079906769,1258,.94876337,.0087136114,2340,705,1258,294,1237,1258,669
TIMSS,2023,POL,4,1,bul_ev_o=0,2046,557.29028,2.5735044,2046,555.30634,2.4211581,2046,.98063451,.0046005654,2046,.97280443,.0052602529,2340,705,1258,294,1237,1258,669
TIMSS,2023,POL,4,1,bul_ev_o=1,294,507.35236,6.5311503,294,505.66122,6.2023258,294,.90189981,.02206572,294,.87999344,.023681607,2340,705,1258,294,1237,1258,669
TIMSS,2023,POL,4,1,bul_ev_trad=0,1103,562.43903,2.9574635,1103,561.43976,2.568759,1103,.98551542,.0061566229,1103,.97672069,.0049978672,2340,705,1258,294,1237,1258,669
TIMSS,2023,POL,4,1,bul_ev_trad=1,1237,541.1911,3.334008,1237,538.37708,3.3832614,1237,.95820028,.008105915,1237,.94803303,.0091381967,2340,705,1258,294,1237,1258,669
TIMSS,2023,POL,4,1,bul_pv=0,1635,558.27405,2.5293181,1635,556.72546,2.28145,1635,.98133141,.0054666018,1635,.97267336,.0053915898,2340,705,1258,294,1237,1258,669
TIMSS,2023,POL,4,1,bul_pv=1,705,534.88373,4.2103481,705,531.98859,4.4416046,705,.94732589,.0097918697,705,.93579227,.011993146,2340,705,1258,294,1237,1258,669
TIMSS,2023,PRT,4,0,all,2586,506.13327,3.0728731,2586,503.98956,2.738332,2586,.91864663,.0091226166,2586,.89926809,.010851582,2586,794,1436,311,1388,1436,706
TIMSS,2023,PRT,4,0,bul_any=1,1436,498.83453,4.0758414,1436,499.24664,3.2114637,1436,.90365022,.012435962,1436,.87969649,.014842593,2586,794,1436,311,1388,1436,706
TIMSS,2023,PRT,4,0,bul_c_all=0,1880,509.57349,3.6803601,1880,506.8725,3.173511,1880,.92643708,.0094844038,1880,.90474647,.010952194,2586,794,1436,311,1388,1436,706
TIMSS,2023,PRT,4,0,bul_c_all=1,706,496.97812,6.0371819,706,496.31747,5.5688338,706,.89791465,.021628678,706,.88468903,.021583976,2586,794,1436,311,1388,1436,706
TIMSS,2023,PRT,4,0,bul_ev_all=0,1150,515.37946,2.8057079,1150,509.99802,3.1346436,1150,.93764442,.010921254,1150,.92406178,.0099642305,2586,794,1436,311,1388,1436,706
TIMSS,2023,PRT,4,0,bul_ev_all=1,1436,498.83453,4.0758414,1436,499.24664,3.2114637,1436,.90365022,.012435962,1436,.87969649,.014842593,2586,794,1436,311,1388,1436,706
TIMSS,2023,PRT,4,0,bul_ev_o=0,2275,512.13104,2.8506296,2275,509.48898,2.6082103,2275,.937446,.0078141596,2275,.91880578,.0093543269,2586,794,1436,311,1388,1436,706
TIMSS,2023,PRT,4,0,bul_ev_o=1,311,463.76633,7.8623366,311,465.14276,6.7213111,311,.7858513,.031684685,311,.76125729,.033870284,2586,794,1436,311,1388,1436,706
TIMSS,2023,PRT,4,0,bul_ev_trad=0,1198,514.23004,2.7269068,1198,509.04425,3.0428329,1198,.93342799,.011444041,1198,.92056674,.0097323051,2586,794,1436,311,1388,1436,706
TIMSS,2023,PRT,4,0,bul_ev_trad=1,1388,499.2926,4.1801982,1388,499.71906,3.2956111,1388,.90615845,.012479024,1388,.88127363,.015437472,2586,794,1436,311,1388,1436,706
TIMSS,2023,PRT,4,0,bul_pv=0,1792,514.284,2.804215,1792,510.96628,2.5194571,1792,.93611026,.0076584858,1792,.9196049,.0090055969,2586,794,1436,311,1388,1436,706
TIMSS,2023,PRT,4,0,bul_pv=1,794,488.25546,5.0917358,794,488.68683,4.6082835,794,.88034189,.020150438,794,.85466135,.020631392,2586,794,1436,311,1388,1436,706
TIMSS,2023,PRT,4,1,all,2628,528.43304,3.3409393,2628,517.27161,2.8570335,2628,.9354142,.0068230238,2628,.92999977,.0092247613,2628,1065,1616,383,1576,1616,714
TIMSS,2023,PRT,4,1,bul_any=1,1616,520.25153,3.9687374,1616,510.68073,3.502599,1616,.917063,.0093059978,1616,.91501206,.011037694,2628,1065,1616,383,1576,1616,714
TIMSS,2023,PRT,4,1,bul_c_all=0,1914,529.40704,3.7621825,1914,518.34894,3.0410452,1914,.93896443,.0078302026,1914,.93053466,.010977481,2628,1065,1616,383,1576,1616,714
TIMSS,2023,PRT,4,1,bul_c_all=1,714,525.85065,6.2059774,714,514.41534,5.622889,714,.92600125,.014789965,714,.92858154,.01556893,2628,1065,1616,383,1576,1616,714
TIMSS,2023,PRT,4,1,bul_ev_all=0,1012,542.26477,3.6333411,1012,528.41425,2.9002106,1012,.96643883,.0064142263,1012,.955338,.010764307,2628,1065,1616,383,1576,1616,714
TIMSS,2023,PRT,4,1,bul_ev_all=1,1616,520.25153,3.9687374,1616,510.68073,3.502599,1616,.917063,.0093059978,1616,.91501206,.011037694,2628,1065,1616,383,1576,1616,714
TIMSS,2023,PRT,4,1,bul_ev_o=0,2245,537.91394,3.0595894,2245,525.8028,2.5202899,2245,.95767546,.0054445663,2245,.95075238,.0079689212,2628,1065,1616,383,1576,1616,714
TIMSS,2023,PRT,4,1,bul_ev_o=1,383,474.02222,6.0654354,383,468.31113,5.8709459,383,.80765682,.027567644,383,.81090027,.028545359,2628,1065,1616,383,1576,1616,714
TIMSS,2023,PRT,4,1,bul_ev_trad=0,1052,540.82611,3.7726457,1052,527.01019,3.0678668,1052,.96085042,.0082682194,1052,.95489883,.010222734,2628,1065,1616,383,1576,1616,714
TIMSS,2023,PRT,4,1,bul_ev_trad=1,1576,520.58453,4.0257778,1576,511.10419,3.533875,1576,.91930544,.0092948377,1576,.91423118,.011816288,2628,1065,1616,383,1576,1616,714
TIMSS,2023,PRT,4,1,bul_pv=0,1563,540.84094,3.6491718,1563,528.64142,2.9011774,1563,.95909894,.0060383249,1563,.94908291,.01121013,2628,1065,1616,383,1576,1616,714
TIMSS,2023,PRT,4,1,bul_pv=1,1065,511.3829,4.5201931,1065,501.64801,4.0314384,1065,.90286827,.011352082,1065,.90377694,.013425585,2628,1065,1616,383,1576,1616,714
TIMSS,2023,PRT,8,0,all,2637,468.14838,3.2530479,2637,500.72876,2.9901395,2637,.61833096,.018718125,2637,.46024033,.015203597,2637,666,1447,307,1429,1453,714
TIMSS,2023,PRT,8,0,bul_any=1,1453,459.82993,3.4804621,1453,492.45441,3.3529699,1453,.57420111,.024890861,1453,.4129577,.017525159,2637,666,1447,307,1429,1453,714
TIMSS,2023,PRT,8,0,bul_c_all=0,1923,473.72284,3.9242122,1923,506.20264,3.3928852,1923,.64485347,.020635204,1923,.48779652,.018907536,2637,666,1447,307,1429,1453,714
TIMSS,2023,PRT,8,0,bul_c_all=1,714,455.15323,6.0847645,714,487.96817,6.1932487,714,.55650204,.035421707,714,.39600179,.03518562,2637,666,1447,307,1429,1453,714
TIMSS,2023,PRT,8,0,bul_ev_all=0,1190,478.21524,3.716418,1190,510.70059,3.4327488,1190,.67156386,.018702593,1190,.51735848,.021343375,2637,666,1447,307,1429,1453,714
TIMSS,2023,PRT,8,0,bul_ev_all=1,1447,459.89157,3.4868526,1447,492.54993,3.3681777,1447,.57466966,.025266055,1447,.41339236,.017508319,2637,666,1447,307,1429,1453,714
TIMSS,2023,PRT,8,0,bul_ev_o=0,2330,472.39328,3.3834968,2330,504.86887,3.2338424,2330,.63601786,.020087671,2330,.48236004,.016440589,2637,666,1447,307,1429,1453,714
TIMSS,2023,PRT,8,0,bul_ev_o=1,307,435.41357,5.0592942,307,468.80215,4.4614491,307,.48193762,.036550477,307,.28966337,.036291055,2637,666,1447,307,1429,1453,714
TIMSS,2023,PRT,8,0,bul_ev_trad=0,1208,477.46674,3.6989858,1208,510.13177,3.3658576,1208,.66952288,.018499359,1208,.51411921,.021562241,2637,666,1447,307,1429,1453,714
TIMSS,2023,PRT,8,0,bul_ev_trad=1,1429,460.31674,3.4983828,1429,492.82599,3.3762355,1429,.57530665,.02535037,1429,.41495785,.017687136,2637,666,1447,307,1429,1453,714
TIMSS,2023,PRT,8,0,bul_pv=0,1971,475.53714,3.2748315,1971,507.93735,3.0662842,1971,.65546352,.018392002,1971,.49715894,.017907381,2637,666,1447,307,1429,1453,714
TIMSS,2023,PRT,8,0,bul_pv=1,666,445.8139,5.0014138,666,478.939,4.6653118,666,.50608826,.030760942,666,.34864432,.026486546,2637,666,1447,307,1429,1453,714
TIMSS,2023,PRT,8,1,all,2777,482.45401,2.8074694,2777,510.2066,2.5076346,2777,.65349174,.015443267,2777,.52055866,.016934248,2777,782,1445,348,1422,1467,784
TIMSS,2023,PRT,8,1,bul_any=1,1467,478.21164,3.4190714,1467,505.21481,3.2251823,1467,.62927681,.02005402,1467,.497495,.019382855,2777,782,1445,348,1422,1467,784
TIMSS,2023,PRT,8,1,bul_c_all=0,1993,486.22559,3.215425,1993,512.61316,2.8220682,1993,.66401923,.017181145,1993,.54099995,.019799707,2777,782,1445,348,1422,1467,784
TIMSS,2023,PRT,8,1,bul_c_all=1,784,474.10953,6.145155,784,504.88217,5.384408,784,.63019985,.034286898,784,.47533271,.032139756,2777,782,1445,348,1422,1467,784
TIMSS,2023,PRT,8,1,bul_ev_all=0,1332,487.25891,3.0779612,1332,516.17487,3.1363626,1332,.68129635,.017468367,1332,.54638833,.02209793,2777,782,1445,348,1422,1467,784
TIMSS,2023,PRT,8,1,bul_ev_all=1,1445,478.04803,3.5221112,1445,504.73383,3.2826691,1445,.62799537,.020651449,1445,.49687335,.019742314,2777,782,1445,348,1422,1467,784
TIMSS,2023,PRT,8,1,bul_ev_o=0,2429,487.35745,2.8090384,2429,515.1463,2.6119993,2429,.67599285,.015537681,2429,.54723686,.017420929,2777,782,1445,348,1422,1467,784
TIMSS,2023,PRT,8,1,bul_ev_o=1,348,448.83902,5.550458,348,476.34283,5.0450444,348,.49923775,.035344254,348,.33766934,.031265207,2777,782,1445,348,1422,1467,784
TIMSS,2023,PRT,8,1,bul_ev_trad=0,1355,487.07162,3.0550356,1355,516.07172,3.1307988,1355,.68061125,.017906345,1355,.54574662,.021805288,2777,782,1445,348,1422,1467,784
TIMSS,2023,PRT,8,1,bul_ev_trad=1,1422,478.07626,3.5524628,1422,504.64612,3.3232071,1422,.62778091,.020858143,1422,.49667904,.019849906,2777,782,1445,348,1422,1467,784
TIMSS,2023,PRT,8,1,bul_pv=0,1995,488.53012,2.9690833,1995,516.33569,2.8278086,1995,.68537825,.017054686,1995,.55377138,.019386703,2777,782,1445,348,1422,1467,784
TIMSS,2023,PRT,8,1,bul_pv=1,782,467.38483,4.279099,782,495.00595,4.2328882,782,.57441068,.025697161,782,.43818861,.024180256,2777,782,1445,348,1422,1467,784
TIMSS,2023,PSE,8,0,all,3249,391.30746,4.0988946,3249,410.98209,3.9301746,3249,.25684133,.014161572,3249,.17050487,.013944601,3249,1171,1998,568,1938,2022,631
TIMSS,2023,PSE,8,0,bul_any=1,2022,381.74588,3.9602904,2022,399.2681,3.8554418,2022,.2157826,.01520111,2022,.14048091,.012774301,3249,1171,1998,568,1938,2022,631
TIMSS,2023,PSE,8,0,bul_c_all=0,2618,397.04904,4.6281753,2618,417.25336,4.4116201,2618,.28017923,.016385026,2618,.18749006,.017054094,3249,1171,1998,568,1938,2022,631
TIMSS,2023,PSE,8,0,bul_c_all=1,631,368.38635,6.8938718,631,385.94629,7.2465239,631,.1636731,.02309617,631,.10269757,.017156117,3249,1171,1998,568,1938,2022,631
TIMSS,2023,PSE,8,0,bul_ev_all=0,1251,406.28867,5.4227681,1251,429.58084,5.3521199,1251,.31981415,.022925057,1251,.2166471,.02071593,3249,1171,1998,568,1938,2022,631
TIMSS,2023,PSE,8,0,bul_ev_all=1,1998,381.78195,4.0250874,1998,399.1564,3.9026108,1998,.21680117,.015122739,1998,.14116614,.01289504,3249,1171,1998,568,1938,2022,631
TIMSS,2023,PSE,8,0,bul_ev_o=0,2681,396.68585,4.2999525,2681,418.27777,4.1489859,2681,.27918965,.015643034,2681,.18598667,.01553052,3249,1171,1998,568,1938,2022,631
TIMSS,2023,PSE,8,0,bul_ev_o=1,568,365.73615,5.6345863,568,376.29495,4.9961543,568,.15058707,.01953616,568,.096897177,.0178307,3249,1171,1998,568,1938,2022,631
TIMSS,2023,PSE,8,0,bul_ev_trad=0,1311,404.75525,5.5001378,1311,427.89023,5.4132533,1311,.31433657,.02223262,1311,.21230049,.020383578,3249,1171,1998,568,1938,2022,631
TIMSS,2023,PSE,8,0,bul_ev_trad=1,1938,382.09616,4.0009837,1938,399.40048,3.8642671,1938,.21745878,.014681484,1938,.14187609,.012756569,3249,1171,1998,568,1938,2022,631
TIMSS,2023,PSE,8,0,bul_pv=0,2078,401.9006,4.6318183,2078,424.40778,4.5108919,2078,.30038881,.018097639,2078,.20024335,.017257307,3249,1171,1998,568,1938,2022,631
TIMSS,2023,PSE,8,0,bul_pv=1,1171,372.06204,4.311275,1171,386.59045,4.3019252,1171,.17772491,.016074067,1171,.11647644,.012228215,3249,1171,1998,568,1938,2022,631
TIMSS,2023,PSE,8,1,all,3283,372.45859,4.0199475,3283,375.58377,3.9367809,3283,.16810878,.011811927,3283,.14424996,.01264722,3283,1684,2260,1113,2205,2277,1206
TIMSS,2023,PSE,8,1,bul_any=1,2277,370.35104,3.9831915,2277,370.99545,4.0568357,2277,.15444961,.011111087,2277,.13393879,.01217555,3283,1684,2260,1113,2205,2277,1206
TIMSS,2023,PSE,8,1,bul_c_all=0,2077,380.89612,5.0892854,2077,384.1409,4.8313622,2077,.18937594,.015480282,2077,.16791676,.017123846,3283,1684,2260,1113,2205,2277,1206
TIMSS,2023,PSE,8,1,bul_c_all=1,1206,357.7731,6.1610084,1206,360.69006,6.8017612,1206,.13109334,.019881798,1206,.10305797,.015491889,3283,1684,2260,1113,2205,2277,1206
TIMSS,2023,PSE,8,1,bul_ev_all=0,1023,376.88528,5.2706356,1023,385.69354,5.3198485,1023,.19917811,.020126127,1023,.16746059,.018104956,3283,1684,2260,1113,2205,2277,1206
TIMSS,2023,PSE,8,1,bul_ev_all=1,2260,370.47458,4.0370255,2260,371.05264,4.088232,2260,.15418375,.011305754,2260,.13384716,.012379979,3283,1684,2260,1113,2205,2277,1206
TIMSS,2023,PSE,8,1,bul_ev_o=0,2170,378.2576,4.2754846,2170,386.99588,4.2861743,2170,.20366102,.014488412,2170,.1643703,.014195048,3283,1684,2260,1113,2205,2277,1206
TIMSS,2023,PSE,8,1,bul_ev_o=1,1113,361.34537,5.1086831,1113,353.71365,4.6889338,1113,.099976622,.013124203,1113,.10569145,.016320152,3283,1684,2260,1113,2205,2277,1206
TIMSS,2023,PSE,8,1,bul_ev_trad=0,1078,374.32471,5.2774625,1078,383.46341,5.3601694,1078,.19477575,.019580798,1078,.16301575,.017454328,3283,1684,2260,1113,2205,2277,1206
TIMSS,2023,PSE,8,1,bul_ev_trad=1,2205,371.55722,4.0116735,2205,371.77777,4.086936,2205,.15522817,.011592931,2205,.13518578,.012481438,3283,1684,2260,1113,2205,2277,1206
TIMSS,2023,PSE,8,1,bul_pv=0,1599,376.35773,4.7495103,1599,384.60812,4.5186338,1599,.19768649,.015991403,1599,.16086474,.014799026,3283,1684,2260,1113,2205,2277,1206
TIMSS,2023,PSE,8,1,bul_pv=1,1684,368.75156,4.2788539,1684,367.00409,4.270421,1684,.13998853,.01223241,1684,.1284539,.014903722,3283,1684,2260,1113,2205,2277,1206
TIMSS,2023,QAT,4,0,all,3246,452.99799,4.2252054,3246,470.65796,4.6178465,3246,.75624371,.017705597,3246,.70892709,.020910112,3246,1413,2001,781,1938,2001,386
TIMSS,2023,QAT,4,0,bul_any=1,2001,441.72006,4.6009336,2001,457.76837,4.7861786,2001,.71001738,.019636732,2001,.66174954,.023008492,3246,1413,2001,781,1938,2001,386
TIMSS,2023,QAT,4,0,bul_c_all=0,2860,453.25995,4.4787073,2860,470.57733,4.8391581,2860,.75341433,.018380323,2860,.70912027,.022266256,3246,1413,2001,781,1938,2001,386
TIMSS,2023,QAT,4,0,bul_c_all=1,386,451.23688,12.837561,386,471.20004,13.979463,386,.77526498,.051993873,386,.70762831,.056359828,3246,1413,2001,781,1938,2001,386
TIMSS,2023,QAT,4,0,bul_ev_all=0,1245,471.15585,5.0100021,1245,491.41071,5.8492794,1245,.83067,.018965157,1245,.78488487,.023120373,3246,1413,2001,781,1938,2001,386
TIMSS,2023,QAT,4,0,bul_ev_all=1,2001,441.72006,4.6009336,2001,457.76837,4.7861786,2001,.71001738,.019636732,2001,.66174954,.023008492,3246,1413,2001,781,1938,2001,386
TIMSS,2023,QAT,4,0,bul_ev_o=0,2465,467.46118,4.4430256,2465,488.1684,4.8751025,2465,.81764942,.016934501,2465,.76928639,.020623613,3246,1413,2001,781,1938,2001,386
TIMSS,2023,QAT,4,0,bul_ev_o=1,781,406.93454,5.0313649,781,414.88947,5.2983422,781,.56067437,.031469494,781,.51669037,.027623098,3246,1413,2001,781,1938,2001,386
TIMSS,2023,QAT,4,0,bul_ev_trad=0,1308,469.7771,4.9466786,1308,490.34933,5.7040586,1308,.82736856,.01863328,1308,.78226358,.022392977,3246,1413,2001,781,1938,2001,386
TIMSS,2023,QAT,4,0,bul_ev_trad=1,1938,441.68793,4.7085676,1938,457.38489,4.9602013,1938,.70830166,.020577839,1938,.65949428,.023733761,3246,1413,2001,781,1938,2001,386
TIMSS,2023,QAT,4,0,bul_pv=0,1833,466.64838,4.5749998,1833,485.63208,5.2050543,1833,.81082982,.018440157,1833,.76349151,.02211434,3246,1413,2001,781,1938,2001,386
TIMSS,2023,QAT,4,0,bul_pv=1,1413,434.77408,4.826426,1413,450.66684,5.2794967,1413,.68336886,.021789098,1413,.6360811,.024481215,3246,1413,2001,781,1938,2001,386
TIMSS,2023,QAT,4,1,all,3166,474.46246,4.337738,3166,473.55109,4.2882619,3166,.74719852,.015512405,3166,.75999528,.015470114,3166,1673,2198,988,2156,2198,576
TIMSS,2023,QAT,4,1,bul_any=1,2198,469.60773,4.4878368,2198,468.37061,4.9038324,2198,.73193359,.018799203,2198,.74525326,.018157519,3166,1673,2198,988,2156,2198,576
TIMSS,2023,QAT,4,1,bul_c_all=0,2590,477.10358,5.2037435,2590,476.39755,5.2378583,2590,.75402796,.018456321,2590,.76598465,.017537691,3166,1673,2198,988,2156,2198,576
TIMSS,2023,QAT,4,1,bul_c_all=1,576,463.47726,10.646807,576,461.71173,9.9039345,576,.71879274,.035324506,576,.73508364,.043445963,3166,1673,2198,988,2156,2198,576
TIMSS,2023,QAT,4,1,bul_ev_all=0,968,485.30048,5.795568,968,485.11636,5.3471527,968,.781277,.017197985,968,.79290646,.01878415,3166,1673,2198,988,2156,2198,576
TIMSS,2023,QAT,4,1,bul_ev_all=1,2198,469.60773,4.4878368,2198,468.37061,4.9038324,2198,.73193359,.018799203,2198,.74525326,.018157519,3166,1673,2198,988,2156,2198,576
TIMSS,2023,QAT,4,1,bul_ev_o=0,2178,492.32339,4.2791543,2178,495.12695,3.9694541,2178,.81781101,.012146532,2178,.82235277,.012739019,3166,1673,2198,988,2156,2198,576
TIMSS,2023,QAT,4,1,bul_ev_o=1,988,434.1543,5.3516359,988,424.85916,5.5913277,988,.58784193,.026144437,988,.61926842,.02880509,3166,1673,2198,988,2156,2198,576
TIMSS,2023,QAT,4,1,bul_ev_trad=0,1010,484.63614,5.7297707,1010,483.94894,5.2085686,1010,.77880901,.016653964,1010,.79061532,.018593721,3166,1673,2198,988,2156,2198,576
TIMSS,2023,QAT,4,1,bul_ev_trad=1,2156,469.58795,4.4747338,2156,468.56918,4.9368715,2156,.73205304,.019277697,2156,.74532437,.018007467,3166,1673,2198,988,2156,2198,576
TIMSS,2023,QAT,4,1,bul_pv=0,1493,482.13565,5.345685,1493,483.03217,5.223969,1493,.77531475,.015803833,1493,.7842977,.017723009,3166,1673,2198,988,2156,2198,576
TIMSS,2023,QAT,4,1,bul_pv=1,1673,467.48611,4.6326704,1673,464.93109,5.1721864,1673,.72163576,.02154725,1673,.73790002,.019255364,3166,1673,2198,988,2156,2198,576
TIMSS,2023,QAT,8,0,all,2074,447.58795,4.8586979,2074,487.92349,5.0190897,2074,.55465817,.021527711,2074,.39073664,.024503507,2074,646,1097,333,1066,1102,210
TIMSS,2023,QAT,8,0,bul_any=1,1102,446.37653,6.9407721,1102,483.98389,7.3571482,1102,.53187108,.032564588,1102,.37640351,.030760255,2074,646,1097,333,1066,1102,210
TIMSS,2023,QAT,8,0,bul_c_all=0,1864,443.1308,5.3599114,1864,484.23492,5.320034,1864,.54199642,.023291197,1864,.37149265,.026055643,2074,646,1097,333,1066,1102,210
TIMSS,2023,QAT,8,0,bul_c_all=1,210,493.29193,11.239999,210,525.74628,14.879718,210,.68449318,.049512364,210,.58806652,.055204254,2074,646,1097,333,1066,1102,210
TIMSS,2023,QAT,8,0,bul_ev_all=0,977,448.88116,5.0266204,977,492.22412,5.1069088,977,.57936502,.020864181,977,.40601102,.02962707,2074,646,1097,333,1066,1102,210
TIMSS,2023,QAT,8,0,bul_ev_all=1,1097,446.40369,6.9831686,1097,483.98514,7.3688612,1097,.53203267,.032481991,1097,.37674904,.030863557,2074,646,1097,333,1066,1102,210
TIMSS,2023,QAT,8,0,bul_ev_o=0,1741,450.85788,4.7131419,1741,493.21188,4.9459047,1741,.57779497,.023425283,1741,.40650532,.02601639,2074,646,1097,333,1066,1102,210
TIMSS,2023,QAT,8,0,bul_ev_o=1,333,430.0329,11.226887,333,459.53201,10.799906,333,.43044502,.040694535,333,.30608025,.043086231,2074,646,1097,333,1066,1102,210
TIMSS,2023,QAT,8,0,bul_ev_trad=0,1008,448.6427,4.8745856,1008,491.77151,5.0671091,1008,.57682699,.020314878,1008,.40590116,.028498234,2074,646,1097,333,1066,1102,210
TIMSS,2023,QAT,8,0,bul_ev_trad=1,1066,446.56882,6.958817,1066,484.20547,7.282793,1066,.53323823,.032370452,1066,.37608442,.030771067,2074,646,1097,333,1066,1102,210
TIMSS,2023,QAT,8,0,bul_pv=0,1428,453.66827,4.7964997,1428,495.0448,5.1109443,1428,.58222103,.022891138,1428,.41734365,.026431842,2074,646,1097,333,1066,1102,210
TIMSS,2023,QAT,8,0,bul_pv=1,646,433.49039,6.5759912,646,471.41238,6.4699798,646,.49075231,.028251378,646,.32904696,.025615638,2074,646,1097,333,1066,1102,210
TIMSS,2023,QAT,8,1,all,2224,454.7529,5.671351,2224,474.92517,5.6981273,2224,.50128204,.022869119,2224,.41609669,.023451444,2224,995,1360,617,1329,1371,334
TIMSS,2023,QAT,8,1,bul_any=1,1371,449.65985,5.4554763,1371,469.86023,5.6964288,1371,.48100021,.025685772,1371,.39597797,.023975013,2224,995,1360,617,1329,1371,334
TIMSS,2023,QAT,8,1,bul_c_all=0,1890,454.61844,6.4387121,1890,476.0665,6.3579259,1890,.50272012,.026234102,1890,.41495064,.026694737,2224,995,1360,617,1329,1371,334
TIMSS,2023,QAT,8,1,bul_c_all=1,334,455.39368,14.883341,334,469.48505,13.461097,334,.49442744,.055328842,334,.42155936,.070237823,2224,995,1360,617,1329,1371,334
TIMSS,2023,QAT,8,1,bul_ev_all=0,864,462.2077,8.0511217,864,482.51099,7.9016047,864,.53251696,.028891344,864,.44541651,.031513404,2224,995,1360,617,1329,1371,334
TIMSS,2023,QAT,8,1,bul_ev_all=1,1360,449.92731,5.4401827,1360,470.01477,5.689518,1360,.48106331,.025698651,1360,.39711767,.02370673,2224,995,1360,617,1329,1371,334
TIMSS,2023,QAT,8,1,bul_ev_o=0,1607,466.19275,5.9683766,1607,489.3588,6.1378655,1607,.56425232,.02377747,1607,.46151561,.026711095,2224,995,1360,617,1329,1371,334
TIMSS,2023,QAT,8,1,bul_ev_o=1,617,423.12326,6.282908,617,435.0181,6.4239569,617,.32717782,.031163873,617,.2905196,.025385249,2224,995,1360,617,1329,1371,334
TIMSS,2023,QAT,8,1,bul_ev_trad=0,895,463.24219,7.901484,895,483.36942,7.6521435,895,.536439,.028552823,895,.45138326,.03164221,2224,995,1360,617,1329,1371,334
TIMSS,2023,QAT,8,1,bul_ev_trad=1,1329,448.96216,5.4079075,1329,469.16516,5.7373896,1329,.47730076,.025750749,1329,.39202702,.023230653,2224,995,1360,617,1329,1371,334
TIMSS,2023,QAT,8,1,bul_pv=0,1229,463.32724,6.8656564,1229,484.55713,6.8196115,1229,.54243213,.026144139,1229,.45328352,.029348481,2224,995,1360,617,1329,1371,334
TIMSS,2023,QAT,8,1,bul_pv=1,995,443.89917,5.8188591,995,462.7327,6.0382075,995,.44919285,.026978912,995,.3690244,.023659257,2224,995,1360,617,1329,1371,334
TIMSS,2023,ROM,4,0,all,1797,538.71588,5.0578399,1797,527.11841,4.843441,1797,.93638515,.010901327,1797,.93795192,.011348792,1797,469,819,278,794,819,873
TIMSS,2023,ROM,4,0,bul_any=1,819,524.16602,6.3719997,819,513.70117,5.1564465,819,.91815627,.016796745,819,.92145962,.016410438,1797,469,819,278,794,819,873
TIMSS,2023,ROM,4,0,bul_c_all=0,924,542.88495,5.187068,924,529.09967,5.1872501,924,.93676639,.015961863,924,.94070399,.01453176,1797,469,819,278,794,819,873
TIMSS,2023,ROM,4,0,bul_c_all=1,873,533.87311,8.5471506,873,524.81689,7.7492943,873,.93594235,.016696507,873,.93475521,.018928533,1797,469,819,278,794,819,873
TIMSS,2023,ROM,4,0,bul_ev_all=0,978,551.23645,5.0701342,978,538.66425,5.4918203,978,.95207167,.015809279,978,.95214403,.012165177,1797,469,819,278,794,819,873
TIMSS,2023,ROM,4,0,bul_ev_all=1,819,524.16602,6.3719997,819,513.70117,5.1564465,819,.91815627,.016796745,819,.92145962,.016410438,1797,469,819,278,794,819,873
TIMSS,2023,ROM,4,0,bul_ev_o=0,1519,544.64386,5.4009099,1519,532.55542,5.0995617,1519,.9434222,.011314051,1519,.94560772,.011740439,1797,469,819,278,794,819,873
TIMSS,2023,ROM,4,0,bul_ev_o=1,278,505.34433,7.4626188,278,496.5105,7.2932458,278,.89677012,.038212024,278,.89485353,.031983748,1797,469,819,278,794,819,873
TIMSS,2023,ROM,4,0,bul_ev_trad=0,1003,551.42059,4.988306,1003,538.98529,5.3856878,1003,.9522258,.015544976,1003,.95220488,.011830854,1797,469,819,278,794,819,873
TIMSS,2023,ROM,4,0,bul_ev_trad=1,794,523.25665,6.4596729,794,512.67847,5.2046356,794,.91711003,.0170667,794,.9206087,.01687883,1797,469,819,278,794,819,873
TIMSS,2023,ROM,4,0,bul_pv=0,1328,546.91925,5.723392,1328,534.63635,5.4202638,1328,.94715571,.013102516,1328,.94915801,.011669716,1797,469,819,278,794,819,873
TIMSS,2023,ROM,4,0,bul_pv=1,469,516.03802,7.222784,469,506.33517,6.0907683,469,.90661031,.02158496,469,.90697306,.019172551,1797,469,819,278,794,819,873
TIMSS,2023,ROM,4,1,all,1762,544.8952,5.3339791,1762,525.32184,4.8291807,1762,.91942018,.016573863,1762,.93566924,.015013911,1762,606,947,333,922,947,836
TIMSS,2023,ROM,4,1,bul_any=1,947,537.53839,5.8622808,947,517.74664,5.3518186,947,.91359329,.019399004,947,.93368405,.014273114,1762,606,947,333,922,947,836
TIMSS,2023,ROM,4,1,bul_c_all=0,926,551.44391,7.9133554,926,531.37085,6.3803945,926,.93262571,.020163542,926,.93945593,.020599917,1762,606,947,333,922,947,836
TIMSS,2023,ROM,4,1,bul_c_all=1,836,537.16998,6.8305974,836,518.1861,7.5361099,836,.90384233,.02103805,836,.93120235,.021101333,1762,606,947,333,922,947,836
TIMSS,2023,ROM,4,1,bul_ev_all=0,815,553.33795,6.496552,815,534.01514,6.1443763,815,.92610717,.022606475,815,.93794745,.022772832,1762,606,947,333,922,947,836
TIMSS,2023,ROM,4,1,bul_ev_all=1,947,537.53839,5.8622808,947,517.74664,5.3518186,947,.91359329,.019399004,947,.93368405,.014273114,1762,606,947,333,922,947,836
TIMSS,2023,ROM,4,1,bul_ev_o=0,1429,550.46185,5.5007734,1429,531.72534,5.0618906,1429,.9266665,.017741704,1429,.9393658,.016096856,1762,606,947,333,922,947,836
TIMSS,2023,ROM,4,1,bul_ev_o=1,333,520.62463,7.1437025,333,497.40262,6.0745206,333,.88782638,.023356732,333,.91955239,.021416783,1762,606,947,333,922,947,836
TIMSS,2023,ROM,4,1,bul_ev_trad=0,840,552.86304,6.3057952,840,533.37787,5.8968029,840,.92532635,.022083987,840,.9373945,.023507113,1762,606,947,333,922,947,836
TIMSS,2023,ROM,4,1,bul_ev_trad=1,922,537.58643,6.0387144,922,517.93219,5.5554304,922,.9140026,.019315543,922,.93408674,.014242143,1762,606,947,333,922,947,836
TIMSS,2023,ROM,4,1,bul_pv=0,1156,550.10443,6.2511616,1156,530.73212,5.9214935,1156,.91759574,.020853147,1156,.93269747,.01896476,1762,606,947,333,922,947,836
TIMSS,2023,ROM,4,1,bul_pv=1,606,534.60358,5.9656878,606,514.633,4.7658219,606,.92302465,.018244341,606,.94154048,.015847417,1762,606,947,333,922,947,836
TIMSS,2023,ROM,8,0,all,1798,494.82196,5.4281192,1798,467.04471,4.2714086,1798,.49001381,.023992278,1798,.59467995,.024563899,1798,680,1072,362,1060,1083,907
TIMSS,2023,ROM,8,0,bul_any=1,1083,482.59048,6.0441885,1083,460.12625,4.7394929,1083,.45410073,.033219032,1083,.55001885,.029455673,1798,680,1072,362,1060,1083,907
TIMSS,2023,ROM,8,0,bul_c_all=0,891,497.04617,7.2793651,891,468.61703,6.2868109,891,.49898297,.036405649,891,.61351955,.03328371,1798,680,1072,362,1060,1083,907
TIMSS,2023,ROM,8,0,bul_c_all=1,907,492.77051,8.0586958,907,465.59454,6.0732312,907,.48174134,.038492702,907,.57730377,.037142441,1798,680,1072,362,1060,1083,907
TIMSS,2023,ROM,8,0,bul_ev_all=0,726,513.66602,6.1584883,726,477.78793,5.2118707,726,.54637045,.026598701,726,.66506004,.027828803,1798,680,1072,362,1060,1083,907
TIMSS,2023,ROM,8,0,bul_ev_all=1,1072,481.84729,6.0458012,1072,459.64771,4.7343011,1072,.45121059,.034088057,1072,.5462212,.029311581,1798,680,1072,362,1060,1083,907
TIMSS,2023,ROM,8,0,bul_ev_o=0,1436,501.59314,5.259181,1436,472.73303,3.9698184,1436,.5142079,.022959013,1436,.62107474,.0242764,1798,680,1072,362,1060,1083,907
TIMSS,2023,ROM,8,0,bul_ev_o=1,362,468.87048,10.046356,362,445.24344,8.6722784,362,.39728662,.046998873,362,.49351841,.049568929,1798,680,1072,362,1060,1083,907
TIMSS,2023,ROM,8,0,bul_ev_trad=0,738,512.71484,6.6259546,738,476.55487,5.8484883,738,.54232293,.027682967,738,.66305393,.029553972,1798,680,1072,362,1060,1083,907
TIMSS,2023,ROM,8,0,bul_ev_trad=1,1060,482.0751,5.9646368,1060,460.26971,4.6268864,1060,.45274895,.034257751,1060,.5459705,.029533548,1798,680,1072,362,1060,1083,907
TIMSS,2023,ROM,8,0,bul_pv=0,1118,506.15292,5.3340101,1118,475.49149,4.1732268,1118,.53536022,.023587611,1118,.63871908,.024835661,1798,680,1072,362,1060,1083,907
TIMSS,2023,ROM,8,0,bul_pv=1,680,476.10983,7.4176292,680,453.09558,6.052,680,.41512808,.035325535,680,.52195311,.0364138,1798,680,1072,362,1060,1083,907
TIMSS,2023,ROM,8,1,all,1924,496.49509,5.2799029,1924,465.31927,4.6093788,1924,.46712649,.02083648,1924,.59535956,.020216079,1924,861,1171,520,1156,1177,899
TIMSS,2023,ROM,8,1,bul_any=1,1177,492.31149,5.0475397,1177,461.52365,4.9174385,1177,.45067787,.024491463,1177,.58485067,.023160623,1924,861,1171,520,1156,1177,899
TIMSS,2023,ROM,8,1,bul_c_all=0,1025,497.2128,7.1246767,1025,467.21426,6.0153809,1025,.46902153,.029068669,1025,.60028607,.032010086,1924,861,1171,520,1156,1177,899
TIMSS,2023,ROM,8,1,bul_c_all=1,899,495.72269,8.2935171,899,463.27994,7.3600163,899,.46508706,.037654232,899,.59005779,.035205949,1924,861,1171,520,1156,1177,899
TIMSS,2023,ROM,8,1,bul_ev_all=0,753,503.12384,8.2417316,753,470.97327,6.4831581,753,.49197498,.040815398,753,.61243111,.03007376,1924,861,1171,520,1156,1177,899
TIMSS,2023,ROM,8,1,bul_ev_all=1,1171,492.22324,5.0657678,1171,461.6756,4.9619784,1171,.45111299,.02434998,1171,.58435792,.023260511,1924,861,1171,520,1156,1177,899
TIMSS,2023,ROM,8,1,bul_ev_o=0,1404,508.11334,6.1516547,1404,476.25644,5.1158524,1404,.51777488,.026888398,1404,.64346677,.024535162,1924,861,1171,520,1156,1177,899
TIMSS,2023,ROM,8,1,bul_ev_o=1,520,467.03513,6.2033281,520,437.58636,6.4670205,520,.3386994,.029682826,520,.47337613,.029927427,1924,861,1171,520,1156,1177,899
TIMSS,2023,ROM,8,1,bul_ev_trad=0,768,503.0824,8.1008768,768,471.0191,6.392427,768,.48991174,.040499203,768,.6129449,.029463198,1924,861,1171,520,1156,1177,899
TIMSS,2023,ROM,8,1,bul_ev_trad=1,1156,492.10477,5.1010418,1156,461.52042,4.9803185,1156,.45194042,.024857648,1156,.5836392,.023886284,1924,861,1171,520,1156,1177,899
TIMSS,2023,ROM,8,1,bul_pv=0,1063,505.67117,6.8676286,1063,474.77332,5.3710766,1063,.50938725,.030350368,1063,.63116366,.025972532,1924,861,1171,520,1156,1177,899
TIMSS,2023,ROM,8,1,bul_pv=1,861,485.1506,5.487772,861,453.63113,5.5823698,861,.41487896,.026562378,861,.55109453,.025211517,1924,861,1171,520,1156,1177,899
TIMSS,2023,SAU,4,0,all,2917,417.99313,6.0246077,2917,443.60999,5.8732901,2917,.67535967,.023731438,2917,.56908947,.026511852,2917,1034,1565,689,1524,1565,945
TIMSS,2023,SAU,4,0,bul_any=1,1565,400.17804,5.9547639,1565,424.09158,5.7373972,1565,.59343624,.024930386,1565,.4818055,.02727201,2917,1034,1565,689,1524,1565,945
TIMSS,2023,SAU,4,0,bul_c_all=0,1972,426.75739,5.9874849,1972,453.0777,5.7788796,1972,.71750367,.022100257,1972,.61237508,.027635945,2917,1034,1565,689,1524,1565,945
TIMSS,2023,SAU,4,0,bul_c_all=1,945,396.64999,12.298081,945,420.55374,12.568686,945,.57272822,.053156096,945,.46367782,.052868962,2917,1034,1565,689,1524,1565,945
TIMSS,2023,SAU,4,0,bul_ev_all=0,1352,437.27777,6.4921021,1352,464.73843,6.3747721,1352,.76404077,.027328851,1352,.66357327,.029101763,2917,1034,1565,689,1524,1565,945
TIMSS,2023,SAU,4,0,bul_ev_all=1,1565,400.17804,5.9547639,1565,424.09158,5.7373972,1565,.59343624,.024930386,1565,.4818055,.02727201,2917,1034,1565,689,1524,1565,945
TIMSS,2023,SAU,4,0,bul_ev_o=0,2228,429.79639,5.9439397,2228,458.58118,5.7649221,2228,.73972446,.023530401,2228,.62514776,.027676769,2917,1034,1565,689,1524,1565,945
TIMSS,2023,SAU,4,0,bul_ev_o=1,689,377.63788,6.8424067,689,392.42358,6.3389511,689,.45529681,.032419324,689,.37742639,.029688975,2917,1034,1565,689,1524,1565,945
TIMSS,2023,SAU,4,0,bul_ev_trad=0,1393,436.46689,6.5206285,1393,463.62448,6.4088731,1393,.76029325,.027072666,1393,.66040844,.029108897,2917,1034,1565,689,1524,1565,945
TIMSS,2023,SAU,4,0,bul_ev_trad=1,1524,399.96118,5.930285,1524,424.07416,5.7418318,1524,.59245723,.025134062,1524,.47995433,.027684046,2917,1034,1565,689,1524,1565,945
TIMSS,2023,SAU,4,0,bul_pv=0,1883,429.6629,6.3966441,1883,457.42868,6.2454953,1883,.73135674,.026111132,1883,.62721497,.02862522,2917,1034,1565,689,1524,1565,945
TIMSS,2023,SAU,4,0,bul_pv=1,1034,395.22897,6.0687027,1034,416.6539,5.5244446,1034,.56612617,.025679113,1034,.45570406,.029134061,2917,1034,1565,689,1524,1565,945
TIMSS,2023,SAU,4,1,all,2598,420.96262,5.1230483,2598,412.02499,4.947206,2598,.542063,.022029612,2598,.57619607,.021523986,2598,1161,1658,880,1620,1658,661
TIMSS,2023,SAU,4,1,bul_any=1,1658,413.82007,5.0976868,1658,403.0787,4.7220702,1658,.50332659,.023221707,1658,.54017353,.02480608,2598,1161,1658,880,1620,1658,661
TIMSS,2023,SAU,4,1,bul_c_all=0,1937,417.43326,6.7859344,1937,408.63763,6.7282629,1937,.53069389,.030166024,1937,.56074256,.028552014,2598,1161,1658,880,1620,1658,661
TIMSS,2023,SAU,4,1,bul_c_all=1,661,431.26587,11.339448,661,421.9137,10.413524,661,.57525289,.042736083,661,.62130964,.043177012,2598,1161,1658,880,1620,1658,661
TIMSS,2023,SAU,4,1,bul_ev_all=0,940,434.13022,6.3572435,940,428.51788,6.7923803,940,.61347532,.031639718,940,.64260519,.026559679,2598,1161,1658,880,1620,1658,661
TIMSS,2023,SAU,4,1,bul_ev_all=1,1658,413.82007,5.0976868,1658,403.0787,4.7220702,1658,.50332659,.023221707,1658,.54017353,.02480608,2598,1161,1658,880,1620,1658,661
TIMSS,2023,SAU,4,1,bul_ev_o=0,1718,428.79117,5.392354,1718,423.12103,5.6565366,1718,.58548695,.024003845,1718,.61439651,.021299362,2598,1161,1658,880,1620,1658,661
TIMSS,2023,SAU,4,1,bul_ev_o=1,880,406.39026,5.6776543,880,391.37045,4.762095,880,.4612321,.026356144,880,.50508839,.0297438,2598,1161,1658,880,1620,1658,661
TIMSS,2023,SAU,4,1,bul_ev_trad=0,978,432.01666,6.4040508,978,425.57779,6.7201586,978,.60186774,.031105736,978,.63357759,.026852408,2598,1161,1658,880,1620,1658,661
TIMSS,2023,SAU,4,1,bul_ev_trad=1,1620,414.56635,5.08427,1620,404.18286,4.7104983,1620,.50745785,.023565246,1620,.54299307,.024908699,2598,1161,1658,880,1620,1658,661
TIMSS,2023,SAU,4,1,bul_pv=0,1437,423.63107,5.8717108,1437,417.12244,6.271348,1437,.55904901,.025979115,1437,.58902055,.024104735,2598,1161,1658,880,1620,1658,661
TIMSS,2023,SAU,4,1,bul_pv=1,1161,417.75955,5.2071581,1161,405.90631,4.6019974,1161,.52167398,.025552129,1161,.56080234,.025564514,2598,1161,1658,880,1620,1658,661
TIMSS,2023,SAU,8,0,all,2919,398.79468,4.1817384,2919,437.51746,4.4072385,2919,.34152612,.019860014,2919,.17889029,.016745163,2919,719,1249,432,1206,1261,1005
TIMSS,2023,SAU,8,0,bul_any=1,1261,385.48422,4.5618968,1261,424.63403,5.1003218,1261,.28216186,.021147542,1261,.12372652,.014071225,2919,719,1249,432,1206,1261,1005
TIMSS,2023,SAU,8,0,bul_c_all=0,1914,400.98453,5.7535067,1914,439.0798,5.9054155,1914,.34574178,.026914774,1914,.18720374,.022733096,2919,719,1249,432,1206,1261,1005
TIMSS,2023,SAU,8,0,bul_c_all=1,1005,394.34854,6.7723613,1005,434.34534,7.4142289,1005,.33296677,.030649181,1005,.16201101,.02405362,2919,719,1249,432,1206,1261,1005
TIMSS,2023,SAU,8,0,bul_ev_all=0,1670,408.67703,4.721252,1670,447.1467,4.7525015,1670,.38567626,.023539264,1670,.21982892,.02161343,2919,719,1249,432,1206,1261,1005
TIMSS,2023,SAU,8,0,bul_ev_all=1,1249,385.42487,4.5803442,1249,424.49008,5.0973568,1249,.28179538,.021753488,1249,.12350442,.014207188,2919,719,1249,432,1206,1261,1005
TIMSS,2023,SAU,8,0,bul_ev_o=0,2487,403.80014,4.3063583,2487,442.63995,4.5436134,2487,.36402476,.021505315,2487,.19472677,.018512927,2919,719,1249,432,1206,1261,1005
TIMSS,2023,SAU,8,0,bul_ev_o=1,432,370.24771,5.0086579,432,408.30298,5.5089712,432,.2132125,.022962857,432,.088572167,.018289564,2919,719,1249,432,1206,1261,1005
TIMSS,2023,SAU,8,0,bul_ev_trad=0,1713,408.00632,4.67769,1713,446.517,4.7301531,1713,.38154528,.023697305,1713,.21721868,.021279117,2919,719,1249,432,1206,1261,1005
TIMSS,2023,SAU,8,0,bul_ev_trad=1,1206,385.5502,4.697104,1206,424.57794,5.1721921,1206,.28398657,.022364596,1206,.12378173,.014337804,2919,719,1249,432,1206,1261,1005
TIMSS,2023,SAU,8,0,bul_pv=0,2200,403.96616,4.2792821,2200,443.608,4.4021544,2200,.36861697,.022351934,2200,.19892469,.018949777,2919,719,1249,432,1206,1261,1005
TIMSS,2023,SAU,8,0,bul_pv=1,719,382.78607,4.8875661,719,418.66379,5.9658051,719,.2576645,.022852466,719,.11687241,.015953271,2919,719,1249,432,1206,1261,1005
TIMSS,2023,SAU,8,1,all,2963,394.96439,4.4671535,2963,401.89645,4.5159855,2963,.2293418,.016302215,2963,.17736641,.016157068,2963,1095,1631,710,1612,1640,1092
TIMSS,2023,SAU,8,1,bul_any=1,1640,385.9769,4.7396059,1640,390.33401,4.6348023,1640,.19266842,.016936947,1640,.15195884,.015098165,2963,1095,1631,710,1612,1640,1092
TIMSS,2023,SAU,8,1,bul_c_all=0,1871,397.34482,6.3604541,1871,403.92273,6.3654127,1871,.23243034,.024647642,1871,.1814009,.023746893,2963,1095,1631,710,1612,1640,1092
TIMSS,2023,SAU,8,1,bul_c_all=1,1092,390.95532,6.5522556,1092,398.48383,6.6950226,1092,.22414018,.025162648,1092,.17057164,.025892382,2963,1095,1631,710,1612,1640,1092
TIMSS,2023,SAU,8,1,bul_ev_all=0,1332,405.99371,4.8325968,1332,416.0452,5.2900081,1332,.27460536,.020174375,1332,.20909756,.019905601,2963,1095,1631,710,1612,1640,1092
TIMSS,2023,SAU,8,1,bul_ev_all=1,1631,386.03165,4.7541475,1631,390.43726,4.6297054,1631,.19268252,.017076103,1631,.1516671,.015183606,2963,1095,1631,710,1612,1640,1092
TIMSS,2023,SAU,8,1,bul_ev_o=0,2253,402.3454,4.7457767,2253,411.4462,4.7806215,2253,.26298767,.018981604,2253,.20037507,.018343545,2963,1095,1631,710,1612,1640,1092
TIMSS,2023,SAU,8,1,bul_ev_o=1,710,371.89081,4.80617,710,372.0433,5.2420216,710,.12416258,.016375681,710,.10543984,.016285427,2963,1095,1631,710,1612,1640,1092
TIMSS,2023,SAU,8,1,bul_ev_trad=0,1351,405.18604,4.7849607,1351,415.07199,5.2609382,1351,.27187172,.019966235,1351,.20778143,.019751003,2963,1095,1631,710,1612,1640,1092
TIMSS,2023,SAU,8,1,bul_ev_trad=1,1612,386.46497,4.8243442,1612,390.94083,4.6947694,1612,.19397771,.017287796,1612,.15207598,.015296732,2963,1095,1631,710,1612,1640,1092
TIMSS,2023,SAU,8,1,bul_pv=0,1868,401.18716,5.0243626,1868,409.85361,5.178617,1868,.25452945,.019081514,1868,.19791329,.019390982,2963,1095,1631,710,1612,1640,1092
TIMSS,2023,SAU,8,1,bul_pv=1,1095,384.51593,4.5976605,1095,388.53586,4.5895615,1095,.1870501,.016894361,1095,.14286688,.016999179,2963,1095,1631,710,1612,1640,1092
TIMSS,2023,SGP,4,0,all,3226,608.90613,3.1110542,3226,602.5177,2.9316738,3226,.98211974,.0037037241,3226,.98037356,.0029973646,3226,1044,1693,460,1632,1693,96
TIMSS,2023,SGP,4,0,bul_any=1,1693,592.60089,3.850282,1693,587.83124,3.7283671,1693,.9729054,.00579688,1693,.9711467,.0051149209,3226,1044,1693,460,1632,1693,96
TIMSS,2023,SGP,4,0,bul_c_all=0,3130,608.70844,3.2106252,3130,602.27106,3.0128877,3130,.98182517,.0037463731,3130,.98010379,.0030379547,3226,1044,1693,460,1632,1693,96
TIMSS,2023,SGP,4,0,bul_c_all=1,96,614.88519,19.018383,96,609.97638,17.766399,96,.99102539,.010286763,96,.98853219,.013856839,3226,1044,1693,460,1632,1693,96
TIMSS,2023,SGP,4,0,bul_ev_all=0,1533,626.69189,3.0368614,1533,618.53766,2.8300765,1533,.99217069,.0028079629,1533,.99043822,.00265049,3226,1044,1693,460,1632,1693,96
TIMSS,2023,SGP,4,0,bul_ev_all=1,1693,592.60089,3.850282,1693,587.83124,3.7283671,1693,.9729054,.00579688,1693,.9711467,.0051149209,3226,1044,1693,460,1632,1693,96
TIMSS,2023,SGP,4,0,bul_ev_o=0,2766,618.93842,2.7465563,2766,611.98956,2.5893509,2766,.9897933,.0026046787,2766,.9887554,.0021696354,3226,1044,1693,460,1632,1693,96
TIMSS,2023,SGP,4,0,bul_ev_o=1,460,546.95544,5.8835406,460,544.02734,5.6583548,460,.93473405,.016619509,460,.92861462,.013495774,3226,1044,1693,460,1632,1693,96
TIMSS,2023,SGP,4,0,bul_ev_trad=0,1594,625.13672,3.1226926,1594,617.22644,2.8821561,1594,.9911676,.0029123402,1594,.98937839,.0026530048,3226,1044,1693,460,1632,1693,96
TIMSS,2023,SGP,4,0,bul_ev_trad=1,1632,592.88171,3.8768873,1632,587.99579,3.7336781,1632,.97318673,.0059050703,1632,.97148311,.0052265315,3226,1044,1693,460,1632,1693,96
TIMSS,2023,SGP,4,0,bul_pv=0,2182,621.7204,2.8955529,2182,613.70551,2.792794,2182,.98857719,.0027379401,2182,.98877424,.0024433485,3226,1044,1693,460,1632,1693,96
TIMSS,2023,SGP,4,0,bul_pv=1,1044,581.57452,4.4859571,1044,578.65515,4.2046957,1044,.96834648,.0078697838,1044,.96245569,.007624981,3226,1044,1693,460,1632,1693,96
TIMSS,2023,SGP,4,1,all,3304,620.50159,3.1519012,3304,612.06006,2.9930401,3304,.98097754,.0034863872,3304,.98231125,.0029764168,3304,1290,1978,526,1930,1978,79
TIMSS,2023,SGP,4,1,bul_any=1,1978,610.79425,3.5359023,1978,602.83038,3.5434539,1978,.97448009,.0055532772,1978,.97610545,.0043515842,3304,1290,1978,526,1930,1978,79
TIMSS,2023,SGP,4,1,bul_c_all=0,3225,620.22766,3.1688745,3225,611.78424,3.0129631,3225,.98062831,.003552214,3225,.98206991,.0029617802,3304,1290,1978,526,1930,1978,79
TIMSS,2023,SGP,4,1,bul_c_all=1,79,631.4032,24.069769,79,623.03918,24.032141,79,.99487787,.0078376494,79,.99191701,.024191123,3304,1290,1978,526,1930,1978,79
TIMSS,2023,SGP,4,1,bul_ev_all=0,1326,634.83746,3.5018871,1326,625.69067,2.9526119,1326,.99057311,.0031987804,1326,.99147606,.0032726021,3304,1290,1978,526,1930,1978,79
TIMSS,2023,SGP,4,1,bul_ev_all=1,1978,610.79425,3.5359023,1978,602.83038,3.5434539,1978,.97448009,.0055532772,1978,.97610545,.0043515842,3304,1290,1978,526,1930,1978,79
TIMSS,2023,SGP,4,1,bul_ev_o=0,2778,631.10767,2.8581932,2778,622.03723,2.6109557,2778,.99084824,.0020549269,2778,.99107325,.0022010708,3304,1290,1978,526,1930,1978,79
TIMSS,2023,SGP,4,1,bul_ev_o=1,526,562.57983,6.1513433,526,557.57318,6.3469691,526,.92707193,.015089396,526,.93446034,.013440144,3304,1290,1978,526,1930,1978,79
TIMSS,2023,SGP,4,1,bul_ev_trad=0,1374,633.90955,3.4628291,1374,624.841,3.0137441,1374,.99063039,.0028762782,1374,.99137974,.0030659181,3304,1290,1978,526,1930,1978,79
TIMSS,2023,SGP,4,1,bul_ev_trad=1,1930,610.85236,3.5421109,1930,602.86206,3.5499761,1930,.97403073,.005591331,1930,.97578496,.0043715169,3304,1290,1978,526,1930,1978,79
TIMSS,2023,SGP,4,1,bul_pv=0,2014,631.52081,3.2234061,2014,622.35687,2.8525834,2014,.99053001,.002353041,2014,.99075007,.002587989,3304,1290,1978,526,1930,1978,79
TIMSS,2023,SGP,4,1,bul_pv=1,1290,603.06854,4.139339,1290,595.77002,4.2423167,1290,.96586508,.0069743283,1290,.96896064,.0059267189,3304,1290,1978,526,1930,1978,79
TIMSS,2023,SGP,8,0,all,2305,601.86584,6.7536154,2305,602.60388,6.4954,2305,.89202881,.015654806,2305,.89373827,.016607832,2305,555,1059,355,983,1062,97
TIMSS,2023,SGP,8,0,bul_any=1,1062,579.32788,7.4870391,1062,578.86572,7.4232607,1062,.83744276,.023369368,1062,.84046251,.024708476,2305,555,1059,355,983,1062,97
TIMSS,2023,SGP,8,0,bul_c_all=0,2208,604.22986,6.8152871,2208,605.0675,6.5806403,2208,.89495194,.015965305,2208,.89775848,.015990291,2305,555,1059,355,983,1062,97
TIMSS,2023,SGP,8,0,bul_c_all=1,97,544.90997,17.273546,97,543.24988,13.816944,97,.82160378,.068498522,97,.7968806,.090750448,2305,555,1059,355,983,1062,97
TIMSS,2023,SGP,8,0,bul_ev_all=0,1246,620.79059,6.3435726,1246,622.4306,6.0149126,1246,.93725026,.011521264,1246,.93782544,.012605917,2305,555,1059,355,983,1062,97
TIMSS,2023,SGP,8,0,bul_ev_all=1,1059,579.82825,7.3879271,1059,579.51599,7.2939682,1059,.839369,.022947153,1059,.8423993,.024227668,2305,555,1059,355,983,1062,97
TIMSS,2023,SGP,8,0,bul_ev_o=0,1950,609.38312,6.6384053,1950,610.77106,6.3601618,1950,.91226709,.013973367,1950,.91266137,.014927254,2305,555,1059,355,983,1062,97
TIMSS,2023,SGP,8,0,bul_ev_o=1,355,560.91083,8.9963055,355,558.10834,9.1511211,355,.7817682,.038254611,355,.79064298,.033000555,2305,555,1059,355,983,1062,97
TIMSS,2023,SGP,8,0,bul_ev_trad=0,1322,622.03699,6.2763166,1322,623.55402,6.0544248,1322,.93799305,.011322212,1322,.93873477,.012174999,2305,555,1059,355,983,1062,97
TIMSS,2023,SGP,8,0,bul_ev_trad=1,983,575.00562,7.3345385,983,574.70642,7.0774956,983,.83082211,.023706919,983,.83382016,.025601631,2305,555,1059,355,983,1062,97
TIMSS,2023,SGP,8,0,bul_pv=0,1750,615.08826,6.6056962,1750,615.97784,6.0742912,1750,.92446685,.012869128,1750,.92502052,.013737477,2305,555,1059,355,983,1062,97
TIMSS,2023,SGP,8,0,bul_pv=1,555,560.54681,8.192791,555,560.81152,8.6114597,555,.79066259,.03060426,555,.79598373,.029314298,2305,555,1059,355,983,1062,97
TIMSS,2023,SGP,8,1,all,2467,608.44897,8.1865177,2467,609.37128,7.9531093,2467,.88777781,.018539313,2467,.89305174,.018641995,2467,941,1440,583,1391,1445,168
TIMSS,2023,SGP,8,1,bul_any=1,1445,599.0835,8.5749683,1445,599.81366,8.5491104,1445,.8667562,.02190825,1445,.87516105,.021525031,2467,941,1440,583,1391,1445,168
TIMSS,2023,SGP,8,1,bul_c_all=0,2299,608.99384,9.0254498,2299,609.81543,8.7809153,2299,.8884564,.019569503,2299,.89290845,.020065734,2467,941,1440,583,1391,1445,168
TIMSS,2023,SGP,8,1,bul_c_all=1,168,601.21118,32.229126,168,603.47095,34.101009,168,.87876362,.062927745,168,.89495546,.050385609,2467,941,1440,583,1391,1445,168
TIMSS,2023,SGP,8,1,bul_ev_all=0,1027,621.71631,8.2847672,1027,622.95282,7.5630479,1027,.91753238,.016058207,1027,.91842633,.016311284,2467,941,1440,583,1391,1445,168
TIMSS,2023,SGP,8,1,bul_ev_all=1,1440,598.88257,8.570816,1440,599.57825,8.5575886,1440,.86632317,.021921804,1440,.87475532,.021538932,2467,941,1440,583,1391,1445,168
TIMSS,2023,SGP,8,1,bul_ev_o=0,1884,613.33215,7.9717665,1884,615.91309,7.4672837,1884,.90540475,.016713586,1884,.90553933,.016672732,2467,941,1440,583,1391,1445,168
TIMSS,2023,SGP,8,1,bul_ev_o=1,583,592.82733,9.9508419,583,588.44342,10.591337,583,.83138752,.028971814,583,.8531028,.028673904,2467,941,1440,583,1391,1445,168
TIMSS,2023,SGP,8,1,bul_ev_trad=0,1076,620.24768,8.2339773,1076,621.35168,7.5764503,1076,.91315711,.016948303,1076,.9146632,.017024921,2467,941,1440,583,1391,1445,168
TIMSS,2023,SGP,8,1,bul_ev_trad=1,1391,599.22168,8.5787392,1391,600.00183,8.5107517,1391,.86792964,.021451479,1391,.87615025,.02113677,2467,941,1440,583,1391,1445,168
TIMSS,2023,SGP,8,1,bul_pv=0,1526,618.98761,7.9282322,1526,620.32074,7.3849201,1526,.91204214,.015377919,1526,.91239756,.016617499,2467,941,1440,583,1391,1445,168
TIMSS,2023,SGP,8,1,bul_pv=1,941,590.9881,9.4538527,941,591.22955,9.6145735,941,.84757537,.025969101,941,.86099851,.02482225,2467,941,1440,583,1391,1445,168
TIMSS,2023,SRB,4,0,all,2176,517.63586,3.2771854,2176,508.00421,3.2765605,2176,.92629623,.0099960044,2176,.92058593,.0094473967,2176,459,849,265,801,849,325
TIMSS,2023,SRB,4,0,bul_any=1,849,498.71402,3.9480453,849,492.00357,3.9091635,849,.88623405,.01782462,849,.87683076,.016206762,2176,459,849,265,801,849,325
TIMSS,2023,SRB,4,0,bul_c_all=0,1851,517.01123,3.6657398,1851,507.45935,3.6607094,1851,.92630839,.010649172,1851,.91983253,.010307371,2176,459,849,265,801,849,325
TIMSS,2023,SRB,4,0,bul_c_all=1,325,522.13763,8.8928137,325,511.931,8.3659086,325,.92620879,.031702884,325,.92601544,.034146413,2176,459,849,265,801,849,325
TIMSS,2023,SRB,4,0,bul_ev_all=0,1327,529.86047,3.8980303,1327,518.34161,4.152462,1327,.95217884,.01236928,1327,.94885433,.0090708164,2176,459,849,265,801,849,325
TIMSS,2023,SRB,4,0,bul_ev_all=1,849,498.71402,3.9480453,849,492.00357,3.9091635,849,.88623405,.01782462,849,.87683076,.016206762,2176,459,849,265,801,849,325
TIMSS,2023,SRB,4,0,bul_ev_o=0,1911,523.86487,3.3182065,1911,513.69208,3.3607485,1911,.9431985,.0098384097,1911,.93850172,.0084699979,2176,459,849,265,801,849,325
TIMSS,2023,SRB,4,0,bul_ev_o=1,265,472.90948,6.8446059,265,467.16351,6.667882,265,.80493289,.035970818,265,.79194468,.035388064,2176,459,849,265,801,849,325
TIMSS,2023,SRB,4,0,bul_ev_trad=0,1375,529.08032,3.8863199,1375,517.55841,4.1161804,1375,.94961053,.012766217,1375,.94600409,.0094109261,2176,459,849,265,801,849,325
TIMSS,2023,SRB,4,0,bul_ev_trad=1,801,498.30911,3.9050577,801,491.86963,3.9054511,801,.88692451,.020217316,801,.87766129,.017084248,2176,459,849,265,801,849,325
TIMSS,2023,SRB,4,0,bul_pv=0,1717,525.19403,3.5177498,1717,514.57599,3.6192484,1717,.94522464,.010731823,1717,.9403984,.0089075137,2176,459,849,265,801,849,325
TIMSS,2023,SRB,4,0,bul_pv=1,459,489.90497,5.001297,459,483.89249,5.4209037,459,.85684806,.027789509,459,.84789401,.022841295,2176,459,849,265,801,849,325
TIMSS,2023,SRB,4,1,all,2173,528.36066,3.9670246,2173,511.76492,3.9683669,2173,.91713446,.01277553,2173,.92997396,.010915253,2173,645,1040,354,1012,1040,344
TIMSS,2023,SRB,4,1,bul_any=1,1040,515.12164,4.0501008,1040,498.6991,4.4985161,1040,.89448035,.016926926,1040,.91447496,.014421451,2173,645,1040,354,1012,1040,344
TIMSS,2023,SRB,4,1,bul_c_all=0,1829,527.74774,4.3767996,1829,511.24692,4.2131057,1829,.91608864,.014134719,1829,.93001717,.011853085,2173,645,1040,354,1012,1040,344
TIMSS,2023,SRB,4,1,bul_c_all=1,344,532.51111,9.281889,344,515.27246,8.8319321,344,.92421621,.02159223,344,.92968124,.023130737,2173,645,1040,354,1012,1040,344
TIMSS,2023,SRB,4,1,bul_ev_all=0,1133,539.5484,5.2081294,1133,522.80627,4.7363482,1133,.93627846,.013291942,1133,.94307142,.015718371,2173,645,1040,354,1012,1040,344
TIMSS,2023,SRB,4,1,bul_ev_all=1,1040,515.12164,4.0501008,1040,498.6991,4.4985161,1040,.89448035,.016926926,1040,.91447496,.014421451,2173,645,1040,354,1012,1040,344
TIMSS,2023,SRB,4,1,bul_ev_o=0,1819,535.48309,4.232131,1819,518.86896,4.0858631,1819,.92881137,.013465854,1819,.93751711,.011165727,2173,645,1040,354,1012,1040,344
TIMSS,2023,SRB,4,1,bul_ev_o=1,354,490.22723,5.5534086,354,473.73007,6.1505704,354,.8546164,.0315472,354,.88958794,.026524629,2173,645,1040,354,1012,1040,344
TIMSS,2023,SRB,4,1,bul_ev_trad=0,1161,538.11371,5.2051172,1161,521.31342,4.7723637,1161,.93378305,.013655484,1161,.94073206,.015376718,2173,645,1040,354,1012,1040,344
TIMSS,2023,SRB,4,1,bul_ev_trad=1,1012,516.13855,4.0367589,1012,499.7991,4.5628281,1012,.89627111,.017753961,1012,.91649234,.014640734,2173,645,1040,354,1012,1040,344
TIMSS,2023,SRB,4,1,bul_pv=0,1528,537.26593,4.377049,1528,519.9939,4.1261511,1528,.93258369,.014347568,1528,.94227219,.012040661,2173,645,1040,354,1012,1040,344
TIMSS,2023,SRB,4,1,bul_pv=1,645,506.02405,5.026473,645,491.12463,5.4951353,645,.87838417,.017783355,645,.89912701,.018187489,2173,645,1040,354,1012,1040,344
TIMSS,2023,SVK,4,0,all,2381,506.10464,3.6353838,2381,517.62842,4.1151109,2381,.89380306,.013954796,2381,.89448321,.013495054,2381,568,1073,286,1039,1073,253
TIMSS,2023,SVK,4,0,bul_any=1,1073,494.28009,5.1594286,1073,505.49127,5.6647167,1073,.86546838,.02273264,1073,.86648905,.021503767,2381,568,1073,286,1039,1073,253
TIMSS,2023,SVK,4,0,bul_c_all=0,2128,514.71893,3.2663846,2128,527.87524,3.7278543,2128,.92784625,.012012318,2128,.92523652,.011625231,2381,568,1073,286,1039,1073,253
TIMSS,2023,SVK,4,0,bul_c_all=1,253,443.07999,16.797792,253,442.65976,20.260183,253,.64473277,.081189409,253,.66948253,.082494527,2381,568,1073,286,1039,1073,253
TIMSS,2023,SVK,4,0,bul_ev_all=0,1308,515.65613,3.8087115,1308,527.43237,4.3624454,1308,.91669083,.014938944,1308,.91709584,.014062121,2381,568,1073,286,1039,1073,253
TIMSS,2023,SVK,4,0,bul_ev_all=1,1073,494.28009,5.1594286,1073,505.49127,5.6647167,1073,.86546838,.02273264,1073,.86648905,.021503767,2381,568,1073,286,1039,1073,253
TIMSS,2023,SVK,4,0,bul_ev_o=0,2095,510.0755,3.7466393,2095,522.19849,4.3360343,2095,.90316033,.013979076,2095,.90310812,.013048612,2381,568,1073,286,1039,1073,253
TIMSS,2023,SVK,4,0,bul_ev_o=1,286,476.82187,6.5401754,286,483.92712,6.8896799,286,.82479846,.032981496,286,.83087933,.034396745,2381,568,1073,286,1039,1073,253
TIMSS,2023,SVK,4,0,bul_ev_trad=0,1342,515.20471,3.7075367,1342,526.66754,4.3116198,1342,.91682643,.014537171,1342,.91699028,.013401195,2381,568,1073,286,1039,1073,253
TIMSS,2023,SVK,4,0,bul_ev_trad=1,1039,494.06296,5.2270837,1039,505.66736,5.7515903,1039,.86333722,.02381813,1039,.86470056,.02209793,2381,568,1073,286,1039,1073,253
TIMSS,2023,SVK,4,0,bul_pv=0,1813,509.61862,3.8187065,1813,521.75604,4.415195,1813,.90260303,.013508579,1813,.902201,.0135127,2381,568,1073,286,1039,1073,253
TIMSS,2023,SVK,4,0,bul_pv=1,568,494.97882,5.2592273,568,504.55969,5.7916632,568,.86594099,.024515945,568,.87004733,.022756319,2381,568,1073,286,1039,1073,253
TIMSS,2023,SVK,4,1,all,2407,523.32184,3.0032482,2407,523.4986,3.1010315,2407,.90920621,.012543731,2407,.91685426,.0091554634,2407,791,1293,313,1258,1293,280
TIMSS,2023,SVK,4,1,bul_any=1,1293,516.86621,3.6329091,1293,517.59967,4.0083971,1293,.89498752,.015703101,1293,.90635568,.012805741,2407,791,1293,313,1258,1293,280
TIMSS,2023,SVK,4,1,bul_c_all=0,2127,530.27856,3.0834103,2127,530.98627,3.2548535,2127,.93392259,.011728977,2127,.93707228,.0098844469,2407,791,1293,313,1258,1293,280
TIMSS,2023,SVK,4,1,bul_c_all=1,280,475.30939,14.803935,280,471.82217,16.323921,280,.73862368,.065023251,280,.77731758,.061297487,2407,791,1293,313,1258,1293,280
TIMSS,2023,SVK,4,1,bul_ev_all=0,1114,530.66846,4.017169,1114,530.21179,4.4139571,1114,.92538738,.013945035,1114,.92880183,.010848909,2407,791,1293,313,1258,1293,280
TIMSS,2023,SVK,4,1,bul_ev_all=1,1293,516.86621,3.6329091,1293,517.59967,4.0083971,1293,.89498752,.015703101,1293,.90635568,.012805741,2407,791,1293,313,1258,1293,280
TIMSS,2023,SVK,4,1,bul_ev_o=0,2094,527.74756,3.1571476,2094,528.85651,3.2861941,2094,.92118502,.013519761,2094,.92681003,.010071948,2407,791,1293,313,1258,1293,280
TIMSS,2023,SVK,4,1,bul_ev_o=1,313,491.80103,6.4866443,313,485.33896,6.7304964,313,.82389092,.02608129,313,.84594738,.024945162,2407,791,1293,313,1258,1293,280
TIMSS,2023,SVK,4,1,bul_ev_trad=0,1149,530.56354,3.9147437,1149,530.03406,4.3289256,1149,.92505497,.013785704,1149,.92902344,.010831841,2407,791,1293,313,1258,1293,280
TIMSS,2023,SVK,4,1,bul_ev_trad=1,1258,516.61646,3.6921244,1258,517.44727,4.0998464,1258,.89453125,.015953088,1258,.9055863,.013153076,2407,791,1293,313,1258,1293,280
TIMSS,2023,SVK,4,1,bul_pv=0,1616,525.83441,3.5333972,1616,525.17944,3.6673689,1616,.91046917,.015148298,1616,.92106152,.011146437,2407,791,1293,313,1258,1293,280
TIMSS,2023,SVK,4,1,bul_pv=1,791,517.92249,3.909632,791,519.88666,4.4977174,791,.90649217,.014878164,791,.90781319,.014767015,2407,791,1293,313,1258,1293,280
TIMSS,2023,SVN,4,0,all,2339,508.67661,2.2445929,2339,523.14087,2.7037644,2339,.94082922,.0061693699,2339,.92952573,.0073674526,2339,582,1006,182,984,1006,733
TIMSS,2023,SVN,4,0,bul_any=1,1006,496.34985,2.7519147,1006,510.85318,3.3164859,1006,.91380805,.010861045,1006,.90624642,.011224507,2339,582,1006,182,984,1006,733
TIMSS,2023,SVN,4,0,bul_c_all=0,1606,507.9137,2.9281557,1606,522.09393,3.2546003,1606,.93761736,.0077213766,1606,.92632461,.0094538769,2339,582,1006,182,984,1006,733
TIMSS,2023,SVN,4,0,bul_c_all=1,733,510.4407,3.4635184,733,525.56152,4.0249991,733,.94825596,.012523425,733,.9369278,.010834965,2339,582,1006,182,984,1006,733
TIMSS,2023,SVN,4,0,bul_ev_all=0,1333,518.28693,2.6839526,1333,532.72064,2.9766538,1333,.9618957,.005624671,1333,.94767499,.0082956357,2339,582,1006,182,984,1006,733
TIMSS,2023,SVN,4,0,bul_ev_all=1,1006,496.34985,2.7519147,1006,510.85318,3.3164859,1006,.91380805,.010861045,1006,.90624642,.011224507,2339,582,1006,182,984,1006,733
TIMSS,2023,SVN,4,0,bul_ev_o=0,2157,512.87958,2.2834885,2157,527.63208,2.664947,2157,.95110363,.0057760472,2157,.93967807,.0076627275,2339,582,1006,182,984,1006,733
TIMSS,2023,SVN,4,0,bul_ev_o=1,182,457.80731,5.3711143,182,468.78256,6.5084033,182,.81647629,.033591647,182,.80665022,.03598468,2339,582,1006,182,984,1006,733
TIMSS,2023,SVN,4,0,bul_ev_trad=0,1355,518.06067,2.6556044,1355,532.46771,2.9483764,1355,.96222246,.005603299,1355,.94813609,.0081746699,2339,582,1006,182,984,1006,733
TIMSS,2023,SVN,4,0,bul_ev_trad=1,984,496.16296,2.7513008,984,510.70349,3.3352921,984,.91230136,.011203123,984,.90470892,.011449759,2339,582,1006,182,984,1006,733
TIMSS,2023,SVN,4,0,bul_pv=0,1757,514.90479,2.4471626,1757,529.5611,2.8969772,1757,.95890009,.0052985386,1757,.94524002,.0078753876,2339,582,1006,182,984,1006,733
TIMSS,2023,SVN,4,0,bul_pv=1,582,490.23059,3.6960883,582,504.12598,3.9065356,582,.8873086,.015682243,582,.8829847,.014870184,2339,582,1006,182,984,1006,733
TIMSS,2023,SVN,4,1,all,2407,518.71973,2.1384425,2407,528.06677,2.7241795,2407,.95018023,.0068343449,2407,.93777305,.0060626855,2407,792,1207,332,1185,1207,768
TIMSS,2023,SVN,4,1,bul_any=1,1207,507.63892,3.110929,1207,514.39172,3.8281093,1207,.92497003,.011989707,1207,.91257513,.010595269,2407,792,1207,332,1185,1207,768
TIMSS,2023,SVN,4,1,bul_c_all=0,1639,518.58246,2.775748,1639,527.2998,3.1949706,1639,.94689268,.0088622058,1639,.93269986,.0077032759,2407,792,1207,332,1185,1207,768
TIMSS,2023,SVN,4,1,bul_c_all=1,768,519.03174,3.7202563,768,529.81049,4.4018354,768,.95765495,.0081293499,768,.9493075,.011291968,2407,792,1207,332,1185,1207,768
TIMSS,2023,SVN,4,1,bul_ev_all=0,1200,529.64722,2.7049854,1200,541.55255,2.751734,1200,.97504175,.0060177939,1200,.96262234,.0054764966,2407,792,1207,332,1185,1207,768
TIMSS,2023,SVN,4,1,bul_ev_all=1,1207,507.63892,3.110929,1207,514.39172,3.8281093,1207,.92497003,.011989707,1207,.91257513,.010595269,2407,792,1207,332,1185,1207,768
TIMSS,2023,SVN,4,1,bul_ev_o=0,2075,527.79858,2.1748106,2075,538.12946,2.8238084,2075,.96957302,.0053742579,2075,.95764023,.0050287512,2407,792,1207,332,1185,1207,768
TIMSS,2023,SVN,4,1,bul_ev_o=1,332,463.3429,5.3771639,332,466.68909,4.9852266,332,.83189374,.028403036,332,.81659293,.028077833,2407,792,1207,332,1185,1207,768
TIMSS,2023,SVN,4,1,bul_ev_trad=0,1222,529.42834,2.7214842,1222,540.9162,2.8112192,1222,.97408217,.0063238139,1222,.96138972,.0055395532,2407,792,1207,332,1185,1207,768
TIMSS,2023,SVN,4,1,bul_ev_trad=1,1185,507.46393,3.1166286,1185,514.56073,3.7932932,1185,.92505711,.012048324,1185,.91294974,.010550756,2407,792,1207,332,1185,1207,768
TIMSS,2023,SVN,4,1,bul_pv=0,1615,527.9043,2.3430476,1615,539.29523,2.8187387,1615,.97440857,.0046558143,1615,.96074063,.0049361899,2407,792,1207,332,1185,1207,768
TIMSS,2023,SVN,4,1,bul_pv=1,792,499.73447,3.8058097,792,504.8566,4.0793924,792,.90009844,.017373389,792,.89029729,.014558734,2407,792,1207,332,1185,1207,768
TIMSS,2023,SWE,4,0,all,2623,521.98712,2.9230807,2623,531.53271,3.5000322,2623,.93885201,.010262677,2623,.94449317,.0081866737,2623,583,1108,313,1076,1108,1316
TIMSS,2023,SWE,4,0,bul_any=1,1108,504.41959,4.463603,1108,514.94373,4.9863477,1108,.90655595,.016212577,1108,.90703028,.01695347,2623,583,1108,313,1076,1108,1316
TIMSS,2023,SWE,4,0,bul_c_all=0,1307,527.14893,3.5750937,1307,537.85767,4.1009226,1307,.95449269,.0087775411,1307,.95700878,.0091521721,2623,583,1108,313,1076,1108,1316
TIMSS,2023,SWE,4,0,bul_c_all=1,1316,516.49316,4.4364319,1316,524.80078,5.6165738,1316,.92220503,.019116165,1316,.93117231,.014423095,2623,583,1108,313,1076,1108,1316
TIMSS,2023,SWE,4,0,bul_ev_all=0,1515,535.04443,2.8439054,1515,543.86279,3.1836014,1515,.96285659,.0076816357,1515,.97233808,.006772921,2623,583,1108,313,1076,1108,1316
TIMSS,2023,SWE,4,0,bul_ev_all=1,1108,504.41959,4.463603,1108,514.94373,4.9863477,1108,.90655595,.016212577,1108,.90703028,.01695347,2623,583,1108,313,1076,1108,1316
TIMSS,2023,SWE,4,0,bul_ev_o=0,2310,526.36377,2.8542655,2310,536.0766,3.5626171,2310,.94689327,.01029541,2310,.95377606,.0084869787,2623,583,1108,313,1076,1108,1316
TIMSS,2023,SWE,4,0,bul_ev_o=1,313,491.86618,6.3368154,313,500.26074,6.4679832,313,.88351053,.026314309,313,.88060665,.025323907,2623,583,1108,313,1076,1108,1316
TIMSS,2023,SWE,4,0,bul_ev_trad=0,1547,535.06244,2.836014,1547,543.85687,3.1778035,1547,.96321368,.0075150779,1547,.97234166,.0067942692,2623,583,1108,313,1076,1108,1316
TIMSS,2023,SWE,4,0,bul_ev_trad=1,1076,503.64001,4.5371728,1076,514.23969,5.0810528,1076,.90466815,.016555371,1076,.90541661,.017389514,2623,583,1108,313,1076,1108,1316
TIMSS,2023,SWE,4,0,bul_pv=0,2040,529.96802,2.8065248,2040,539.10199,3.309217,2040,.9519338,.0083489567,2040,.96356732,.0070951371,2623,583,1108,313,1076,1108,1316
TIMSS,2023,SWE,4,0,bul_pv=1,583,495.54285,5.6905036,583,506.45233,6.0027351,583,.89550626,.019970257,583,.88129205,.023647474,2623,583,1108,313,1076,1108,1316
TIMSS,2023,SWE,4,1,all,2516,538.15778,3.2394798,2516,533.53156,3.7374766,2516,.92877626,.013244089,2516,.95418036,.0085068513,2516,666,1132,206,1115,1132,1275
TIMSS,2023,SWE,4,1,bul_any=1,1132,525.41089,4.0759153,1132,520.14655,4.3286791,1132,.90240198,.01947544,1132,.93403548,.012038052,2516,666,1132,206,1115,1132,1275
TIMSS,2023,SWE,4,1,bul_c_all=0,1241,548.27966,4.4917212,1241,545.03424,4.764987,1241,.9493311,.012441657,1241,.96886784,.0093200551,2516,666,1132,206,1115,1132,1275
TIMSS,2023,SWE,4,1,bul_c_all=1,1275,528.17041,4.2919116,1275,522.1817,5.1819935,1275,.90849465,.020904757,1275,.93968821,.013568441,2516,666,1132,206,1115,1132,1275
TIMSS,2023,SWE,4,1,bul_ev_all=0,1384,549.42395,3.4960845,1384,545.36169,4.2731285,1384,.95208687,.012707909,1384,.97198528,.0079872971,2516,666,1132,206,1115,1132,1275
TIMSS,2023,SWE,4,1,bul_ev_all=1,1132,525.41089,4.0759153,1132,520.14655,4.3286791,1132,.90240198,.01947544,1132,.93403548,.012038052,2516,666,1132,206,1115,1132,1275
TIMSS,2023,SWE,4,1,bul_ev_o=0,2310,543.18024,3.0940537,2310,539.16486,3.5928943,2310,.94211376,.01069363,2310,.96348464,.0079870643,2516,666,1132,206,1115,1132,1275
TIMSS,2023,SWE,4,1,bul_ev_o=1,206,487.95865,7.9735284,206,477.2272,9.2460089,206,.79546982,.059406672,206,.86118543,.038992628,2516,666,1132,206,1115,1132,1275
TIMSS,2023,SWE,4,1,bul_ev_trad=0,1401,549.45563,3.4739602,1401,545.23181,4.2415009,1401,.95185697,.012482227,1401,.97167557,.0079289433,2516,666,1132,206,1115,1132,1275
TIMSS,2023,SWE,4,1,bul_ev_trad=1,1115,525.05865,4.0069842,1115,519.96588,4.3242073,1115,.90201581,.019989677,1115,.93389595,.012333357,2516,666,1132,206,1115,1132,1275
TIMSS,2023,SWE,4,1,bul_pv=0,1850,545.98193,3.2753172,1850,541.37115,3.9291213,1850,.94595814,.010811856,1850,.96670026,.0085047428,2516,666,1132,206,1115,1132,1275
TIMSS,2023,SWE,4,1,bul_pv=1,666,517.80402,4.6537352,666,513.13763,5.1030574,666,.88407958,.025355771,666,.92161149,.015708584,2516,666,1132,206,1115,1132,1275
TIMSS,2023,SWE,8,0,all,2463,513.85077,2.8335414,2463,521.34589,3.5654492,2463,.68766123,.017202256,2463,.68298876,.015264764,2463,487,1055,344,1022,1063,1175
TIMSS,2023,SWE,8,0,bul_any=1,1063,503.34714,3.3857687,1063,511.27414,4.0469961,1063,.65711296,.022904148,1063,.63602775,.019992666,2463,487,1055,344,1022,1063,1175
TIMSS,2023,SWE,8,0,bul_c_all=0,1288,519.83246,4.0499315,1288,530.60345,5.5430336,1288,.72787368,.023702571,1288,.71489775,.022027072,2463,487,1055,344,1022,1063,1175
TIMSS,2023,SWE,8,0,bul_c_all=1,1175,507.31534,5.0111685,1175,511.23138,5.2971168,1175,.64372629,.02500538,1175,.64812595,.025346546,2463,487,1055,344,1022,1063,1175
TIMSS,2023,SWE,8,0,bul_ev_all=0,1408,522.02966,3.2265303,1408,529.29437,4.2639079,1408,.71121961,.019393746,1408,.7200247,.019920735,2463,487,1055,344,1022,1063,1175
TIMSS,2023,SWE,8,0,bul_ev_all=1,1055,503.17285,3.3953931,1055,510.96887,4.0262494,1055,.65690476,.023291094,1055,.63463682,.020091355,2463,487,1055,344,1022,1063,1175
TIMSS,2023,SWE,8,0,bul_ev_o=0,2119,517.3703,2.9500558,2119,524.61255,3.5308099,2119,.69897401,.016226947,2119,.70026135,.016148172,2463,487,1055,344,1022,1063,1175
TIMSS,2023,SWE,8,0,bul_ev_o=1,344,492.7092,5.8999004,344,501.7236,6.5344181,344,.61970657,.039038811,344,.57923436,.037051857,2463,487,1055,344,1022,1063,1175
TIMSS,2023,SWE,8,0,bul_ev_trad=0,1441,522.51587,3.1776614,1441,529.46002,4.1889915,1441,.71171898,.019523283,1441,.72385991,.019459574,2463,487,1055,344,1022,1063,1175
TIMSS,2023,SWE,8,0,bul_ev_trad=1,1022,501.85028,3.4273541,1022,510.10849,4.0969481,1022,.65434313,.023806721,1022,.62638551,.019884095,2463,487,1055,344,1022,1063,1175
TIMSS,2023,SWE,8,0,bul_pv=0,1976,520.14075,2.8751974,1976,527.64282,3.6001372,1976,.71469849,.017161362,1976,.7163651,.015607348,2463,487,1055,344,1022,1063,1175
TIMSS,2023,SWE,8,0,bul_pv=1,487,489.81192,4.4729075,487,497.28064,5.778903,487,.58433056,.032459404,487,.55543184,.032235563,2463,487,1055,344,1022,1063,1175
TIMSS,2023,SWE,8,1,all,2619,520.5943,2.7285013,2619,521.27576,3.5255084,2619,.68100029,.015441423,2619,.69918764,.014317734,2619,537,922,322,889,942,1266
TIMSS,2023,SWE,8,1,bul_any=1,942,514.83038,4.1716604,942,517.9668,5.0559282,942,.67784196,.022342065,942,.69103807,.022160247,2619,537,922,322,889,942,1266
TIMSS,2023,SWE,8,1,bul_c_all=0,1353,520.95648,4.4063511,1353,522.53534,5.4459581,1353,.68787277,.021192757,1353,.69937921,.020486658,2619,537,922,322,889,942,1266
TIMSS,2023,SWE,8,1,bul_c_all=1,1266,520.22083,4.0657964,1266,519.97668,5.1508203,1266,.67391229,.026132673,1266,.69899005,.020520529,2619,537,922,322,889,942,1266
TIMSS,2023,SWE,8,1,bul_ev_all=0,1697,524.03381,3.0921729,1697,523.46619,4.2488098,1697,.68390292,.020376312,1697,.70528048,.016507763,2619,537,922,322,889,942,1266
TIMSS,2023,SWE,8,1,bul_ev_all=1,922,514.17535,4.2189808,922,517.18787,5.1309419,922,.6755833,.022849388,922,.6878168,.022855651,2619,537,922,322,889,942,1266
TIMSS,2023,SWE,8,1,bul_ev_o=0,2297,523.60883,2.6259384,2297,524.22052,3.5150025,2297,.69176179,.016344223,2297,.71241111,.013738191,2619,537,922,322,889,942,1266
TIMSS,2023,SWE,8,1,bul_ev_o=1,322,499.27219,6.8915763,322,500.44681,8.6643705,322,.60488254,.045793265,322,.60565573,.036904637,2619,537,922,322,889,942,1266
TIMSS,2023,SWE,8,1,bul_ev_trad=0,1730,524.5473,3.0783856,1730,524.15045,4.1140437,1730,.68713051,.019924475,1730,.70849347,.016572323,2619,537,922,322,889,942,1266
TIMSS,2023,SWE,8,1,bul_ev_trad=1,889,512.74573,4.3433037,889,515.56818,5.1904554,889,.66882885,.023596693,889,.68071109,.022948269,2619,537,922,322,889,942,1266
TIMSS,2023,SWE,8,1,bul_pv=0,2082,524.50604,2.8452945,2082,524.06506,3.5862772,2082,.6906693,.017749654,2082,.71453989,.014936022,2619,537,922,322,889,942,1266
TIMSS,2023,SWE,8,1,bul_pv=1,537,505.44031,5.4066701,537,510.46991,6.8836794,537,.64354235,.033129562,537,.63971263,.029611995,2619,537,922,322,889,942,1266
TIMSS,2023,TUR,4,0,all,2175,546.05432,4.4208617,2175,568.27295,3.6480258,2175,.96196425,.0061921878,2175,.92522091,.010441883,2175,881,1476,346,1400,1476,623
TIMSS,2023,TUR,4,0,bul_any=1,1476,536.72705,4.8277926,1476,560.2337,3.898582,1476,.95213711,.008048364,1476,.90842909,.012398768,2175,881,1476,346,1400,1476,623
TIMSS,2023,TUR,4,0,bul_c_all=0,1552,551.5191,4.5973253,1552,573.21759,4.1201668,1552,.96723962,.00787789,1552,.93782949,.010208631,2175,881,1476,346,1400,1476,623
TIMSS,2023,TUR,4,0,bul_c_all=1,623,533.25397,11.479607,623,556.69098,9.2861252,623,.94960773,.018391961,623,.8956874,.025741186,2175,881,1476,346,1400,1476,623
TIMSS,2023,TUR,4,0,bul_ev_all=0,699,566.17188,5.1614814,699,585.61249,4.7743406,699,.98315996,.0082576452,699,.96143824,.012324033,2175,881,1476,346,1400,1476,623
TIMSS,2023,TUR,4,0,bul_ev_all=1,1476,536.72705,4.8277926,1476,560.2337,3.898582,1476,.95213711,.008048364,1476,.90842909,.012398768,2175,881,1476,346,1400,1476,623
TIMSS,2023,TUR,4,0,bul_ev_o=0,1829,553.09814,4.3153844,1829,575.2027,3.6236162,1829,.97575289,.0043054493,1829,.94170654,.009468792,2175,881,1476,346,1400,1476,623
TIMSS,2023,TUR,4,0,bul_ev_o=1,346,508.82785,8.7101555,346,531.64923,6.5586667,346,.88909113,.02257205,346,.83809394,.031090161,2175,881,1476,346,1400,1476,623
TIMSS,2023,TUR,4,0,bul_ev_trad=0,775,563.19836,4.910306,775,583.21576,4.3768811,775,.98233402,.0084277885,775,.95723248,.01208163,2175,881,1476,346,1400,1476,623
TIMSS,2023,TUR,4,0,bul_ev_trad=1,1400,536.60956,4.9328551,1400,560.04095,3.998966,1400,.95074248,.0085887387,1400,.90758556,.012347866,2175,881,1476,346,1400,1476,623
TIMSS,2023,TUR,4,0,bul_pv=0,1294,557.30176,4.3420682,1294,579.3374,3.8656223,1294,.9769783,.0056334431,1294,.95035964,.0095433453,2175,881,1476,346,1400,1476,623
TIMSS,2023,TUR,4,0,bul_pv=1,881,529.68298,5.781498,881,552.16797,4.6695776,881,.94011039,.010657998,881,.88862973,.015391108,2175,881,1476,346,1400,1476,623
TIMSS,2023,TUR,4,1,all,2366,559.93658,5.0325565,2366,571.81592,4.0780187,2366,.96342462,.0067796931,2366,.92772925,.0082050543,2366,1244,1779,584,1705,1779,642
TIMSS,2023,TUR,4,1,bul_any=1,1779,551.66656,5.3806782,1779,564.37164,4.2905312,1779,.95676672,.0082268855,1779,.91611081,.010263033,2366,1244,1779,584,1705,1779,642
TIMSS,2023,TUR,4,1,bul_c_all=0,1724,566.69244,6.0246768,1724,577.78076,5.0624895,1724,.97071159,.007894923,1724,.94108659,.0091696987,2366,1244,1779,584,1705,1779,642
TIMSS,2023,TUR,4,1,bul_c_all=1,642,542.04553,9.5673094,642,556.01953,8.2222042,642,.9441269,.01307101,642,.89235562,.026133008,2366,1244,1779,584,1705,1779,642
TIMSS,2023,TUR,4,1,bul_ev_all=0,587,584.59814,5.9387393,587,594.01483,5.2331405,587,.98327863,.0094603915,587,.96237576,.013314276,2366,1244,1779,584,1705,1779,642
TIMSS,2023,TUR,4,1,bul_ev_all=1,1779,551.66656,5.3806782,1779,564.37164,4.2905312,1779,.95676672,.0082268855,1779,.91611081,.010263033,2366,1244,1779,584,1705,1779,642
TIMSS,2023,TUR,4,1,bul_ev_o=0,1782,574.79443,5.0836444,1782,585.30121,3.9372721,1782,.9821797,.0051471163,1782,.95558637,.0087785069,2366,1244,1779,584,1705,1779,642
TIMSS,2023,TUR,4,1,bul_ev_o=1,584,513.70441,6.5114102,584,529.85443,5.971839,584,.90506572,.019672612,584,.841048,.024263928,2366,1244,1779,584,1705,1779,642
TIMSS,2023,TUR,4,1,bul_ev_trad=0,661,583.2998,5.9255342,661,592.4184,5.2700753,661,.98217207,.010403342,661,.96243125,.012777535,2366,1244,1779,584,1705,1779,642
TIMSS,2023,TUR,4,1,bul_ev_trad=1,1705,550.76007,5.3889799,1705,563.72369,4.3345065,1705,.95606107,.0086612254,1705,.91409904,.010311674,2366,1244,1779,584,1705,1779,642
TIMSS,2023,TUR,4,1,bul_pv=0,1122,574.57495,5.3649158,1122,587.07147,4.2036786,1122,.98097324,.0054312586,1122,.94864529,.0085802311,2366,1244,1779,584,1705,1779,642
TIMSS,2023,TUR,4,1,bul_pv=1,1244,546.56641,5.6371837,1244,557.8819,4.7445741,1244,.94739622,.010534486,1244,.90862513,.012151129,2366,1244,1779,584,1705,1779,642
TIMSS,2023,TUR,8,0,all,2437,509.40488,4.3655467,2437,532.74176,3.680021,2437,.72736537,.016823219,2437,.60995567,.01649908,2437,1082,1745,494,1703,1757,757
TIMSS,2023,TUR,8,0,bul_any=1,1757,500.21991,4.4118571,1757,526.02588,3.6367414,1757,.70369297,.019387001,1757,.57992661,.0172025,2437,1082,1745,494,1703,1757,757
TIMSS,2023,TUR,8,0,bul_c_all=0,1680,513.37445,5.7437372,1680,537.09479,4.80759,1680,.74362487,.020399015,1680,.62765789,.02131941,2437,1082,1745,494,1703,1757,757
TIMSS,2023,TUR,8,0,bul_c_all=1,757,497.55417,9.9693832,757,519.74646,7.8122773,757,.6788249,.037541475,757,.55710799,.039666027,2437,1082,1745,494,1703,1757,757
TIMSS,2023,TUR,8,0,bul_ev_all=0,692,533.07324,6.3102331,692,550.03351,5.5545244,692,.78664774,.021985518,692,.68557405,.028926684,2437,1082,1745,494,1703,1757,757
TIMSS,2023,TUR,8,0,bul_ev_all=1,1745,500.06998,4.4594154,1745,525.92181,3.6543806,1745,.70398414,.019120971,1745,.58013147,.017225232,2437,1082,1745,494,1703,1757,757
TIMSS,2023,TUR,8,0,bul_ev_o=0,1943,518.20313,4.7890501,1943,540.24377,4.1544032,1943,.75407064,.017992863,1943,.63713652,.018732673,2437,1082,1745,494,1703,1757,757
TIMSS,2023,TUR,8,0,bul_ev_o=1,494,473.15866,6.1447277,494,501.83572,5.2075338,494,.61734748,.033705905,494,.49797851,.026995566,2437,1082,1745,494,1703,1757,757
TIMSS,2023,TUR,8,0,bul_ev_trad=0,734,532.10736,6.3619394,734,549.89648,5.3633103,734,.78931391,.021404408,734,.68593651,.026824672,2437,1082,1745,494,1703,1757,757
TIMSS,2023,TUR,8,0,bul_ev_trad=1,1703,499.51553,4.5737476,1703,525.2691,3.7293105,1703,.70038027,.019836023,1703,.57685798,.017614048,2437,1082,1745,494,1703,1757,757
TIMSS,2023,TUR,8,0,bul_pv=0,1355,526.16351,4.9006958,1355,545.74725,4.3522015,1355,.77838475,.019329939,1355,.67120522,.022596907,2437,1082,1745,494,1703,1757,757
TIMSS,2023,TUR,8,0,bul_pv=1,1082,488.21399,4.7909827,1082,516.29669,4.2850399,1082,.6628527,.023029478,1082,.53250712,.021296894,2437,1082,1745,494,1703,1757,757
TIMSS,2023,TUR,8,1,all,2488,507.68436,5.7181816,2488,526.1106,4.9274483,2488,.6777541,.019261826,2488,.57898831,.021863969,2488,1326,1828,639,1783,1841,819
TIMSS,2023,TUR,8,1,bul_any=1,1841,502.97183,6.261663,1841,521.41779,5.3217349,1841,.66388226,.021273877,1841,.56769866,.024635445,2488,1326,1828,639,1783,1841,819
TIMSS,2023,TUR,8,1,bul_c_all=0,1669,510.47504,7.5820966,1669,528.83667,6.6608458,1669,.68442786,.024379898,1669,.5873208,.027621707,2488,1326,1828,639,1783,1841,819
TIMSS,2023,TUR,8,1,bul_c_all=1,819,500.70911,12.323623,819,519.29681,9.7536192,819,.66107339,.03790883,819,.55816174,.043184958,2488,1326,1828,639,1783,1841,819
TIMSS,2023,TUR,8,1,bul_ev_all=0,660,523.43762,7.0467725,660,541.29785,5.9692116,660,.72120208,.023786949,660,.61508399,.025302475,2488,1326,1828,639,1783,1841,819
TIMSS,2023,TUR,8,1,bul_ev_all=1,1828,502.14352,6.262249,1828,520.7688,5.3524132,1828,.66247237,.021458536,1828,.56629258,.024602979,2488,1326,1828,639,1783,1841,819
TIMSS,2023,TUR,8,1,bul_ev_o=0,1849,515.89276,6.1948261,1849,534.54468,5.1820369,1849,.70594329,.021993218,1849,.60369915,.023138028,2488,1326,1828,639,1783,1841,819
TIMSS,2023,TUR,8,1,bul_ev_o=1,639,483.4436,7.4392953,639,501.2034,6.8102126,639,.5945074,.027832627,639,.50601363,.029858038,2488,1326,1828,639,1783,1841,819
TIMSS,2023,TUR,8,1,bul_ev_trad=0,705,525.15485,6.9904575,705,542.37421,5.9956574,705,.72577912,.022346592,705,.62188077,.023893826,2488,1326,1828,639,1783,1841,819
TIMSS,2023,TUR,8,1,bul_ev_trad=1,1783,500.94556,6.1131091,1783,519.83728,5.2397923,1783,.65922976,.021900263,1783,.56244373,.024423169,2488,1326,1828,639,1783,1841,819
TIMSS,2023,TUR,8,1,bul_pv=0,1162,518.52081,6.2883983,1162,536.21283,5.3259792,1162,.70984942,.02140356,1162,.61636883,.025879471,2488,1326,1828,639,1783,1841,819
TIMSS,2023,TUR,8,1,bul_pv=1,1326,498.15613,7.0774598,1326,517.22791,6.0050097,1326,.64953357,.025312625,1326,.54612064,.026123261,2488,1326,1828,639,1783,1841,819
TIMSS,2023,TWN,4,0,all,2540,603.21454,1.9190919,2540,569.58081,2.0218778,2540,.98769468,.0024329133,2540,.99718767,.00107892,2540,511,1026,118,995,1026,117
TIMSS,2023,TWN,4,0,bul_any=1,1026,593.57166,2.716506,1026,559.98846,3.1279073,1026,.98669928,.0036316111,1026,.99709129,.0024117909,2540,511,1026,118,995,1026,117
TIMSS,2023,TWN,4,0,bul_c_all=0,2423,602.8996,1.9693818,2423,569.36078,1.9923407,2423,.98713207,.0025831521,2423,.99711007,.0011237729,2540,511,1026,118,995,1026,117
TIMSS,2023,TWN,4,0,bul_c_all=1,117,609.37897,6.8400922,117,573.88696,9.4378157,117,.99870592,.0066642063,117,.99870592,.0066642063,2540,511,1026,118,995,1026,117
TIMSS,2023,TWN,4,0,bul_ev_all=0,1514,609.69086,2.3657181,1514,576.02313,2.2909493,1514,.98836315,.0032822879,1514,.9972524,.0015727594,2540,511,1026,118,995,1026,117
TIMSS,2023,TWN,4,0,bul_ev_all=1,1026,593.57166,2.716506,1026,559.98846,3.1279073,1026,.98669928,.0036316111,1026,.99709129,.0024117909,2540,511,1026,118,995,1026,117
TIMSS,2023,TWN,4,0,bul_ev_o=0,2422,605.35266,1.9765887,2422,571.67865,2.1026416,2422,.98827165,.0025485044,2422,.99728805,.0010908631,2540,511,1026,118,995,1026,117
TIMSS,2023,TWN,4,0,bul_ev_o=1,118,559.34314,7.1804419,118,526.53534,7.1716218,118,.97585553,.018748073,118,.99512756,.015209703,2540,511,1026,118,995,1026,117
TIMSS,2023,TWN,4,0,bul_ev_trad=0,1545,609.26556,2.3573589,1545,575.52063,2.3410091,1545,.98817199,.0035793048,1545,.99720025,.001525055,2540,511,1026,118,995,1026,117
TIMSS,2023,TWN,4,0,bul_ev_trad=1,995,593.76825,2.7449415,995,560.30798,3.1452625,995,.9869495,.0039070202,995,.99716806,.0022492218,2540,511,1026,118,995,1026,117
TIMSS,2023,TWN,4,0,bul_pv=0,2029,607.72668,2.0851717,2029,573.48486,2.1733778,2029,.98750418,.0027450223,2029,.99697936,.0013031232,2540,511,1026,118,995,1026,117
TIMSS,2023,TWN,4,0,bul_pv=1,511,585.1311,3.6927299,511,553.93439,4.1495614,511,.9884581,.0051981467,511,.9980225,.0042082109,2540,511,1026,118,995,1026,117
TIMSS,2023,TWN,4,1,all,2768,610.50476,2.1272011,2768,575.36243,2.3703227,2768,.98510987,.0030671582,2768,.99697798,.0014677246,2768,826,1439,206,1428,1439,145
TIMSS,2023,TWN,4,1,bul_any=1,1439,608.79242,2.519177,1439,572.1792,2.7473674,1439,.985098,.0038269537,1439,.99776179,.0017024829,2768,826,1439,206,1428,1439,145
TIMSS,2023,TWN,4,1,bul_c_all=0,2623,610.46942,2.1072156,2623,575.38513,2.4882281,2623,.98462296,.0030548943,2623,.99688798,.0015117232,2768,826,1439,206,1428,1439,145
TIMSS,2023,TWN,4,1,bul_c_all=1,145,611.08716,8.6219215,145,574.98828,9.6431408,145,.99313182,.0058789402,145,.99846101,.0037697584,2768,826,1439,206,1428,1439,145
TIMSS,2023,TWN,4,1,bul_ev_all=0,1329,612.30188,2.5665402,1329,578.70306,3.4086602,1329,.98512226,.0047713006,1329,.99615538,.0025725442,2768,826,1439,206,1428,1439,145
TIMSS,2023,TWN,4,1,bul_ev_all=1,1439,608.79242,2.519177,1439,572.1792,2.7473674,1439,.985098,.0038269537,1439,.99776179,.0017024829,2768,826,1439,206,1428,1439,145
TIMSS,2023,TWN,4,1,bul_ev_o=0,2562,613.76642,2.1276445,2562,578.526,2.2133765,2562,.98809445,.0027568841,2562,.99741226,.0014127506,2768,826,1439,206,1428,1439,145
TIMSS,2023,TWN,4,1,bul_ev_o=1,206,567.82129,5.9331536,206,533.96173,7.2248802,206,.94605154,.022474,206,.99129492,.011114132,2768,826,1439,206,1428,1439,145
TIMSS,2023,TWN,4,1,bul_ev_trad=0,1340,612.01123,2.5759017,1340,578.31427,3.3941517,1340,.98437959,.0048115957,1340,.99617881,.0025568001,2768,826,1439,206,1428,1439,145
TIMSS,2023,TWN,4,1,bul_ev_trad=1,1428,609.05212,2.5149148,1428,572.51581,2.7190266,1428,.98581403,.0037566803,1428,.99774861,.0017133704,2768,826,1439,206,1428,1439,145
TIMSS,2023,TWN,4,1,bul_pv=0,1942,615.80762,2.2086642,1942,581.41431,2.7573688,1942,.98753685,.0038071277,1942,.99710822,.0018292135,2768,826,1439,206,1428,1439,145
TIMSS,2023,TWN,4,1,bul_pv=1,826,597.67761,3.3230224,826,560.72327,3.5169938,826,.97923917,.006646621,826,.99666291,.0024429781,2768,826,1439,206,1428,1439,145
TIMSS,2023,TWN,8,0,all,2642,604.69989,3.3486614,2642,573.01294,2.5907354,2642,.86357212,.0093238223,2642,.90750593,.0087722996,2642,222,747,138,724,750,165
TIMSS,2023,TWN,8,0,bul_any=1,750,592.31964,5.4236526,750,561.2522,4.9122176,750,.81294602,.023244368,750,.86285454,.019752553,2642,222,747,138,724,750,165
TIMSS,2023,TWN,8,0,bul_c_all=0,2477,605.13556,3.5054462,2477,573.38025,2.724786,2477,.86425531,.0097772479,2477,.90708768,.0089778593,2642,222,747,138,724,750,165
TIMSS,2023,TWN,8,0,bul_c_all=1,165,594.13318,12.969301,165,564.10431,14.277248,165,.84700245,.048152193,165,.91764933,.031797923,2642,222,747,138,724,750,165
TIMSS,2023,TWN,8,0,bul_ev_all=0,1895,609.30792,3.3650725,1895,577.4436,2.7740173,1895,.88240039,.0098346202,1895,.92461824,.0081517315,2642,222,747,138,724,750,165
TIMSS,2023,TWN,8,0,bul_ev_all=1,747,592.57117,5.4457579,747,561.35132,4.9397798,747,.81401485,.023034876,747,.86246508,.019867146,2642,222,747,138,724,750,165
TIMSS,2023,TWN,8,0,bul_ev_o=0,2504,607.30084,3.2689431,2504,575.35834,2.6043851,2504,.87088519,.0090247653,2504,.91457093,.0085898684,2642,222,747,138,724,750,165
TIMSS,2023,TWN,8,0,bul_ev_o=1,138,556.70898,10.504997,138,529.7381,8.8131027,138,.7286371,.057992563,138,.77714741,.046492707,2642,222,747,138,724,750,165
TIMSS,2023,TWN,8,0,bul_ev_trad=0,1918,609.21204,3.3310144,1918,577.45612,2.7298024,1918,.88269472,.0097630788,1918,.92474508,.0081284391,2642,222,747,138,724,750,165
TIMSS,2023,TWN,8,0,bul_ev_trad=1,724,592.34998,5.5927043,724,560.85199,5.0430574,724,.81123304,.02301624,724,.8603217,.020047061,2642,222,747,138,724,750,165
TIMSS,2023,TWN,8,0,bul_pv=0,2420,607.64948,3.3564034,2420,575.35718,2.6279757,2420,.87233025,.008981918,2420,.91551793,.0083345966,2642,222,747,138,724,750,165
TIMSS,2023,TWN,8,0,bul_pv=1,222,571.1394,9.3535557,222,546.34052,8.0548887,222,.7639218,.038269147,222,.8163448,.03973766,2642,222,747,138,724,750,165
TIMSS,2023,TWN,8,1,all,2901,600.33636,3.8274469,2901,570.7359,3.181103,2901,.83600831,.011194418,2901,.86972314,.010424053,2901,392,925,141,905,938,186
TIMSS,2023,TWN,8,1,bul_any=1,938,606.28284,4.9559941,938,575.81201,4.1151576,938,.84000146,.014941303,938,.88181818,.013468966,2901,392,925,141,905,938,186
TIMSS,2023,TWN,8,1,bul_c_all=0,2715,601.79126,3.947006,2715,571.93964,3.211544,2715,.83974308,.011185918,2715,.87320161,.010571665,2901,392,925,141,905,938,186
TIMSS,2023,TWN,8,1,bul_c_all=1,186,570.94678,21.638124,186,546.42035,19.560154,186,.76056343,.071349181,186,.79945612,.067927524,2901,392,925,141,905,938,186
TIMSS,2023,TWN,8,1,bul_ev_all=0,1976,597.64978,4.2116985,1976,568.44031,3.7610478,1976,.83437479,.013884818,1976,.86455792,.012350367,2901,392,925,141,905,938,186
TIMSS,2023,TWN,8,1,bul_ev_all=1,925,605.95496,5.0281124,925,575.53693,4.1762938,925,.83942461,.015416984,925,.88052565,.013617766,2901,392,925,141,905,938,186
TIMSS,2023,TWN,8,1,bul_ev_o=0,2760,601.07648,3.8655579,2760,571.70105,3.2465527,2760,.84060144,.011632267,2760,.87191594,.010728097,2901,392,925,141,905,938,186
TIMSS,2023,TWN,8,1,bul_ev_o=1,141,586.30255,10.549614,141,552.43451,9.4307518,141,.74891251,.050807107,141,.82814294,.037382625,2901,392,925,141,905,938,186
TIMSS,2023,TWN,8,1,bul_ev_trad=0,1996,597.32611,4.2572975,1996,568.3222,3.7801604,1996,.83351272,.013842168,1996,.8640027,.012695235,2901,392,925,141,905,938,186
TIMSS,2023,TWN,8,1,bul_ev_trad=1,905,606.8476,4.8402047,905,575.95691,4.1448984,905,.84140623,.015038248,905,.88209671,.013115257,2901,392,925,141,905,938,186
TIMSS,2023,TWN,8,1,bul_pv=0,2509,601.18707,3.7107594,2509,571.49048,3.2448866,2509,.84235001,.012668911,2509,.87588078,.01058743,2901,392,925,141,905,938,186
TIMSS,2023,TWN,8,1,bul_pv=1,392,594.8515,8.3984575,392,565.87091,7.0701923,392,.79512215,.027832873,392,.83002359,.029720014,2901,392,925,141,905,938,186
TIMSS,2023,USA,4,0,all,4507,507.90189,2.9915633,4507,528.71375,2.918462,4507,.91148406,.0079037538,4507,.86345583,.0090241348,4507,1454,2346,607,2267,2346,831
TIMSS,2023,USA,4,0,bul_any=1,2346,497.52484,3.4063678,2346,521.53705,3.5385909,2346,.8989386,.0081907725,2346,.84432274,.010389359,4507,1454,2346,607,2267,2346,831
TIMSS,2023,USA,4,0,bul_c_all=0,3676,514.48297,3.3537245,3676,534.40924,3.2004263,3676,.92339391,.0076546962,3676,.88276255,.0098627601,4507,1454,2346,607,2267,2346,831
TIMSS,2023,USA,4,0,bul_c_all=1,831,477.06958,8.0615625,831,502.03043,7.5545373,831,.85568619,.024419451,831,.77300358,.030542633,4507,1454,2346,607,2267,2346,831
TIMSS,2023,USA,4,0,bul_ev_all=0,2161,519.26959,3.3279533,2161,536.57556,3.1998739,2161,.92522711,.010049621,2161,.88441545,.011031568,4507,1454,2346,607,2267,2346,831
TIMSS,2023,USA,4,0,bul_ev_all=1,2346,497.52484,3.4063678,2346,521.53705,3.5385909,2346,.8989386,.0081907725,2346,.84432274,.010389359,4507,1454,2346,607,2267,2346,831
TIMSS,2023,USA,4,0,bul_ev_o=0,3900,516.56543,2.9971144,3900,536.7196,2.871866,3900,.93141437,.0077643055,3900,.88808179,.0090423236,4507,1454,2346,607,2267,2346,831
TIMSS,2023,USA,4,0,bul_ev_o=1,607,452.57672,4.925108,607,477.5885,5.4221683,607,.78420943,.019463917,607,.70619494,.023998512,4507,1454,2346,607,2267,2346,831
TIMSS,2023,USA,4,0,bul_ev_trad=0,2240,518.34808,3.3400457,2240,536.02948,3.1795042,2240,.92391741,.010175268,2240,.88152772,.011484314,4507,1454,2346,607,2267,2346,831
TIMSS,2023,USA,4,0,bul_ev_trad=1,2267,497.66464,3.4018199,2267,521.54431,3.5676193,2267,.89929932,.0081747267,2267,.84574533,.01059043,4507,1454,2346,607,2267,2346,831
TIMSS,2023,USA,4,0,bul_pv=0,3053,517.48242,3.0722237,3053,536.79688,2.8269768,3053,.92690402,.0083906902,3053,.88687176,.0097507155,4507,1454,2346,607,2267,2346,831
TIMSS,2023,USA,4,0,bul_pv=1,1454,487.83188,3.8887887,1454,511.78061,4.098855,1454,.87918115,.01034492,1454,.81440246,.014462967,4507,1454,2346,607,2267,2346,831
TIMSS,2023,USA,4,1,all,4583,525.73572,3.5113115,4583,536.04077,3.2136734,4583,.90065598,.0085298056,4583,.87810415,.0085792802,4583,1736,2563,674,2497,2563,838
TIMSS,2023,USA,4,1,bul_any=1,2563,515.76642,3.8182993,2563,527.42023,3.4851725,2563,.88210404,.01026086,2563,.85778618,.012294144,4583,1736,2563,674,2497,2563,838
TIMSS,2023,USA,4,1,bul_c_all=0,3745,532.65332,3.9971292,3745,542.20453,3.6623938,3745,.91544759,.0086707296,3745,.89719015,.0092554772,4583,1736,2563,674,2497,2563,838
TIMSS,2023,USA,4,1,bul_c_all=1,838,492.65869,9.1300488,838,506.56812,8.5612659,838,.8299287,.027277049,838,.786843,.030677103,4583,1736,2563,674,2497,2563,838
TIMSS,2023,USA,4,1,bul_ev_all=0,2020,538.46008,4.1309018,2020,547.04364,3.9854965,2020,.92433476,.0095229708,2020,.90403706,.010175957,4583,1736,2563,674,2497,2563,838
TIMSS,2023,USA,4,1,bul_ev_all=1,2563,515.76642,3.8182993,2563,527.42023,3.4851725,2563,.88210404,.01026086,2563,.85778618,.012294144,4583,1736,2563,674,2497,2563,838
TIMSS,2023,USA,4,1,bul_ev_o=0,3909,537.8327,3.3719325,3909,547.84766,3.0382512,3909,.92879474,.0068384497,3909,.90840739,.0072021326,4583,1736,2563,674,2497,2563,838
TIMSS,2023,USA,4,1,bul_ev_o=1,674,458.51392,5.8805661,674,470.43088,6.5739212,674,.74429166,.026807072,674,.70971203,.02848392,4583,1736,2563,674,2497,2563,838
TIMSS,2023,USA,4,1,bul_ev_trad=0,2086,537.93488,4.122972,2086,546.38574,3.9164436,2086,.92236847,.0092468243,2086,.90279847,.0097567905,4583,1736,2563,674,2497,2563,838
TIMSS,2023,USA,4,1,bul_ev_trad=1,2497,515.61407,3.8243487,2497,527.45752,3.5376761,2497,.88264114,.010292324,2497,.85761529,.012049471,4583,1736,2563,674,2497,2563,838
TIMSS,2023,USA,4,1,bul_pv=0,2847,538.65619,3.7540581,2847,548.42804,3.4982336,2847,.92409748,.0085217534,2847,.9056266,.0086211413,4583,1736,2563,674,2497,2563,838
TIMSS,2023,USA,4,1,bul_pv=1,1736,504.72073,4.2235246,1736,515.89301,3.8826125,1736,.86252868,.012776511,1736,.83333927,.014571275,4583,1736,2563,674,2497,2563,838
TIMSS,2023,USA,8,0,all,3949,480.74466,4.2998719,3949,507.91721,4.1131005,3949,.64829755,.020384662,3949,.51923662,.021534866,3949,1367,2289,961,2241,2300,1686
TIMSS,2023,USA,8,0,bul_any=1,2300,475.24692,4.1938634,2300,503.70944,4.0647559,2300,.63655907,.020744711,2300,.49401686,.02171205,3949,1367,2289,961,2241,2300,1686
TIMSS,2023,USA,8,0,bul_c_all=0,2263,490.54349,5.2410007,2263,517.66937,4.9880648,2263,.69688547,.024439717,2263,.56637901,.027857477,3949,1367,2289,961,2241,2300,1686
TIMSS,2023,USA,8,0,bul_c_all=1,1686,465.81564,7.1352911,1686,493.05923,6.8717794,1686,.57427138,.031794071,1686,.4474127,.032304883,3949,1367,2289,961,2241,2300,1686
TIMSS,2023,USA,8,0,bul_ev_all=0,1660,488.07266,5.3262277,1660,513.5415,5.4047837,1660,.66363287,.025485096,1660,.55234039,.0271226,3949,1367,2289,961,2241,2300,1686
TIMSS,2023,USA,8,0,bul_ev_all=1,2289,475.31012,4.1993032,2289,503.74615,4.0796156,2289,.63692468,.020820428,2289,.49468639,.021596078,3949,1367,2289,961,2241,2300,1686
TIMSS,2023,USA,8,0,bul_ev_o=0,2988,485.86276,4.4838972,2988,512.48438,4.3183904,2988,.66390306,.022586199,2988,.54349995,.023868758,3949,1367,2289,961,2241,2300,1686
TIMSS,2023,USA,8,0,bul_ev_o=1,961,464.49466,4.9832335,961,493.41629,4.876524,961,.59874994,.024340039,961,.44220024,.026345074,3949,1367,2289,961,2241,2300,1686
TIMSS,2023,USA,8,0,bul_ev_trad=0,1708,487.96399,5.4002829,1708,513.22449,5.4686551,1708,.6628105,.025557473,1708,.55345434,.027325356,3949,1367,2289,961,2241,2300,1686
TIMSS,2023,USA,8,0,bul_ev_trad=1,2241,475.11075,4.1606832,2241,503.77542,4.0837264,2241,.63697177,.020782506,2241,.4925333,.021424431,3949,1367,2289,961,2241,2300,1686
TIMSS,2023,USA,8,0,bul_pv=0,2582,488.5918,4.6296191,2582,514.47522,4.4997516,2582,.67299098,.023523668,2582,.55510944,.024184855,3949,1367,2289,961,2241,2300,1686
TIMSS,2023,USA,8,0,bul_pv=1,1367,465.35239,4.7735133,1367,495.05353,4.788168,1367,.59986091,.024943389,1367,.4488714,.026287109,3949,1367,2289,961,2241,2300,1686
TIMSS,2023,USA,8,1,all,4125,494.99564,4.3713942,4125,518.6676,4.2524757,4125,.67658716,.018469939,4125,.57259989,.02159203,4125,1402,2198,802,2154,2208,1778
TIMSS,2023,USA,8,1,bul_any=1,2208,494.61472,4.5529819,2208,518.31946,4.2764411,2208,.67448694,.018988017,2208,.56852049,.024456847,4125,1402,2198,802,2154,2208,1778
TIMSS,2023,USA,8,1,bul_c_all=0,2347,503.44104,5.4206929,2347,527.16022,5.3776021,2347,.71696603,.022573991,2347,.61243433,.026881317,4125,1402,2198,802,2154,2208,1778
TIMSS,2023,USA,8,1,bul_c_all=1,1778,482.06088,7.2926164,1778,505.66049,6.8211489,1778,.61474371,.028517785,1778,.51159036,.031749021,4125,1402,2198,802,2154,2208,1778
TIMSS,2023,USA,8,1,bul_ev_all=0,1927,495.5173,5.3528929,1927,519.29138,5.3166251,1927,.67936897,.024415258,1927,.57820964,.025102364,4125,1402,2198,802,2154,2208,1778
TIMSS,2023,USA,8,1,bul_ev_all=1,2198,494.54196,4.5526519,2198,518.12512,4.269021,2198,.67416787,.019087318,2198,.56772119,.024527516,4125,1402,2198,802,2154,2208,1778
TIMSS,2023,USA,8,1,bul_ev_o=0,3323,500.67096,4.5469165,3323,524.7226,4.4053116,3323,.70152056,.020259403,3323,.59869516,.021984193,4125,1402,2198,802,2154,2208,1778
TIMSS,2023,USA,8,1,bul_ev_o=1,802,470.79614,5.2673788,802,492.84909,5.3458748,802,.57027102,.028151955,802,.46132979,.029821778,4125,1402,2198,802,2154,2208,1778
TIMSS,2023,USA,8,1,bul_ev_trad=0,1971,495.60007,5.3326607,1971,519.3186,5.2790365,1971,.68010688,.024128037,1971,.57893848,.024854552,4125,1402,2198,802,2154,2208,1778
TIMSS,2023,USA,8,1,bul_ev_trad=1,2154,494.44843,4.565012,2154,518.07825,4.2847428,2154,.67340046,.019472878,2154,.56686115,.024598816,4125,1402,2198,802,2154,2208,1778
TIMSS,2023,USA,8,1,bul_pv=0,2723,499.42999,4.7720227,2723,523.36053,4.6679797,2723,.70060366,.020869656,2723,.59709126,.023241417,4125,1402,2198,802,2154,2208,1778
TIMSS,2023,USA,8,1,bul_pv=1,1402,486.31335,5.1093211,1402,509.47903,4.6961675,1402,.62956357,.021308752,1402,.52464658,.02804409,4125,1402,2198,802,2154,2208,1778
TIMSS,2023,UZB,4,0,all,2177,440.58908,3.5549002,2177,409.59232,3.431318,2177,.54825306,.018944131,2177,.69353843,.017383642,2177,674,1132,403,1105,1132,1040
TIMSS,2023,UZB,4,0,bul_any=1,1132,425.80707,3.88465,1132,394.22363,4.279664,1132,.4689016,.025158376,1132,.62226897,.022587098,2177,674,1132,403,1105,1132,1040
TIMSS,2023,UZB,4,0,bul_c_all=0,1137,440.86581,4.8357511,1137,410.24966,5.0227513,1137,.54903936,.027344085,1137,.69039434,.023638368,2177,674,1132,403,1105,1132,1040
TIMSS,2023,UZB,4,0,bul_c_all=1,1040,440.28006,4.383698,1040,408.85828,4.3567572,1040,.54737502,.024617108,1040,.69704938,.025313115,2177,674,1132,403,1105,1132,1040
TIMSS,2023,UZB,4,0,bul_ev_all=0,1045,456.87201,4.2272196,1045,426.52148,3.7381253,1045,.63566154,.023035714,1045,.7720443,.019512836,2177,674,1132,403,1105,1132,1040
TIMSS,2023,UZB,4,0,bul_ev_all=1,1132,425.80707,3.88465,1132,394.22363,4.279664,1132,.4689016,.025158376,1132,.62226897,.022587098,2177,674,1132,403,1105,1132,1040
TIMSS,2023,UZB,4,0,bul_ev_o=0,1774,450.89459,3.5839939,1774,421.21771,3.4632177,1774,.60862762,.019136069,1774,.750076,.017957078,2177,674,1132,403,1105,1132,1040
TIMSS,2023,UZB,4,0,bul_ev_o=1,403,396.63892,5.3755059,403,360.01321,5.1433907,403,.29077238,.032971542,403,.4524214,.02997178,2177,674,1132,403,1105,1132,1040
TIMSS,2023,UZB,4,0,bul_ev_trad=0,1072,455.65714,4.183877,1072,425.14227,3.7730334,1072,.62764561,.023011357,1072,.76521641,.020448178,2177,674,1132,403,1105,1132,1040
TIMSS,2023,UZB,4,0,bul_ev_trad=1,1105,426.26813,3.853936,1105,394.81339,4.2915001,1105,.47279686,.025011923,1105,.62541431,.02202991,2177,674,1132,403,1105,1132,1040
TIMSS,2023,UZB,4,0,bul_pv=0,1503,450.59183,3.9446726,1503,421.14188,3.6764123,1503,.60953403,.020479443,1503,.74731463,.020474877,2177,674,1132,403,1105,1132,1040
TIMSS,2023,UZB,4,0,bul_pv=1,674,418.57498,4.1806126,674,384.17401,4.6404939,674,.41338551,.027848603,674,.57518739,.027035017,2177,674,1132,403,1105,1132,1040
TIMSS,2023,UZB,4,1,all,2280,446.17487,3.4388642,2280,414.02618,4.0476513,2280,.56343961,.019950552,2280,.6926381,.01630611,2280,974,1440,693,1395,1440,1051
TIMSS,2023,UZB,4,1,bul_any=1,1440,437.00641,3.4884832,1440,402.93213,4.1647997,1440,.51401901,.020845558,1440,.6543256,.019880919,2280,974,1440,693,1395,1440,1051
TIMSS,2023,UZB,4,1,bul_c_all=0,1229,448.58112,4.880919,1229,416.34427,5.1351905,1229,.57772857,.025111109,1229,.7009865,.021833669,2280,974,1440,693,1395,1440,1051
TIMSS,2023,UZB,4,1,bul_c_all=1,1051,443.29425,4.4680037,1051,411.25113,5.58461,1051,.54633385,.029979797,1051,.68264401,.024723988,2280,974,1440,693,1395,1440,1051
TIMSS,2023,UZB,4,1,bul_ev_all=0,840,462.0578,4.5114827,840,433.24493,4.7624779,840,.64905316,.025845241,840,.75900859,.021402869,2280,974,1440,693,1395,1440,1051
TIMSS,2023,UZB,4,1,bul_ev_all=1,1440,437.00641,3.4884832,1440,402.93213,4.1647997,1440,.51401901,.020845558,1440,.6543256,.019880919,2280,974,1440,693,1395,1440,1051
TIMSS,2023,UZB,4,1,bul_ev_o=0,1587,460.07455,3.6339383,1587,430.47537,3.8310215,1587,.64203292,.018468155,1587,.75009716,.01759292,2280,974,1440,693,1395,1440,1051
TIMSS,2023,UZB,4,1,bul_ev_o=1,693,415.20062,3.6196129,693,377.37064,5.2946777,693,.38830149,.029589966,693,.56459576,.022777133,2280,974,1440,693,1395,1440,1051
TIMSS,2023,UZB,4,1,bul_ev_trad=0,885,460.0033,4.4077921,885,430.83417,4.6444683,885,.6384427,.025010167,885,.75153989,.020297989,2280,974,1440,693,1395,1440,1051
TIMSS,2023,UZB,4,1,bul_ev_trad=1,1395,437.49692,3.5701845,1395,403.47845,4.2410975,1395,.51637208,.021760477,1395,.65567476,.020125283,2280,974,1440,693,1395,1440,1051
TIMSS,2023,UZB,4,1,bul_pv=0,1306,455.36981,3.6983085,1306,426.06693,4.0522423,1306,.6232034,.020559331,1306,.73421723,.019613577,2280,974,1440,693,1395,1440,1051
TIMSS,2023,UZB,4,1,bul_pv=1,974,433.76517,3.9415359,974,397.77573,4.6681066,974,.4827812,.02321063,974,.63652205,.022024404,2280,974,1440,693,1395,1440,1051
TIMSS,2023,UZB,8,0,all,2150,415.59769,3.695653,2150,394.97668,2.9983823,2150,.1233976,.011969633,2150,.2329648,.016564675,2150,523,1026,267,1007,1033,1142
TIMSS,2023,UZB,8,0,bul_any=1,1033,404.57022,3.8295128,1033,385.55093,3.3493454,1033,.10188662,.012494616,1033,.18278408,.018735277,2150,523,1026,267,1007,1033,1142
TIMSS,2023,UZB,8,0,bul_c_all=0,1008,417.83862,5.5556254,1008,397.56174,4.0579443,1008,.13789998,.018725295,1008,.24803843,.024790408,2150,523,1026,267,1007,1033,1142
TIMSS,2023,UZB,8,0,bul_c_all=1,1142,413.59811,4.7194781,1142,392.67007,4.2264581,1142,.11045727,.015039369,1142,.21951473,.022419374,2150,523,1026,267,1007,1033,1142
TIMSS,2023,UZB,8,0,bul_ev_all=0,1124,425.41278,4.5507874,1124,403.46753,3.736258,1124,.1428244,.015868327,1124,.27748519,.02187028,2150,523,1026,267,1007,1033,1142
TIMSS,2023,UZB,8,0,bul_ev_all=1,1026,404.73959,3.855433,1026,385.58356,3.3347096,1026,.10190643,.012475213,1026,.18371344,.01878451,2150,523,1026,267,1007,1033,1142
TIMSS,2023,UZB,8,0,bul_ev_o=0,1883,418.03519,3.8997865,1883,398.39026,2.9293396,1883,.13045006,.012243496,1883,.24080552,.017184544,2150,523,1026,267,1007,1033,1142
TIMSS,2023,UZB,8,0,bul_ev_o=1,267,397.58533,5.5872526,267,369.7514,6.1472487,267,.071282394,.020762615,267,.17502436,.025697887,2150,523,1026,267,1007,1033,1142
TIMSS,2023,UZB,8,0,bul_ev_trad=0,1143,425.44162,4.4796195,1143,403.48212,3.7117507,1143,.14374113,.016304845,1143,.2791577,.022373954,2150,523,1026,267,1007,1033,1142
TIMSS,2023,UZB,8,0,bul_ev_trad=1,1007,404.33377,3.8468845,1007,385.24435,3.2049389,1007,.10011954,.01212969,1007,.18010859,.018957175,2150,523,1026,267,1007,1033,1142
TIMSS,2023,UZB,8,0,bul_pv=0,1627,420.67313,4.1924272,1627,400.51718,3.2325926,1627,.13849133,.013088805,1627,.25549668,.018675843,2150,523,1026,267,1007,1033,1142
TIMSS,2023,UZB,8,0,bul_pv=1,523,399.27704,4.2140217,523,377.16058,4.2985196,523,.074861996,.017642995,523,.16051094,.019944871,2150,523,1026,267,1007,1033,1142
TIMSS,2023,UZB,8,1,all,2189,426.18524,5.6350613,2189,396.36276,5.0692396,2189,.16230451,.020851616,2189,.28245541,.023439383,2189,808,1310,547,1283,1317,1096
TIMSS,2023,UZB,8,1,bul_any=1,1317,414.09171,3.9757645,1317,384.24902,4.5671291,1317,.11979421,.013566518,1317,.23012136,.017896153,2189,808,1310,547,1283,1317,1096
TIMSS,2023,UZB,8,1,bul_c_all=0,1093,434.8186,8.6638136,1093,404.64938,7.0431323,1093,.19882908,.033446539,1093,.31750855,.03471427,2189,808,1310,547,1283,1317,1096
TIMSS,2023,UZB,8,1,bul_c_all=1,1096,417.33542,5.8603878,1096,387.86838,5.0587368,1096,.12486422,.018114507,1096,.24652348,.027737966,2189,808,1310,547,1283,1317,1096
TIMSS,2023,UZB,8,1,bul_ev_all=0,879,443.67984,8.575242,879,413.88217,6.5226145,879,.22375146,.034478534,879,.36019695,.03611435,2189,808,1310,547,1283,1317,1096
TIMSS,2023,UZB,8,1,bul_ev_all=1,1310,414.20084,3.9914534,1310,384.36136,4.6144633,1310,.12021125,.013680817,1310,.22919983,.017985487,2189,808,1310,547,1283,1317,1096
TIMSS,2023,UZB,8,1,bul_ev_o=0,1642,433.3558,6.1861038,1642,405.10245,5.0819764,1642,.18939471,.023694741,1642,.31209522,.026480012,2189,808,1310,547,1283,1317,1096
TIMSS,2023,UZB,8,1,bul_ev_o=1,547,404.25882,5.6460919,547,369.63824,5.7036204,547,.079466984,.016861301,547,.19182165,.025478642,2189,808,1310,547,1283,1317,1096
TIMSS,2023,UZB,8,1,bul_ev_trad=0,906,442.71036,8.3505068,906,412.89462,6.4811115,906,.22009078,.033593833,906,.35629344,.034997493,2189,808,1310,547,1283,1317,1096
TIMSS,2023,UZB,8,1,bul_ev_trad=1,1283,414.28439,4.0704365,1283,384.45706,4.5716124,1283,.12068877,.014089831,1283,.22927976,.018268133,2189,808,1310,547,1283,1317,1096
TIMSS,2023,UZB,8,1,bul_pv=0,1381,435.40146,6.8241696,1381,406.97336,5.5070677,1381,.19771565,.026001124,1381,.32095453,.028290587,2189,808,1310,547,1283,1317,1096
TIMSS,2023,UZB,8,1,bul_pv=1,808,409.9389,4.6011748,808,377.65836,4.6795831,808,.099881671,.016515428,808,.2145891,.021150334,2189,808,1310,547,1283,1317,1096
TIMSS,2023,XKX,4,0,all,2255,445.87872,3.3866451,2255,401.3006,3.2787631,2255,.51470095,.024568144,2255,.71908677,.016897051,2255,624,1049,318,1017,1049,914
TIMSS,2023,XKX,4,0,bul_any=1,1049,434.18497,3.9813614,1049,389.56494,4.4548087,1049,.45303345,.029490646,1049,.66512018,.024773199,2255,624,1049,318,1017,1049,914
TIMSS,2023,XKX,4,0,bul_c_all=0,1341,445.74246,4.5610633,1341,401.47729,4.4090438,1341,.50813276,.02954947,1341,.71631134,.022451928,2255,624,1049,318,1017,1049,914
TIMSS,2023,XKX,4,0,bul_c_all=1,914,446.06564,5.8460388,914,401.05823,5.5748625,914,.52371055,.040183544,914,.72289383,.029442543,2255,624,1049,318,1017,1049,914
TIMSS,2023,XKX,4,0,bul_ev_all=0,1206,456.52377,3.952038,1206,411.9838,3.6735325,1206,.57083797,.028280662,1206,.76821357,.023881609,2255,624,1049,318,1017,1049,914
TIMSS,2023,XKX,4,0,bul_ev_all=1,1049,434.18497,3.9813614,1049,389.56494,4.4548087,1049,.45303345,.029490646,1049,.66512018,.024773199,2255,624,1049,318,1017,1049,914
TIMSS,2023,XKX,4,0,bul_ev_o=0,1937,453.88214,3.6063755,1937,409.26016,3.4339552,1937,.55903471,.026128933,1937,.76163894,.016684014,2255,624,1049,318,1017,1049,914
TIMSS,2023,XKX,4,0,bul_ev_o=1,318,402.69897,5.1547155,318,358.35757,5.4674087,318,.27551305,.035219096,318,.48951089,.051087461,2255,624,1049,318,1017,1049,914
TIMSS,2023,XKX,4,0,bul_ev_trad=0,1238,455.76431,3.8720565,1238,411.0361,3.6278181,1238,.56576425,.027722448,1238,.76344681,.024017492,2255,624,1049,318,1017,1049,914
TIMSS,2023,XKX,4,0,bul_ev_trad=1,1017,434.3089,4.0408554,1017,389.90646,4.517756,1017,.45493796,.029872095,1017,.66716909,.02519216,2255,624,1049,318,1017,1049,914
TIMSS,2023,XKX,4,0,bul_pv=0,1631,452.8158,3.8646786,1631,408.7804,3.567122,1631,.55561119,.026457971,1631,.75189781,.019540349,2255,624,1049,318,1017,1049,914
TIMSS,2023,XKX,4,0,bul_pv=1,624,428.79285,4.3400898,624,382.87802,5.1112161,624,.41393989,.032059599,624,.63827395,.035110492,2255,624,1049,318,1017,1049,914
TIMSS,2023,XKX,4,1,all,2354,456.50073,4.2111206,2354,404.79599,4.6348028,2354,.52906942,.025828099,2354,.74848521,.018524725,2354,864,1381,550,1341,1381,937
TIMSS,2023,XKX,4,1,bul_any=1,1381,445.31567,4.7134976,1381,394.88544,5.2854571,1381,.47852936,.028026719,1381,.70609397,.023072325,2354,864,1381,550,1341,1381,937
TIMSS,2023,XKX,4,1,bul_c_all=0,1417,459.20276,4.6038022,1417,405.78278,5.0718484,1417,.53066701,.02874219,1417,.76144665,.022474129,2354,864,1381,550,1341,1381,937
TIMSS,2023,XKX,4,1,bul_c_all=1,937,452.71524,8.3695669,937,403.41354,7.6127157,937,.52683121,.040770739,937,.73032653,.035536539,2354,864,1381,550,1341,1381,937
TIMSS,2023,XKX,4,1,bul_ev_all=0,973,472.90097,4.895237,973,419.32751,5.0781898,973,.60317463,.030369448,973,.810642,.021540884,2354,864,1381,550,1341,1381,937
TIMSS,2023,XKX,4,1,bul_ev_all=1,1381,445.31567,4.7134976,1381,394.88544,5.2854571,1381,.47852936,.028026719,1381,.70609397,.023072325,2354,864,1381,550,1341,1381,937
TIMSS,2023,XKX,4,1,bul_ev_o=0,1804,466.68665,4.3906684,1804,414.58734,4.628089,1804,.58469892,.03010685,1804,.78851396,.019187428,2354,864,1381,550,1341,1381,937
TIMSS,2023,XKX,4,1,bul_ev_o=1,550,425.00937,5.2524414,550,374.52451,5.9892607,550,.35708228,.027080778,550,.62473023,.030495087,2354,864,1381,550,1341,1381,937
TIMSS,2023,XKX,4,1,bul_ev_trad=0,1013,472.38754,4.7115502,1013,418.35123,5.0016518,1013,.59855783,.030282492,1013,.80541199,.020796923,2354,864,1381,550,1341,1381,937
TIMSS,2023,XKX,4,1,bul_ev_trad=1,1341,444.85721,4.8540397,1341,394.8613,5.3852496,1341,.47814113,.028670389,1341,.70676333,.023193749,2354,864,1381,550,1341,1381,937
TIMSS,2023,XKX,4,1,bul_pv=0,1490,466.11264,4.5533848,1490,413.64615,4.5467114,1490,.57575244,.028128786,1490,.78848064,.017419117,2354,864,1381,550,1341,1381,937
TIMSS,2023,XKX,4,1,bul_pv=1,864,440.05945,4.7011561,864,389.65771,6.0256853,864,.44921783,.030668581,864,.68007272,.02772068,2354,864,1381,550,1341,1381,937
TIMSS,2023,ZAF,4,0,all,5225,375.71988,3.724251,5225,327.00446,5.0727024,5225,.31442401,.015293282,5225,.39813593,.014075366,5225,2664,3777,1804,3708,3777,2334
TIMSS,2023,ZAF,4,0,bul_any=1,3777,361.85291,3.4545889,3777,307.27338,4.7907467,3777,.26775196,.016525976,3777,.35033807,.015064094,5225,2664,3777,1804,3708,3777,2334
TIMSS,2023,ZAF,4,0,bul_c_all=0,2891,374.96005,5.5277181,2891,325.68909,7.8366408,2891,.31219989,.024386631,2891,.39424446,.022126293,5225,2664,3777,1804,3708,3777,2334
TIMSS,2023,ZAF,4,0,bul_c_all=1,2334,376.65976,7.6752691,2334,328.63156,10.165429,2334,.31717521,.030300854,2334,.4029496,.028778331,5225,2664,3777,1804,3708,3777,2334
TIMSS,2023,ZAF,4,0,bul_ev_all=0,1448,409.57343,7.5943151,1448,375.17416,10.071288,1448,.42836508,.029532289,1448,.5148254,.0292257,5225,2664,3777,1804,3708,3777,2334
TIMSS,2023,ZAF,4,0,bul_ev_all=1,3777,361.85291,3.4545889,3777,307.27338,4.7907467,3777,.26775196,.016525976,3777,.35033807,.015064094,5225,2664,3777,1804,3708,3777,2334
TIMSS,2023,ZAF,4,0,bul_ev_o=0,3421,399.81891,4.7502713,3421,360.28549,6.2411456,3421,.39804772,.019066337,3421,.48928687,.018007332,5225,2664,3777,1804,3708,3777,2334
TIMSS,2023,ZAF,4,0,bul_ev_o=1,1804,326.49442,3.6822684,1804,259.02353,4.9676437,1804,.14361155,.013937569,1804,.21194805,.015508526,5225,2664,3777,1804,3708,3777,2334
TIMSS,2023,ZAF,4,0,bul_ev_trad=0,1517,407.25357,7.2803197,1517,372.21255,9.7392826,1517,.42198637,.028228492,1517,.50808781,.0282383,5225,2664,3777,1804,3708,3777,2334
TIMSS,2023,ZAF,4,0,bul_ev_trad=1,3708,362.02917,3.4842894,3708,307.37689,4.8295603,3708,.26772472,.016805876,3708,.3503992,.015382311,5225,2664,3777,1804,3708,3777,2334
TIMSS,2023,ZAF,4,0,bul_pv=0,2561,400.91843,5.1547642,2561,360.74521,6.7634387,2561,.39290279,.020428514,2561,.48589408,.019893836,5225,2664,3777,1804,3708,3777,2334
TIMSS,2023,ZAF,4,0,bul_pv=1,2664,349.94067,3.6633668,2664,292.48624,5.2410955,2664,.23413683,.016919913,2664,.30835551,.015655141,5225,2664,3777,1804,3708,3777,2334
TIMSS,2023,ZAF,4,1,all,5199,347.7616,4.3739152,5199,289.03119,5.4065528,5199,.24112219,.013222146,5199,.2988764,.014055533,5199,2974,3932,2211,3875,3932,2339
TIMSS,2023,ZAF,4,1,bul_any=1,3932,336.51743,4.0734844,3932,271.99789,5.0082083,3932,.20745477,.011398996,3932,.26769182,.013554108,5199,2974,3932,2211,3875,3932,2339
TIMSS,2023,ZAF,4,1,bul_c_all=0,2860,350.23663,6.2304721,2860,291.42337,8.2793217,2860,.25005323,.021799179,2860,.30781138,.020244181,5199,2974,3932,2211,3875,3932,2339
TIMSS,2023,ZAF,4,1,bul_c_all=1,2339,344.65173,7.062654,2339,286.02542,9.6762161,2339,.22990035,.02537447,2339,.28764963,.025776194,5199,2974,3932,2211,3875,3932,2339
TIMSS,2023,ZAF,4,1,bul_ev_all=0,1267,379.66852,9.2570715,1267,337.36554,11.510113,1267,.33665821,.033103805,1267,.3873671,.031142483,5199,2974,3932,2211,3875,3932,2339
TIMSS,2023,ZAF,4,1,bul_ev_all=1,3932,336.51743,4.0734844,3932,271.99789,5.0082083,3932,.20745477,.011398996,3932,.26769182,.013554108,5199,2974,3932,2211,3875,3932,2339
TIMSS,2023,ZAF,4,1,bul_ev_o=0,2988,376.03024,5.6736846,2988,330.2384,7.1226578,2988,.33353043,.019493215,2988,.39545447,.019751884,5199,2974,3932,2211,3875,3932,2339
TIMSS,2023,ZAF,4,1,bul_ev_o=1,2211,305.55463,4.0330224,2211,227.50609,4.79,2211,.10315051,.010113951,2211,.15467894,.011560433,5199,2974,3932,2211,3875,3932,2339
TIMSS,2023,ZAF,4,1,bul_ev_trad=0,1324,378.10852,8.8946772,1324,334.65491,11.033242,1324,.33137372,.031808536,1324,.38324156,.029707197,5199,2974,3932,2211,3875,3932,2339
TIMSS,2023,ZAF,4,1,bul_ev_trad=1,3875,336.44189,4.0729709,3875,272.01309,4.9859543,3875,.20745748,.011498721,3875,.26740739,.013811957,5199,2974,3932,2211,3875,3932,2339
TIMSS,2023,ZAF,4,1,bul_pv=0,2225,370.17456,6.3753996,2225,322.26462,7.9915857,2225,.30908436,.021689976,2225,.36786738,.020998972,5199,2974,3932,2211,3875,3932,2339
TIMSS,2023,ZAF,4,1,bul_pv=1,2974,329.8717,4.0339417,2974,262.50449,5.2460003,2974,.18687524,.011537009,2974,.24380828,.014329258,5199,2974,3932,2211,3875,3932,2339
TIMSS,2023,ZAF,8,0,all,6214,400.0032,3.3746881,6214,369.36224,4.4185038,6214,.1423326,.014326116,6214,.15252896,.016578367,6214,4138,4740,1680,4694,4767,3678
TIMSS,2023,ZAF,8,0,bul_any=1,4767,393.46606,2.8857205,4767,359.97766,3.7614508,4767,.11719149,.0091301911,4767,.12718669,.012112387,6214,4138,4740,1680,4694,4767,3678
TIMSS,2023,ZAF,8,0,bul_c_all=0,2536,404.62381,5.4023991,2536,377.60852,7.4177313,2536,.16982488,.025591388,2536,.16815823,.026423238,6214,4138,4740,1680,4694,4767,3678
TIMSS,2023,ZAF,8,0,bul_c_all=1,3678,396.90759,5.2703133,3678,363.83759,6.9731774,3678,.12391391,.023293184,3678,.14205799,.025347577,6214,4138,4740,1680,4694,4767,3678
TIMSS,2023,ZAF,8,0,bul_ev_all=0,1474,420.82028,8.6431284,1474,399.52966,11.156688,1474,.22147341,.045133151,1474,.23305808,.045850672,6214,4138,4740,1680,4694,4767,3678
TIMSS,2023,ZAF,8,0,bul_ev_all=1,4740,393.43381,2.8712931,4740,359.84207,3.7632797,4740,.11735749,.0090146735,4740,.12711571,.012047341,6214,4138,4740,1680,4694,4767,3678
TIMSS,2023,ZAF,8,0,bul_ev_o=0,4534,410.6897,3.6927376,4534,385.87335,4.8173332,4534,.1695486,.017842088,4534,.18046868,.020510219,6214,4138,4740,1680,4694,4767,3678
TIMSS,2023,ZAF,8,0,bul_ev_o=1,1680,370.40839,3.7264121,1680,323.6369,4.5616002,1680,.066961475,.011142509,1680,.075153574,.011687324,6214,4138,4740,1680,4694,4767,3678
TIMSS,2023,ZAF,8,0,bul_ev_trad=0,1520,420.89981,8.4203138,1520,399.37433,10.892344,1520,.22151318,.044115197,1520,.23275025,.044845667,6214,4138,4740,1680,4694,4767,3678
TIMSS,2023,ZAF,8,0,bul_ev_trad=1,4694,393.17212,2.8614881,4694,359.5513,3.7728155,4694,.11644853,.0089481361,4694,.12630467,.011879809,6214,4138,4740,1680,4694,4767,3678
TIMSS,2023,ZAF,8,0,bul_pv=0,2076,418.12033,6.2019482,2076,396.47452,8.1047421,2076,.21987864,.032885019,2076,.2250783,.033332121,6214,4138,4740,1680,4694,4767,3678
TIMSS,2023,ZAF,8,0,bul_pv=1,4138,390.62201,2.8930497,4138,355.32327,3.6526601,4138,.10217859,.0087616974,4138,.11496227,.011890719,6214,4138,4740,1680,4694,4767,3678
TIMSS,2023,ZAF,8,1,all,5726,392.79175,3.3198695,5726,354.74277,4.2533445,5726,.13304293,.011131654,5726,.13910156,.013180437,5726,3926,4547,1827,4482,4576,3273
TIMSS,2023,ZAF,8,1,bul_any=1,4576,387.55203,3.6271679,4576,345.96039,4.5879884,4576,.11834247,.011172587,4576,.12770708,.013636211,5726,3926,4547,1827,4482,4576,3273
TIMSS,2023,ZAF,8,1,bul_c_all=0,2453,404.69415,5.6333776,2453,370.0928,7.1778378,2453,.17295669,.021949595,2453,.18342797,.024863746,5726,3926,4547,1827,4482,4576,3273
TIMSS,2023,ZAF,8,1,bul_c_all=1,3273,384.08411,4.410356,3273,343.51288,6.1071649,3273,.1038425,.015490472,3273,.10667289,.016473932,5726,3926,4547,1827,4482,4576,3273
TIMSS,2023,ZAF,8,1,bul_ev_all=0,1179,413.94824,4.3395972,1179,389.98511,5.6073093,1179,.18999784,.020801289,1179,.18353055,.02165707,5726,3926,4547,1827,4482,4576,3273
TIMSS,2023,ZAF,8,1,bul_ev_all=1,4547,387.37097,3.6378784,4547,345.71286,4.6017499,4547,.11844976,.011216793,4547,.12771782,.013674727,5726,3926,4547,1827,4482,4576,3273
TIMSS,2023,ZAF,8,1,bul_ev_o=0,3899,408.88593,3.0470769,3899,380.01743,3.8878098,3899,.16816346,.013226704,3899,.17300181,.0153689,5726,3926,4547,1827,4482,4576,3273
TIMSS,2023,ZAF,8,1,bul_ev_o=1,1827,358.40408,4.5283384,1827,300.73956,5.2847862,1827,.058002505,.0096741216,1827,.066668466,.011279101,5726,3926,4547,1827,4482,4576,3273
TIMSS,2023,ZAF,8,1,bul_ev_trad=0,1244,412.54941,4.2602162,1244,387.74728,5.5360165,1244,.18631189,.020276574,1244,.1815547,.020937104,5726,3926,4547,1827,4482,4576,3273
TIMSS,2023,ZAF,8,1,bul_ev_trad=1,4482,387.30865,3.6522911,4482,345.58344,4.5562963,4482,.11825987,.011171319,4482,.12732008,.013424324,5726,3926,4547,1827,4482,4576,3273
TIMSS,2023,ZAF,8,1,bul_pv=0,1800,408.4942,4.0367775,1800,381.69513,5.1560349,1800,.18088609,.018741051,1800,.18055843,.020109685,5726,3926,4547,1827,4482,4576,3273
TIMSS,2023,ZAF,8,1,bul_pv=1,3926,385.55457,3.6297376,3926,342.32056,4.7020397,3926,.11099225,.011026081,3926,.11999429,.013284669,5726,3926,4547,1827,4482,4576,3273
TIMSS,2019,ALB,4,0,all,2164,492.63669,3.627564,2164,493.7225,3.8897829,2164,.86790484,.014039624,2164,.86070478,.015479289,2164,231,484,42,472,484,117
TIMSS,2019,ALB,4,0,bul_any=1,484,475.23685,6.5617452,484,478.92572,7.4746079,484,.81763709,.033914264,484,.81732696,.027794085,2164,231,484,42,472,484,117
TIMSS,2019,ALB,4,0,bul_c_all=0,2047,492.9472,3.7466245,2047,493.901,4.0448804,2047,.86817342,.014908706,2047,.86001557,.015685635,2164,231,484,42,472,484,117
TIMSS,2019,ALB,4,0,bul_c_all=1,117,487.01349,14.12399,117,490.48965,16.951551,117,.86304182,.052188616,117,.87318611,.051900994,2164,231,484,42,472,484,117
TIMSS,2019,ALB,4,0,bul_ev_all=0,1680,497.36349,3.9674678,1680,497.74216,4.0302343,1680,.8815605,.016739829,1680,.87248874,.016659865,2164,231,484,42,472,484,117
TIMSS,2019,ALB,4,0,bul_ev_all=1,484,475.23685,6.5617452,484,478.92572,7.4746079,484,.81763709,.033914264,484,.81732696,.027794085,2164,231,484,42,472,484,117
TIMSS,2019,ALB,4,0,bul_ev_o=0,2122,494.39755,3.5818775,2122,495.61234,3.8633492,2122,.87490416,.014328127,2122,.8665387,.015096949,2164,231,484,42,472,484,117
TIMSS,2019,ALB,4,0,bul_ev_o=1,42,405.41635,21.716305,42,400.11386,13.111959,42,.52120805,.12660772,42,.57173371,.13104206,2164,231,484,42,472,484,117
TIMSS,2019,ALB,4,0,bul_ev_trad=0,1692,497.1568,3.900538,1692,497.54691,4.044138,1692,.88114256,.016538061,1692,.87093371,.016730197,2164,231,484,42,472,484,117
TIMSS,2019,ALB,4,0,bul_ev_trad=1,472,475.35944,6.0740323,472,479.10443,7.2054663,472,.81730622,.034933504,472,.82160658,.027428368,2164,231,484,42,472,484,117
TIMSS,2019,ALB,4,0,bul_pv=0,1933,495.22299,3.6941659,1933,496.17404,3.9170399,1933,.87537354,.015555695,1933,.86924803,.016446555,2164,231,484,42,472,484,117
TIMSS,2019,ALB,4,0,bul_pv=1,231,470.09531,7.8205376,231,472.35574,8.232564,231,.80281037,.049653828,231,.78624463,.046186991,2164,231,484,42,472,484,117
TIMSS,2019,ALB,4,1,all,2262,495.33853,3.9313126,2262,485.42163,3.8754659,2262,.84683597,.017416639,2262,.86682117,.016111169,2262,402,761,110,737,761,102
TIMSS,2019,ALB,4,1,bul_any=1,761,480.37378,6.7607327,761,477.40335,6.66289,761,.80787528,.031195644,761,.82070136,.026965069,2262,402,761,110,737,761,102
TIMSS,2019,ALB,4,1,bul_c_all=0,2160,495.44772,4.0578604,2160,485.25867,3.959013,2160,.84630418,.018321371,2160,.86545414,.017013332,2262,402,761,110,737,761,102
TIMSS,2019,ALB,4,1,bul_c_all=1,102,492.69958,12.096921,102,489.36029,15.078617,102,.85968858,.070423983,102,.89986104,.044081867,2262,402,761,110,737,761,102
TIMSS,2019,ALB,4,1,bul_ev_all=0,1501,502.82779,3.6306484,1501,489.43445,4.0112824,1501,.8663342,.015598649,1501,.88990229,.015085118,2262,402,761,110,737,761,102
TIMSS,2019,ALB,4,1,bul_ev_all=1,761,480.37378,6.7607327,761,477.40335,6.66289,761,.80787528,.031195644,761,.82070136,.026965069,2262,402,761,110,737,761,102
TIMSS,2019,ALB,4,1,bul_ev_o=0,2152,499.80475,3.7327225,2152,490.04694,3.7031603,2152,.86597973,.016149335,2152,.88284129,.015382197,2262,402,761,110,737,761,102
TIMSS,2019,ALB,4,1,bul_ev_o=1,110,408.41928,15.244067,110,395.40622,16.975878,110,.47427103,.0834134,110,.55504656,.068857253,2262,402,761,110,737,761,102
TIMSS,2019,ALB,4,1,bul_ev_trad=0,1525,502.80432,3.6309083,1525,489.32361,4.0012565,1525,.86565393,.015758112,1525,.88950753,.01497737,2262,402,761,110,737,761,102
TIMSS,2019,ALB,4,1,bul_ev_trad=1,737,479.69089,6.8828025,737,477.24341,6.804492,737,.80739522,.031892046,737,.81927264,.027938507,2262,402,761,110,737,761,102
TIMSS,2019,ALB,4,1,bul_pv=0,1860,502.12015,3.3350122,1860,490.60947,3.4952776,1860,.87062061,.013392526,1860,.89004409,.013374684,2262,402,761,110,737,761,102
TIMSS,2019,ALB,4,1,bul_pv=1,402,463.96893,10.648829,402,461.42444,10.065647,402,.73681605,.04939682,402,.75939941,.043311238,2262,402,761,110,737,761,102
TIMSS,2019,ARE,4,0,all,12955,477.21692,2.4958313,12955,474.51328,3.0422513,12955,.75232124,.010307992,12955,.78492945,.0084464028,12955,4286,6964,1851,6739,6964,2931
TIMSS,2019,ARE,4,0,bul_any=1,6964,462.04187,2.6574454,6964,457.17917,3.1519976,6964,.69914049,.011992075,6964,.73701471,.010748263,12955,4286,6964,1851,6739,6964,2931
TIMSS,2019,ARE,4,0,bul_c_all=0,10024,476.98267,2.8666856,10024,475.01489,3.5191813,10024,.75638586,.01144596,10024,.78811157,.0090397401,12955,4286,6964,1851,6739,6964,2931
TIMSS,2019,ARE,4,0,bul_c_all=1,2931,478.06699,4.6913257,2931,472.69281,5.0862412,2931,.73757035,.019289162,2931,.77338147,.017686877,12955,4286,6964,1851,6739,6964,2931
TIMSS,2019,ARE,4,0,bul_ev_all=0,5991,494.77905,3.1796577,5991,494.57413,3.6365759,5991,.81386757,.01187365,5991,.84038144,.011435553,12955,4286,6964,1851,6739,6964,2931
TIMSS,2019,ARE,4,0,bul_ev_all=1,6964,462.04187,2.6574454,6964,457.17917,3.1519976,6964,.69914049,.011992075,6964,.73701471,.010748263,12955,4286,6964,1851,6739,6964,2931
TIMSS,2019,ARE,4,0,bul_ev_o=0,11104,485.43539,2.5339973,11104,484.84192,2.9845386,11104,.78930312,.0093709007,11104,.8156994,.0080426252,12955,4286,6964,1851,6739,6964,2931
TIMSS,2019,ARE,4,0,bul_ev_o=1,1851,427.59418,3.9885707,1851,412.14944,5.0483241,1851,.52902693,.023905639,1851,.59914255,.019614888,12955,4286,6964,1851,6739,6964,2931
TIMSS,2019,ARE,4,0,bul_ev_trad=0,6216,493.92963,3.1067421,6216,493.38086,3.6265063,6216,.81063682,.01225563,6216,.83765525,.010851243,12955,4286,6964,1851,6739,6964,2931
TIMSS,2019,ARE,4,0,bul_ev_trad=1,6739,461.70709,2.6684973,6739,457.00366,3.1631362,6739,.69820285,.011896646,6739,.73599863,.010932371,12955,4286,6964,1851,6739,6964,2931
TIMSS,2019,ARE,4,0,bul_pv=0,8669,487.94855,2.6765709,8669,486.41559,3.2752056,8669,.78998721,.010783761,8669,.82005769,.0090883337,12955,4286,6964,1851,6739,6964,2931
TIMSS,2019,ARE,4,0,bul_pv=1,4286,455.14966,3.0452256,4286,450.03873,3.5940466,4286,.67486936,.015145012,4286,.71269596,.013360684,12955,4286,6964,1851,6739,6964,2931
TIMSS,2019,ARE,4,1,all,12879,485.59781,2.3411727,12879,470.55484,2.6209788,12879,.72451133,.0088686701,12879,.78448844,.0097790491,12879,5903,8384,2992,8207,8384,3342
TIMSS,2019,ARE,4,1,bul_any=1,8384,472.08514,2.5395367,8384,454.82977,2.7926412,8384,.67616248,.0098866196,8384,.74484092,.010706008,12879,5903,8384,2992,8207,8384,3342
TIMSS,2019,ARE,4,1,bul_c_all=0,9537,491.36163,2.6635046,9537,479.16919,3.0621941,9537,.75380784,.010684125,9537,.80423373,.011686079,12879,5903,8384,2992,8207,8384,3342
TIMSS,2019,ARE,4,1,bul_c_all=1,3342,467.76508,3.885999,3342,443.90274,4.344718,3342,.6338706,.017280364,3342,.72339833,.014589733,12879,5903,8384,2992,8207,8384,3342
TIMSS,2019,ARE,4,1,bul_ev_all=0,4495,511.45135,3.1284187,4495,500.64127,3.3650863,4495,.81701624,.012209689,4495,.86034518,.011524284,12879,5903,8384,2992,8207,8384,3342
TIMSS,2019,ARE,4,1,bul_ev_all=1,8384,472.08514,2.5395367,8384,454.82977,2.7926412,8384,.67616248,.0098866196,8384,.74484092,.010706008,12879,5903,8384,2992,8207,8384,3342
TIMSS,2019,ARE,4,1,bul_ev_o=0,9887,502.21875,2.1509354,9887,491.07953,2.4195135,9887,.79435498,.0083879568,9887,.84011889,.0087118493,12879,5903,8384,2992,8207,8384,3342
TIMSS,2019,ARE,4,1,bul_ev_o=1,2992,430.0336,3.6410584,2992,401.94016,4.1529751,2992,.49102226,.017321121,2992,.59851426,.018388437,12879,5903,8384,2992,8207,8384,3342
TIMSS,2019,ARE,4,1,bul_ev_trad=0,4672,509.76724,2.969569,4672,498.68008,3.1334031,4672,.81098628,.010836625,4672,.85548782,.011196617,12879,5903,8384,2992,8207,8384,3342
TIMSS,2019,ARE,4,1,bul_ev_trad=1,8207,472.2193,2.6084087,8207,454.98663,2.9058516,8207,.6766448,.010211578,8207,.74518812,.010946116,12879,5903,8384,2992,8207,8384,3342
TIMSS,2019,ARE,4,1,bul_pv=0,6976,501.49643,2.4614379,6976,489.31979,2.8328354,6976,.78277862,.01016119,6976,.83202869,.011012997,12879,5903,8384,2992,8207,8384,3342
TIMSS,2019,ARE,4,1,bul_pv=1,5903,466.92166,2.9917746,5903,448.51157,3.203275,5903,.65606457,.011819008,5903,.7286427,.011719907,12879,5903,8384,2992,8207,8384,3342
TIMSS,2019,ARE,8,0,all,10995,476.4025,3.393775,10995,485.94797,3.8994904,10995,.56951791,.014824308,10995,.50986254,.016275791,10995,2809,4816,1421,4625,4918,1933
TIMSS,2019,ARE,8,0,bul_any=1,4918,457.32986,3.5146801,4918,460.69354,4.1894903,4918,.48665071,.017123131,4918,.43656567,.017299104,10995,2809,4816,1421,4625,4918,1933
TIMSS,2019,ARE,8,0,bul_c_all=0,9062,474.83206,3.2083962,9062,484.97495,3.9735291,9062,.56564671,.013706158,9062,.50156873,.014515225,10995,2809,4816,1421,4625,4918,1933
TIMSS,2019,ARE,8,0,bul_c_all=1,1933,483.83081,14.114976,1933,490.55048,15.264399,1933,.58782905,.053812381,1933,.54909307,.061379813,10995,2809,4816,1421,4625,4918,1933
TIMSS,2019,ARE,8,0,bul_ev_all=0,6179,491.12704,3.9152918,6179,505.63141,4.4706144,6179,.63454753,.016034748,6179,.56703842,.018336967,10995,2809,4816,1421,4625,4918,1933
TIMSS,2019,ARE,8,0,bul_ev_all=1,4816,456.57693,3.4967332,4816,459.44562,4.2091284,4816,.48196006,.017363165,4816,.43287921,.017171489,10995,2809,4816,1421,4625,4918,1933
TIMSS,2019,ARE,8,0,bul_ev_o=0,9574,482.96402,3.6296148,9574,495.13626,4.1348681,9574,.59738398,.015482831,9574,.5344789,.017309465,10995,2809,4816,1421,4625,4918,1933
TIMSS,2019,ARE,8,0,bul_ev_o=1,1421,429.53702,5.7733321,1421,420.32077,7.3116817,1421,.37048519,.023170622,1421,.33404067,.023629164,10995,2809,4816,1421,4625,4918,1933
TIMSS,2019,ARE,8,0,bul_ev_trad=0,6370,490.43301,3.8853478,6370,504.85364,4.4282403,6370,.63159764,.015936635,6370,.564596,.018225221,10995,2809,4816,1421,4625,4918,1933
TIMSS,2019,ARE,8,0,bul_ev_trad=1,4625,456.20157,3.5251794,4625,458.72787,4.2712722,4625,.48013639,.017769076,4625,.43105811,.017185405,10995,2809,4816,1421,4625,4918,1933
TIMSS,2019,ARE,8,0,bul_pv=0,8186,488.16553,3.690515,8186,501.58496,4.1492033,8186,.62114996,.015319115,8186,.55515116,.017096719,10995,2809,4816,1421,4625,4918,1933
TIMSS,2019,ARE,8,0,bul_pv=1,2809,440.39273,4.0361662,2809,438.07898,4.9559722,2809,.41145849,.019784482,2809,.37122208,.018043604,10995,2809,4816,1421,4625,4918,1933
TIMSS,2019,ARE,8,1,all,11339,470.70453,3.2918844,11339,461.11945,4.0044923,11339,.49868831,.015077597,11339,.49387357,.014521859,11339,5099,6987,2863,6870,7081,2393
TIMSS,2019,ARE,8,1,bul_any=1,7081,457.73239,3.2206089,7081,443.33835,3.9853137,7081,.44684565,.0149963,7081,.44268167,.01438653,11339,5099,6987,2863,6870,7081,2393
TIMSS,2019,ARE,8,1,bul_c_all=0,8946,476.03555,3.8898225,8946,468.98233,4.6970229,8946,.51777089,.017897205,8946,.51143014,.01683528,11339,5099,6987,2863,6870,7081,2393
TIMSS,2019,ARE,8,1,bul_c_all=1,2393,448.68048,4.8880239,2393,428.63553,6.2324486,2393,.41985261,.020447601,2393,.42134243,.022372469,11339,5099,6987,2863,6870,7081,2393
TIMSS,2019,ARE,8,1,bul_ev_all=0,4352,491.30399,4.0229549,4352,489.52786,4.9265037,4352,.58123541,.017807107,4352,.57462239,.017540406,11339,5099,6987,2863,6870,7081,2393
TIMSS,2019,ARE,8,1,bul_ev_all=1,6987,457.27228,3.2497723,6987,442.59525,3.9883001,6987,.44486207,.015160128,6987,.44121996,.014419904,11339,5099,6987,2863,6870,7081,2393
TIMSS,2019,ARE,8,1,bul_ev_o=0,8476,489.36716,3.2860708,8476,487.64038,3.9910593,8476,.57480258,.01566997,8476,.56534141,.0148476,11339,5099,6987,2863,6870,7081,2393
TIMSS,2019,ARE,8,1,bul_ev_o=1,2863,412.14902,3.5512192,2863,377.90787,4.865561,2863,.25987357,.013244624,2863,.26963744,.014459194,11339,5099,6987,2863,6870,7081,2393
TIMSS,2019,ARE,8,1,bul_ev_trad=0,4469,490.44534,4.1470399,4469,488.24103,5.0766463,4469,.57698017,.018046031,4469,.57154739,.017806066,11339,5099,6987,2863,6870,7081,2393
TIMSS,2019,ARE,8,1,bul_ev_trad=1,6870,457.25134,3.2270639,6870,442.63632,3.9983976,6870,.44533312,.01515586,6870,.44093961,.014302206,11339,5099,6987,2863,6870,7081,2393
TIMSS,2019,ARE,8,1,bul_pv=0,6240,491.02509,3.720916,6240,489.09155,4.4116387,6240,.57720995,.016630316,6240,.57074749,.016224911,11339,5099,6987,2863,6870,7081,2393
TIMSS,2019,ARE,8,1,bul_pv=1,5099,444.8266,3.5225606,5099,425.49738,4.5472178,5099,.39869216,.016151667,5099,.39597583,.016241781,11339,5099,6987,2863,6870,7081,2393
TIMSS,2019,ARM,4,0,all,2586,499.4527,2.6431115,2586,471.21158,3.45507,2586,.82497293,.015555442,2586,.92535335,.009442131,2586,288,644,126,614,644,431
TIMSS,2019,ARM,4,0,bul_any=1,644,488.86246,4.2643085,644,457.40833,5.2834668,644,.77142245,.029164944,644,.89784491,.017399659,2586,288,644,126,614,644,431
TIMSS,2019,ARM,4,0,bul_c_all=0,2155,499.42084,2.9938588,2155,470.92758,3.7748857,2155,.82243341,.016807787,2155,.92455989,.010669339,2586,288,644,126,614,644,431
TIMSS,2019,ARM,4,0,bul_c_all=1,431,499.62692,7.3985548,431,472.76556,8.2195034,431,.83886915,.035280958,431,.92969525,.018926071,2586,288,644,126,614,644,431
TIMSS,2019,ARM,4,0,bul_ev_all=0,1942,502.99649,2.6369238,1942,475.83051,4.0365705,1942,.84289235,.014878231,1942,.93455839,.0085795298,2586,288,644,126,614,644,431
TIMSS,2019,ARM,4,0,bul_ev_all=1,644,488.86246,4.2643085,644,457.40833,5.2834668,644,.77142245,.029164944,644,.89784491,.017399659,2586,288,644,126,614,644,431
TIMSS,2019,ARM,4,0,bul_ev_o=0,2460,501.51633,2.5834682,2460,473.44971,3.3762712,2460,.83411932,.013239413,2460,.93075228,.0086887535,2586,288,644,126,614,644,431
TIMSS,2019,ARM,4,0,bul_ev_o=1,126,456.67914,9.3291893,126,424.82108,12.123933,126,.6353929,.096482113,126,.81344748,.058231506,2586,288,644,126,614,644,431
TIMSS,2019,ARM,4,0,bul_ev_trad=0,1972,502.93604,2.6287129,1972,475.64319,4.0295205,1972,.84279537,.016105892,1972,.9346413,.008480656,2586,288,644,126,614,644,431
TIMSS,2019,ARM,4,0,bul_ev_trad=1,614,488.29877,4.3064752,614,457.02124,5.4261389,614,.76790422,.028316148,614,.89561266,.017753914,2586,288,644,126,614,644,431
TIMSS,2019,ARM,4,0,bul_pv=0,2298,501.06827,2.5941339,2298,472.9826,3.6333892,2298,.83243501,.01522845,2298,.92923403,.0093069933,2586,288,644,126,614,644,431
TIMSS,2019,ARM,4,0,bul_pv=1,288,487.03223,6.9992914,288,457.59607,7.767487,288,.76760513,.049147598,288,.89551896,.032675311,2586,288,644,126,614,644,431
TIMSS,2019,ARM,4,1,all,2813,497.01044,3.3577349,2813,462.00006,4.1589403,2813,.77863759,.01888244,2813,.90878284,.011921564,2813,458,1023,244,1003,1023,481
TIMSS,2019,ARM,4,1,bul_any=1,1023,493.35324,4.2422075,1023,454.64447,5.3756437,1023,.74358761,.024563542,1023,.90291893,.014714617,2813,458,1023,244,1003,1023,481
TIMSS,2019,ARM,4,1,bul_c_all=0,2332,497.44193,3.7646167,2332,462.47266,4.4091535,2332,.77925688,.020376077,2332,.90856695,.012783857,2813,458,1023,244,1003,1023,481
TIMSS,2019,ARM,4,1,bul_c_all=1,481,494.49368,6.7538733,481,459.24362,8.8832302,481,.77502584,.038056575,481,.91004235,.023247216,2813,458,1023,244,1003,1023,481
TIMSS,2019,ARM,4,1,bul_ev_all=0,1790,499.02762,3.4304581,1790,466.0571,4.2679563,1790,.79796976,.021669365,1790,.91201717,.013319802,2813,458,1023,244,1003,1023,481
TIMSS,2019,ARM,4,1,bul_ev_all=1,1023,493.35324,4.2422075,1023,454.64447,5.3756437,1023,.74358761,.024563542,1023,.90291893,.014714617,2813,458,1023,244,1003,1023,481
TIMSS,2019,ARM,4,1,bul_ev_o=0,2569,499.58517,3.3718464,2569,465.72946,3.9654553,2569,.79524881,.018413542,2569,.91523719,.011807209,2813,458,1023,244,1003,1023,481
TIMSS,2019,ARM,4,1,bul_ev_o=1,244,472.02737,6.467711,244,425.81317,8.3700199,244,.61745644,.059148386,244,.84615564,.032532066,2813,458,1023,244,1003,1023,481
TIMSS,2019,ARM,4,1,bul_ev_trad=0,1810,499.09271,3.4251409,1810,466.09546,4.3200645,1810,.79881471,.02192425,1810,.91269112,.013119326,2813,458,1023,244,1003,1023,481
TIMSS,2019,ARM,4,1,bul_ev_trad=1,1003,493.10315,4.2709208,1003,454.31519,5.3823242,1003,.74077606,.024503412,1003,.9014492,.015004802,2813,458,1023,244,1003,1023,481
TIMSS,2019,ARM,4,1,bul_pv=0,2355,498.60931,3.2873468,2355,464.18042,3.997349,2355,.7894271,.019345459,2355,.9122808,.012502712,2813,458,1023,244,1003,1023,481
TIMSS,2019,ARM,4,1,bul_pv=1,458,488.68893,5.5224938,458,450.65216,7.1334176,458,.7224825,.032662563,458,.89057755,.021003546,2813,458,1023,244,1003,1023,481
TIMSS,2019,AUS,4,0,all,2902,510.81885,3.0010517,2902,533.20258,2.9161303,2902,.94410038,.0073392973,2902,.90698153,.010720184,2902,860,1443,168,1376,1443,672
TIMSS,2019,AUS,4,0,bul_any=1,1443,500.05487,3.5285506,1443,524.65997,3.2405298,1443,.9319846,.011700763,1443,.89087421,.015072581,2902,860,1443,168,1376,1443,672
TIMSS,2019,AUS,4,0,bul_c_all=0,2230,513.77563,3.4898784,2230,536.36182,3.2184551,2230,.95285648,.0066624172,2230,.9159534,.010560059,2902,860,1443,168,1376,1443,672
TIMSS,2019,AUS,4,0,bul_c_all=1,672,501.56021,6.335566,672,523.31018,5.5711703,672,.91668248,.018036611,672,.87888795,.024398236,2902,860,1443,168,1376,1443,672
TIMSS,2019,AUS,4,0,bul_ev_all=0,1459,521.71924,3.8287008,1459,541.85339,3.6487942,1459,.9563697,.0081154341,1459,.92329293,.011208031,2902,860,1443,168,1376,1443,672
TIMSS,2019,AUS,4,0,bul_ev_all=1,1443,500.05487,3.5285506,1443,524.65997,3.2405298,1443,.9319846,.011700763,1443,.89087421,.015072581,2902,860,1443,168,1376,1443,672
TIMSS,2019,AUS,4,0,bul_ev_o=0,2734,514.71075,2.9648712,2734,537.56812,2.9163842,2734,.95482516,.0061541307,2734,.91665858,.0089059379,2902,860,1443,168,1376,1443,672
TIMSS,2019,AUS,4,0,bul_ev_o=1,168,449.94824,9.5754623,168,464.92438,10.649622,168,.77636218,.060290605,168,.75563025,.069076099,2902,860,1443,168,1376,1443,672
TIMSS,2019,AUS,4,0,bul_ev_trad=0,1526,520.99426,3.6782289,1526,541.08752,3.5736549,1526,.95551902,.0078297062,1526,.92275536,.011081433,2902,860,1443,168,1376,1443,672
TIMSS,2019,AUS,4,0,bul_ev_trad=1,1376,499.82706,3.6060147,1376,524.685,3.2723551,1376,.93176556,.01188752,1376,.88994211,.015595881,2902,860,1443,168,1376,1443,672
TIMSS,2019,AUS,4,0,bul_pv=0,2042,517.74524,3.2381253,2042,538.74408,3.395745,2042,.95051301,.0074005164,2042,.91531378,.010545561,2902,860,1443,168,1376,1443,672
TIMSS,2019,AUS,4,0,bul_pv=1,860,493.76663,4.5885091,860,519.55981,4.540596,860,.92831296,.01527785,860,.88646805,.018883519,2902,860,1443,168,1376,1443,672
TIMSS,2019,AUS,4,1,all,2988,520.78162,3.131526,2988,531.9671,2.7018828,2988,.93164521,.008935676,2988,.89688015,.012244694,2988,1113,1667,245,1623,1667,639
TIMSS,2019,AUS,4,1,bul_any=1,1667,509.66888,4.3937488,1667,522.44348,3.6396918,1667,.91501331,.010926676,1667,.87149966,.016980676,2988,1113,1667,245,1623,1667,639
TIMSS,2019,AUS,4,1,bul_c_all=0,2349,524.36249,3.4895957,2349,535.4967,3.0648263,2349,.94029218,.0087904492,2349,.91002148,.012072208,2988,1113,1667,245,1623,1667,639
TIMSS,2019,AUS,4,1,bul_c_all=1,639,509.22983,9.5189953,639,520.58075,8.3415632,639,.90375042,.025811331,639,.8544867,.033897959,2988,1113,1667,245,1623,1667,639
TIMSS,2019,AUS,4,1,bul_ev_all=0,1321,533.94904,3.5173488,1321,543.25159,3.3606153,1321,.95135236,.013665965,1321,.92695332,.01312845,2988,1113,1667,245,1623,1667,639
TIMSS,2019,AUS,4,1,bul_ev_all=1,1667,509.66888,4.3937488,1667,522.44348,3.6396918,1667,.91501331,.010926676,1667,.87149966,.016980676,2988,1113,1667,245,1623,1667,639
TIMSS,2019,AUS,4,1,bul_ev_o=0,2743,525.35614,3.0599892,2743,537.22784,2.589726,2743,.94241852,.0084027406,2743,.90753508,.010819047,2988,1113,1667,245,1623,1667,639
TIMSS,2019,AUS,4,1,bul_ev_o=1,245,468.44583,8.0351458,245,471.7807,8.2921305,245,.80839115,.038565412,245,.77497989,.050251286,2988,1113,1667,245,1623,1667,639
TIMSS,2019,AUS,4,1,bul_ev_trad=0,1365,532.03772,3.5946009,1365,541.37415,3.4825099,1365,.94883686,.014495146,1365,.92332202,.01336908,2988,1113,1667,245,1623,1667,639
TIMSS,2019,AUS,4,1,bul_ev_trad=1,1623,510.57843,4.3810802,1623,523.44,3.6156905,1623,.9160617,.01140651,1623,.87291163,.017177813,2988,1113,1667,245,1623,1667,639
TIMSS,2019,AUS,4,1,bul_pv=0,1875,531.9754,3.4019241,1875,541.55078,3.2141101,1875,.94802088,.010609524,1875,.92217815,.011899515,2988,1113,1667,245,1623,1667,639
TIMSS,2019,AUS,4,1,bul_pv=1,1113,500.85281,5.323113,1113,514.90485,4.6676445,1113,.90249085,.015478061,1113,.85184085,.02108123,2988,1113,1667,245,1623,1667,639
TIMSS,2019,AUS,8,0,all,4505,515.11334,3.5016949,4505,528.5,3.0907321,4505,.75740641,.013774016,4505,.68521971,.016983662,4505,1051,2134,800,2014,2149,1357
TIMSS,2019,AUS,8,0,bul_any=1,2149,500.71432,3.1012859,2149,515.25739,2.7605431,2149,.71656996,.014252251,2149,.62416285,.018435577,4505,1051,2134,800,2014,2149,1357
TIMSS,2019,AUS,8,0,bul_c_all=0,3148,526.67267,4.2710857,3148,538.29266,3.571017,3148,.79835051,.015926294,3148,.73890108,.01910698,4505,1051,2134,800,2014,2149,1357
TIMSS,2019,AUS,8,0,bul_c_all=1,1357,485.64789,5.0698924,1357,503.53799,5.4246902,1357,.65303731,.02291422,1357,.54838252,.024894739,4505,1051,2134,800,2014,2149,1357
TIMSS,2019,AUS,8,0,bul_ev_all=0,2371,527.89398,4.4422874,2371,540.35846,4.0096893,2371,.79473239,.018757526,2371,.73977852,.020438202,4505,1051,2134,800,2014,2149,1357
TIMSS,2019,AUS,8,0,bul_ev_all=1,2134,500.82867,3.1062922,2134,515.24615,2.7703876,2134,.71568799,.013986019,2134,.6242407,.018375244,4505,1051,2134,800,2014,2149,1357
TIMSS,2019,AUS,8,0,bul_ev_o=0,3705,520.76624,3.7896178,3705,534.52997,3.4266729,3705,.77759826,.01522478,3705,.70958072,.018096648,4505,1051,2134,800,2014,2149,1357
TIMSS,2019,AUS,8,0,bul_ev_o=1,800,490.09265,4.2754426,800,501.81042,4.3899088,800,.6680339,.023249133,800,.57739407,.026214499,4505,1051,2134,800,2014,2149,1357
TIMSS,2019,AUS,8,0,bul_ev_trad=0,2491,527.78265,4.3802381,2491,540.08124,3.977978,2491,.79552424,.018056821,2491,.74077481,.019860955,4505,1051,2134,800,2014,2149,1357
TIMSS,2019,AUS,8,0,bul_ev_trad=1,2014,499.48636,3.17015,2014,514.21521,2.8027179,2014,.71038997,.014808766,2014,.6166954,.019125259,4505,1051,2134,800,2014,2149,1357
TIMSS,2019,AUS,8,0,bul_pv=0,3454,521.38501,4.0341868,3454,534.89716,3.4982395,3454,.77849752,.015693892,3454,.70899105,.020063942,4505,1051,2134,800,2014,2149,1357
TIMSS,2019,AUS,8,0,bul_pv=1,1051,493.68539,4.252677,1051,506.64355,4.092804,1051,.68534636,.021375712,1051,.60400259,.024356732,4505,1051,2134,800,2014,2149,1357
TIMSS,2019,AUS,8,1,all,4555,519.39722,5.445569,4555,528.17725,4.7198963,4555,.7273646,.016545551,4555,.67392504,.018867556,4555,1398,2176,512,2103,2223,1421
TIMSS,2019,AUS,8,1,bul_any=1,2223,511.08624,5.8664651,2223,519.51471,5.0160055,2223,.69795573,.021156317,2223,.64236861,.024679299,4555,1398,2176,512,2103,2223,1421
TIMSS,2019,AUS,8,1,bul_c_all=0,3134,533.948,6.9156003,3134,541.33295,5.9410591,3134,.77657139,.018341394,3134,.72964609,.021907099,4555,1398,2176,512,2103,2223,1421
TIMSS,2019,AUS,8,1,bul_c_all=1,1421,485.98886,6.6884413,1421,497.97195,6.3157945,1421,.6143865,.033028711,1421,.54599011,.035472043,4555,1398,2176,512,2103,2223,1421
TIMSS,2019,AUS,8,1,bul_ev_all=0,2379,527.75165,6.0080647,2379,536.77148,5.4660134,2379,.75698358,.015925571,2379,.70517391,.019265179,4555,1398,2176,512,2103,2223,1421
TIMSS,2019,AUS,8,1,bul_ev_all=1,2176,510.60065,5.678833,2176,519.12823,4.9422584,2176,.69617826,.021199558,2176,.64102244,.024260385,4555,1398,2176,512,2103,2223,1421
TIMSS,2019,AUS,8,1,bul_ev_o=0,4043,521.35504,5.402421,4043,531.41974,4.7538972,4043,.74309438,.016088437,4043,.68461657,.019421998,4555,1398,2176,512,2103,2223,1421
TIMSS,2019,AUS,8,1,bul_ev_o=1,512,504.30173,9.1281404,512,503.17685,8.8165493,512,.6060822,.037301958,512,.59148937,.033384915,4555,1398,2176,512,2103,2223,1421
TIMSS,2019,AUS,8,1,bul_ev_trad=0,2452,528.05786,6.0036516,2452,536.67999,5.449903,2452,.75672704,.016073052,2452,.70498955,.01906877,4555,1398,2176,512,2103,2223,1421
TIMSS,2019,AUS,8,1,bul_ev_trad=1,2103,509.65439,5.5466261,2103,518.61212,4.9296322,2103,.6943332,.021546038,2103,.63897878,.024554051,4555,1398,2176,512,2103,2223,1421
TIMSS,2019,AUS,8,1,bul_pv=0,3157,527.39874,5.9400768,3157,536.76733,5.2459984,3157,.75885463,.01619694,3157,.70635027,.019523745,4555,1398,2176,512,2103,2223,1421
TIMSS,2019,AUS,8,1,bul_pv=1,1398,501.68649,5.5633755,1398,509.16385,5.1090159,1398,.65766388,.022681253,1398,.60215431,.026561616,4555,1398,2176,512,2103,2223,1421
TIMSS,2019,AUT,4,0,all,2148,535.38538,2.7272913,2148,519.12317,3.0488834,2148,.94209045,.0096955029,2148,.98048329,.005412593,2148,451,880,188,856,880,697
TIMSS,2019,AUT,4,0,bul_any=1,880,521.75641,3.1846428,880,502.45459,3.73317,880,.91622293,.014517166,880,.97393477,.0090083228,2148,451,880,188,856,880,697
TIMSS,2019,AUT,4,0,bul_c_all=0,1451,538.24738,3.365809,1451,523.01215,3.6843097,1451,.94956553,.010934532,1451,.98240834,.0063216048,2148,451,880,188,856,880,697
TIMSS,2019,AUT,4,0,bul_c_all=1,697,527.81299,4.1697154,697,508.83356,5.453764,697,.92231256,.015885966,697,.9753899,.011376156,2148,451,880,188,856,880,697
TIMSS,2019,AUT,4,0,bul_ev_all=0,1268,544.44989,3.221184,1268,530.20929,3.5792851,1268,.9592948,.0090287225,1268,.98483866,.007282123,2148,451,880,188,856,880,697
TIMSS,2019,AUT,4,0,bul_ev_all=1,880,521.75641,3.1846428,880,502.45459,3.73317,880,.91622293,.014517166,880,.97393477,.0090083228,2148,451,880,188,856,880,697
TIMSS,2019,AUT,4,0,bul_ev_o=0,1960,538.70703,2.6778746,1960,523.04297,3.1187561,1960,.95225161,.0082982006,1960,.98430568,.005469732,2148,451,880,188,856,880,697
TIMSS,2019,AUT,4,0,bul_ev_o=1,188,497.93863,6.1097102,188,474.9332,6.7558069,188,.8275395,.042167705,188,.937392,.033910431,2148,451,880,188,856,880,697
TIMSS,2019,AUT,4,0,bul_ev_trad=0,1292,543.44421,3.1879342,1292,528.87488,3.6129007,1292,.95565832,.010177466,1292,.98484588,.0072988896,2148,451,880,188,856,880,697
TIMSS,2019,AUT,4,0,bul_ev_trad=1,856,522.76086,3.2183166,856,503.84674,3.8419783,856,.92083597,.013644549,856,.97364914,.0091295186,2148,451,880,188,856,880,697
TIMSS,2019,AUT,4,0,bul_pv=0,1697,540.34338,2.8537214,1697,525.64764,3.242039,1697,.95459074,.008889378,1697,.98453909,.0057769357,2148,451,880,188,856,880,697
TIMSS,2019,AUT,4,0,bul_pv=1,451,517.21857,3.7723022,451,495.21658,5.1135316,451,.89628786,.021130735,451,.96562225,.011830033,2148,451,880,188,856,880,697
TIMSS,2019,AUT,4,1,all,2316,542.93298,2.1185386,2316,524.9057,2.9468687,2316,.93899035,.0090368669,2316,.98560995,.0041301837,2316,756,1196,243,1167,1196,814
TIMSS,2019,AUT,4,1,bul_any=1,1196,530.35687,2.8221281,1196,508.3158,3.9137683,1196,.90932703,.013170547,1196,.97761416,.0061601428,2316,756,1196,243,1167,1196,814
TIMSS,2019,AUT,4,1,bul_c_all=0,1502,548.74048,2.5491602,1502,532.94397,3.7190289,1502,.95687634,.011211315,1502,.9893055,.0043800725,2316,756,1196,243,1167,1196,814
TIMSS,2019,AUT,4,1,bul_c_all=1,814,529.6709,5.0057349,814,506.54932,6.0769525,814,.89814556,.019569704,814,.97717083,.0079648271,2316,756,1196,243,1167,1196,814
TIMSS,2019,AUT,4,1,bul_ev_all=0,1120,556.25684,2.2798262,1120,542.48199,2.9580026,1120,.97041738,.0076623652,1120,.9940812,.0036039129,2316,756,1196,243,1167,1196,814
TIMSS,2019,AUT,4,1,bul_ev_all=1,1196,530.35687,2.8221281,1196,508.3158,3.9137683,1196,.90932703,.013170547,1196,.97761416,.0061601428,2316,756,1196,243,1167,1196,814
TIMSS,2019,AUT,4,1,bul_ev_o=0,2073,547.57227,2.0065269,2073,531.54218,2.7073061,2073,.95717573,.0073288116,2073,.99066901,.002832144,2316,756,1196,243,1167,1196,814
TIMSS,2019,AUT,4,1,bul_ev_o=1,243,499.06387,5.6609592,243,462.1507,7.3642659,243,.76702815,.037593447,243,.93777144,.023605701,2316,756,1196,243,1167,1196,814
TIMSS,2019,AUT,4,1,bul_ev_trad=0,1149,555.0426,2.1752465,1149,540.69781,2.8825228,1149,.96781778,.0081725884,1149,.99308848,.0038076313,2316,756,1196,243,1167,1196,814
TIMSS,2019,AUT,4,1,bul_ev_trad=1,1167,530.91101,2.8466012,1167,509.22787,3.9163089,1167,.9103716,.013409718,1167,.97818553,.0062467712,2316,756,1196,243,1167,1196,814
TIMSS,2019,AUT,4,1,bul_pv=0,1560,549.51489,2.2682912,1560,533.77808,2.9374797,1560,.95408744,.0090165148,1560,.99032611,.0036645634,2316,756,1196,243,1167,1196,814
TIMSS,2019,AUT,4,1,bul_pv=1,756,529.44208,3.2269745,756,506.72006,4.7413688,756,.90804613,.01654798,756,.97594333,.0068798396,2316,756,1196,243,1167,1196,814
TIMSS,2019,AZE,4,0,all,2404,517.43951,3.1459944,2404,428.97382,3.9796698,2404,.65492535,.019993844,2404,.92535645,.010234685,2404,447,872,165,833,872,257
TIMSS,2019,AZE,4,0,bul_any=1,872,506.69971,4.9625497,872,419.10748,5.9749241,872,.60181451,.030803548,872,.90136778,.019763932,2404,447,872,165,833,872,257
TIMSS,2019,AZE,4,0,bul_c_all=0,2147,517.18671,3.5095086,2147,428.62595,4.4724851,2147,.65490645,.021664048,2147,.92244494,.01070991,2404,447,872,165,833,872,257
TIMSS,2019,AZE,4,0,bul_c_all=1,257,518.95013,8.2957497,257,431.05267,11.119317,257,.65503812,.065192901,257,.94275594,.028266424,2404,447,872,165,833,872,257
TIMSS,2019,AZE,4,0,bul_ev_all=0,1532,522.84857,3.1166103,1532,433.94296,3.9668469,1532,.6816746,.019791462,1532,.93743831,.010130192,2404,447,872,165,833,872,257
TIMSS,2019,AZE,4,0,bul_ev_all=1,872,506.69971,4.9625497,872,419.10748,5.9749241,872,.60181451,.030803548,872,.90136778,.019763932,2404,447,872,165,833,872,257
TIMSS,2019,AZE,4,0,bul_ev_o=0,2239,521.1557,2.9498138,2239,433.46066,3.7744992,2239,.67584646,.018706769,2239,.93470138,.0092053385,2404,447,872,165,833,872,257
TIMSS,2019,AZE,4,0,bul_ev_o=1,165,466.40549,11.40278,165,367.35617,13.622879,165,.36761755,.057384122,165,.79702359,.057630461,2404,447,872,165,833,872,257
TIMSS,2019,AZE,4,0,bul_ev_trad=0,1571,522.04028,3.141942,1571,433.30762,4.0388117,1571,.67748928,.020392286,1571,.93508548,.0097399931,2404,447,872,165,833,872,257
TIMSS,2019,AZE,4,0,bul_ev_trad=1,833,507.54926,4.9466958,833,419.65747,6.0309582,833,.60642016,.031044384,833,.90444219,.019978169,2404,447,872,165,833,872,257
TIMSS,2019,AZE,4,0,bul_pv=0,1957,520.1485,3.0304635,1957,432.31143,3.8259616,1957,.66875696,.018313453,1957,.93065983,.010419353,2404,447,872,165,833,872,257
TIMSS,2019,AZE,4,0,bul_pv=1,447,504.34695,6.2864614,447,412.84311,7.9505405,447,.58807707,.04398071,447,.89972502,.023966709,2404,447,872,165,833,872,257
TIMSS,2019,AZE,4,1,all,2841,513.72778,3.0040112,2841,424.7869,3.3528507,2841,.6372515,.014700013,2841,.91351652,.0085855555,2841,662,1310,258,1260,1310,320
TIMSS,2019,AZE,4,1,bul_any=1,1310,514.15314,4.0613651,1310,427.52408,4.8386922,1310,.62833428,.021380432,1310,.92562604,.012102942,2841,662,1310,258,1260,1310,320
TIMSS,2019,AZE,4,1,bul_c_all=0,2521,514.59698,3.3850391,2521,425.74161,3.86974,2521,.63939637,.017029585,2521,.91109729,.0097706392,2841,662,1310,258,1260,1310,320
TIMSS,2019,AZE,4,1,bul_c_all=1,320,508.6539,7.8674817,320,419.21378,10.133039,320,.62473065,.042233769,320,.92763877,.017953329,2841,662,1310,258,1260,1310,320
TIMSS,2019,AZE,4,1,bul_ev_all=0,1531,513.4173,3.4039166,1531,422.78879,3.6787658,1531,.64376086,.017337732,1531,.90467674,.010279248,2841,662,1310,258,1260,1310,320
TIMSS,2019,AZE,4,1,bul_ev_all=1,1310,514.15314,4.0613651,1310,427.52408,4.8386922,1310,.62833428,.021380432,1310,.92562604,.012102942,2841,662,1310,258,1260,1310,320
TIMSS,2019,AZE,4,1,bul_ev_o=0,2583,516.89728,2.9081583,2583,428.04352,3.291621,2583,.65329629,.014699462,2583,.92046154,.0077809137,2841,662,1310,258,1260,1310,320
TIMSS,2019,AZE,4,1,bul_ev_o=1,258,477.01877,6.7292538,258,387.06851,8.3697586,258,.45142013,.035873901,258,.83307898,.037836351,2841,662,1310,258,1260,1310,320
TIMSS,2019,AZE,4,1,bul_ev_trad=0,1581,512.862,3.3884478,1581,422.78284,3.5955968,1581,.64227521,.017267158,1581,.90544403,.010054478,2841,662,1310,258,1260,1310,320
TIMSS,2019,AZE,4,1,bul_ev_trad=1,1260,515.00806,4.1432166,1260,427.75043,4.8525352,1260,.62982267,.020426001,1260,.92545366,.012877207,2841,662,1310,258,1260,1310,320
TIMSS,2019,AZE,4,1,bul_pv=0,2179,514.58307,3.1210833,2179,424.66397,3.4278731,2179,.64150316,.014772332,2179,.91147929,.0094585791,2841,662,1310,258,1260,1310,320
TIMSS,2019,AZE,4,1,bul_pv=1,662,510.42889,4.8146353,662,425.26102,6.0796585,662,.62085283,.031435549,662,.9213739,.016631709,2841,662,1310,258,1260,1310,320
TIMSS,2019,BFL,4,0,all,2367,527.12994,2.1884205,2367,499.17099,2.2669971,2367,.92384928,.0068118717,2367,.97117227,.0049681263,2367,793,1203,155,1157,1203,481
TIMSS,2019,BFL,4,0,bul_any=1,1203,518.3891,3.1590862,1203,490.5336,3.1982353,1203,.90077001,.011615812,1203,.95853281,.0089900997,2367,793,1203,155,1157,1203,481
TIMSS,2019,BFL,4,0,bul_c_all=0,1886,529.51678,2.4418814,1886,502.43341,2.6463284,1886,.93109447,.0086728912,1886,.9766311,.0040348046,2367,793,1203,155,1157,1203,481
TIMSS,2019,BFL,4,0,bul_c_all=1,481,520.0321,5.2105389,481,489.46964,5.0737314,481,.90230423,.017834833,481,.95493948,.014162646,2367,793,1203,155,1157,1203,481
TIMSS,2019,BFL,4,0,bul_ev_all=0,1164,535.85486,2.6178315,1164,507.79269,2.5057855,1164,.94688654,.0084257266,1164,.98378879,.0062094331,2367,793,1203,155,1157,1203,481
TIMSS,2019,BFL,4,0,bul_ev_all=1,1203,518.3891,3.1590862,1203,490.5336,3.1982353,1203,.90077001,.011615812,1203,.95853281,.0089900997,2367,793,1203,155,1157,1203,481
TIMSS,2019,BFL,4,0,bul_ev_o=0,2212,528.53497,2.1798592,2212,500.87436,2.1916068,2212,.92787731,.0071648583,2212,.97342533,.0051230774,2367,793,1203,155,1157,1203,481
TIMSS,2019,BFL,4,0,bul_ev_o=1,155,505.55743,6.5510015,155,473.01886,7.7549763,155,.86200589,.035181783,155,.93658054,.026025422,2367,793,1203,155,1157,1203,481
TIMSS,2019,BFL,4,0,bul_ev_trad=0,1210,534.70886,2.6059721,1210,506.45792,2.4490247,1210,.94303024,.008356004,1210,.9831658,.0064631086,2367,793,1203,155,1157,1203,481
TIMSS,2019,BFL,4,0,bul_ev_trad=1,1157,518.97156,3.2234547,1157,491.32703,3.1979668,1157,.903202,.011219385,1157,.95826191,.0093524652,2367,793,1203,155,1157,1203,481
TIMSS,2019,BFL,4,0,bul_pv=0,1574,532.08142,2.3996978,1574,504.6944,2.299968,1574,.93928432,.0076678414,1574,.97745043,.0053902748,2367,793,1203,155,1157,1203,481
TIMSS,2019,BFL,4,0,bul_pv=1,793,516.85413,4.3068266,793,487.70844,4.4065204,793,.89181709,.016759528,793,.95814335,.0099373236,2367,793,1203,155,1157,1203,481
TIMSS,2019,BFL,4,1,all,2288,537.97137,2.7812164,2288,502.93796,2.6785104,2288,.92402858,.0083504217,2288,.97673565,.0043069404,2288,1035,1410,159,1380,1410,463
TIMSS,2019,BFL,4,1,bul_any=1,1410,532.65393,3.1419299,1410,497.27866,3.2032471,1410,.91060227,.01049196,1410,.97296423,.0064148465,2288,1035,1410,159,1380,1410,463
TIMSS,2019,BFL,4,1,bul_c_all=0,1825,541.4903,2.8534119,1825,505.49319,2.7857344,1825,.93190253,.0086700572,1825,.97927165,.0042728237,2288,1035,1410,159,1380,1410,463
TIMSS,2019,BFL,4,1,bul_c_all=1,463,527.76031,5.9966226,463,495.52338,6.0738912,463,.90118051,.019208292,463,.96937692,.012139469,2288,1035,1410,159,1380,1410,463
TIMSS,2019,BFL,4,1,bul_ev_all=0,878,546.94855,3.6398222,878,512.49237,3.3795938,878,.94669569,.0093142679,878,.98310286,.0059201233,2288,1035,1410,159,1380,1410,463
TIMSS,2019,BFL,4,1,bul_ev_all=1,1410,532.65393,3.1419299,1410,497.27866,3.2032471,1410,.91060227,.01049196,1410,.97296423,.0064148465,2288,1035,1410,159,1380,1410,463
TIMSS,2019,BFL,4,1,bul_ev_o=0,2129,540.50293,2.7860301,2129,505.85294,2.7117007,2129,.93399233,.0088396035,2129,.97923577,.004465194,2288,1035,1410,159,1380,1410,463
TIMSS,2019,BFL,4,1,bul_ev_o=1,159,503.78696,8.0092573,159,463.57611,8.7037001,159,.78948516,.046583239,159,.94297618,.020688267,2288,1035,1410,159,1380,1410,463
TIMSS,2019,BFL,4,1,bul_ev_trad=0,908,545.81171,3.6713183,908,510.76981,3.4139562,908,.94265985,.0099260183,908,.98250425,.0061920728,2288,1035,1410,159,1380,1410,463
TIMSS,2019,BFL,4,1,bul_ev_trad=1,1380,533.04773,3.0481687,1380,498.01968,3.1706235,1380,.91232842,.010789838,1380,.97311306,.0066254279,2288,1035,1410,159,1380,1410,463
TIMSS,2019,BFL,4,1,bul_pv=0,1253,542.28351,3.3183262,1253,509.24475,2.8015962,1253,.9363429,.0089869723,1253,.97808135,.0052172947,2288,1035,1410,159,1380,1410,463
TIMSS,2019,BFL,4,1,bul_pv=1,1035,532.79291,3.3786669,1035,495.3642,3.6868138,1035,.90924042,.013071746,1035,.97511971,.0068957764,2288,1035,1410,159,1380,1410,463
TIMSS,2019,BGR,4,0,all,2087,513.88885,4.7964401,2087,525.17303,5.2372055,2087,.88151252,.016271023,2087,.89961654,.017039116,2087,436,1050,181,1027,1050,188
TIMSS,2019,BGR,4,0,bul_any=1,1050,500.73199,6.4880505,1050,510.15503,7.2325187,1050,.85969025,.024593765,1050,.87336463,.027400702,2087,436,1050,181,1027,1050,188
TIMSS,2019,BGR,4,0,bul_c_all=0,1899,518.19525,3.9929688,1899,530.21704,4.9479876,1899,.89193791,.016121173,1899,.91003042,.013950306,2087,436,1050,181,1027,1050,188
TIMSS,2019,BGR,4,0,bul_c_all=1,188,484.71439,17.575024,188,491.0015,19.163168,188,.81088442,.058429118,188,.82906622,.07909777,2087,436,1050,181,1027,1050,188
TIMSS,2019,BGR,4,0,bul_ev_all=0,1037,527.60931,4.5088825,1037,540.83435,5.2525902,1037,.90426964,.01598414,1037,.92699295,.015271599,2087,436,1050,181,1027,1050,188
TIMSS,2019,BGR,4,0,bul_ev_all=1,1050,500.73199,6.4880505,1050,510.15503,7.2325187,1050,.85969025,.024593765,1050,.87336463,.027400702,2087,436,1050,181,1027,1050,188
TIMSS,2019,BGR,4,0,bul_ev_o=0,1906,517.77863,4.7620764,1906,530.25,5.0364242,1906,.8952831,.017164867,1906,.90820515,.018517368,2087,436,1050,181,1027,1050,188
TIMSS,2019,BGR,4,0,bul_ev_o=1,181,475.2106,8.3773327,181,474.69025,11.866311,181,.74458528,.056958273,181,.81421584,.052520372,2087,436,1050,181,1027,1050,188
TIMSS,2019,BGR,4,0,bul_ev_trad=0,1060,527.6051,4.5047078,1060,540.82111,5.2514219,1060,.90303516,.015872015,1060,.92464334,.015082799,2087,436,1050,181,1027,1050,188
TIMSS,2019,BGR,4,0,bul_ev_trad=1,1027,500.26071,6.5034561,1027,509.62552,7.263526,1027,.86012822,.024847619,1027,.87475061,.027649011,2087,436,1050,181,1027,1050,188
TIMSS,2019,BGR,4,0,bul_pv=0,1651,517.89722,4.5951958,1651,529.75635,5.0617537,1651,.88962525,.017625779,1651,.90761089,.017329654,2087,436,1050,181,1027,1050,188
TIMSS,2019,BGR,4,0,bul_pv=1,436,499.05304,7.3335662,436,508.20941,8.9793606,436,.85148597,.031871025,436,.87002814,.036487997,2087,436,1050,181,1027,1050,188
TIMSS,2019,BGR,4,1,all,2181,516.06903,4.5505924,2181,517.70465,5.3334217,2181,.86240727,.016211981,2181,.89086485,.019481547,2181,690,1332,274,1308,1332,213
TIMSS,2019,BGR,4,1,bul_any=1,1332,508.77094,4.6401811,1332,509.50363,5.8255548,1332,.85235482,.016719047,1332,.88433748,.023361802,2181,690,1332,274,1308,1332,213
TIMSS,2019,BGR,4,1,bul_c_all=0,1968,522.98907,4.080524,1968,525.15527,5.1312251,1968,.87744033,.017450089,1968,.90766668,.017730515,2181,690,1332,274,1308,1332,213
TIMSS,2019,BGR,4,1,bul_c_all=1,213,473.16385,16.161457,213,471.5097,17.869455,213,.7692008,.058409315,213,.78669167,.079814084,2181,690,1332,274,1308,1332,213
TIMSS,2019,BGR,4,1,bul_ev_all=0,849,528.06854,7.4735184,849,531.18878,9.1809731,849,.87893564,.030084882,849,.90159726,.026780274,2181,690,1332,274,1308,1332,213
TIMSS,2019,BGR,4,1,bul_ev_all=1,1332,508.77094,4.6401811,1332,509.50363,5.8255548,1332,.85235482,.016719047,1332,.88433748,.023361802,2181,690,1332,274,1308,1332,213
TIMSS,2019,BGR,4,1,bul_ev_o=0,1907,521.44019,4.6607938,1907,523.03607,5.6842108,1907,.87311232,.018562637,1907,.90355384,.019518672,2181,690,1332,274,1308,1332,213
TIMSS,2019,BGR,4,1,bul_ev_o=1,274,478.7388,6.6815457,274,480.65057,7.4309263,274,.78800601,.028774258,274,.80267447,.039069828,2181,690,1332,274,1308,1332,213
TIMSS,2019,BGR,4,1,bul_ev_trad=0,873,528.0791,7.3464026,873,531.3045,9.0361252,873,.8799569,.029649027,873,.90219384,.026657926,2181,690,1332,274,1308,1332,213
TIMSS,2019,BGR,4,1,bul_ev_trad=1,1308,508.48044,4.7660303,1308,509.11154,5.9753313,1308,.85131854,.017164825,1308,.88370663,.023842201,2181,690,1332,274,1308,1332,213
TIMSS,2019,BGR,4,1,bul_pv=0,1491,522.97369,4.8343425,1491,523.74878,6.0550499,1491,.87109649,.020533415,1491,.90445089,.018481689,2181,690,1332,274,1308,1332,213
TIMSS,2019,BGR,4,1,bul_pv=1,690,501.52896,7.0570865,690,504.97675,8.1390877,690,.84410936,.025825348,690,.86225516,.036454212,2181,690,1332,274,1308,1332,213
TIMSS,2019,BHR,4,0,all,2788,482.33948,3.1424975,2788,509.83881,3.7718613,2788,.89109313,.010619193,2788,.82379371,.012789155,2788,1041,1668,410,1629,1668,101
TIMSS,2019,BHR,4,0,bul_any=1,1668,474.48044,3.9012499,1668,496.84387,4.125854,1668,.86232638,.014087885,1668,.80466253,.020419678,2788,1041,1668,410,1629,1668,101
TIMSS,2019,BHR,4,0,bul_c_all=0,2687,486.23792,3.2422862,2687,515.90717,3.5678892,2687,.90977979,.0084348647,2687,.8355273,.013692015,2788,1041,1668,410,1629,1668,101
TIMSS,2019,BHR,4,0,bul_c_all=1,101,436.80527,9.9771442,101,438.95941,15.794135,101,.67282993,.10096871,101,.68674403,.039323833,2788,1041,1668,410,1629,1668,101
TIMSS,2019,BHR,4,0,bul_ev_all=0,1120,493.60779,3.3700867,1120,528.47095,3.7486618,1120,.93233901,.0091326972,1120,.85122406,.010107541,2788,1041,1668,410,1629,1668,101
TIMSS,2019,BHR,4,0,bul_ev_all=1,1668,474.48044,3.9012499,1668,496.84387,4.125854,1668,.86232638,.014087885,1668,.80466253,.020419678,2788,1041,1668,410,1629,1668,101
TIMSS,2019,BHR,4,0,bul_ev_o=0,2378,487.53772,3.1041021,2378,519.11969,3.5970862,2378,.91796964,.0089188218,2378,.84168208,.011211051,2788,1041,1668,410,1629,1668,101
TIMSS,2019,BHR,4,0,bul_ev_o=1,410,452.31049,6.2359715,410,456.22522,6.5656691,410,.735834,.030286822,410,.72045708,.032243099,2788,1041,1668,410,1629,1668,101
TIMSS,2019,BHR,4,0,bul_ev_trad=0,1159,492.91879,3.5354335,1159,527.18146,4.1035447,1159,.92542529,.010823375,1159,.85132676,.010090226,2788,1041,1668,410,1629,1668,101
TIMSS,2019,BHR,4,0,bul_ev_trad=1,1629,474.45053,3.8829515,1629,496.90646,3.9722579,1629,.86549175,.013181684,1629,.80326247,.020826399,2788,1041,1668,410,1629,1668,101
TIMSS,2019,BHR,4,0,bul_pv=0,1747,487.2677,3.5528421,1747,518.32587,4.6711879,1747,.90718681,.014860373,1747,.83769357,.012615738,2788,1041,1668,410,1629,1668,101
TIMSS,2019,BHR,4,0,bul_pv=1,1041,473.66675,4.2130613,1041,494.90323,4.4645543,1041,.86277133,.014702721,1041,.79933268,.024861459,2788,1041,1668,410,1629,1668,101
TIMSS,2019,BHR,4,1,all,2974,477.49921,3.2763679,2974,476.17361,5.0733719,2974,.78797972,.018853566,2974,.8047139,.011784741,2974,1583,2215,816,2177,2215,385
TIMSS,2019,BHR,4,1,bul_any=1,2215,472.77985,3.7235518,2215,468.69281,5.6176701,2215,.76159,.023194255,2215,.78736776,.014425719,2974,1583,2215,816,2177,2215,385
TIMSS,2019,BHR,4,1,bul_c_all=0,2589,481.25726,3.7093954,2589,482.86044,5.5954485,2589,.81003821,.020895984,2589,.81536168,.013626182,2974,1583,2215,816,2177,2215,385
TIMSS,2019,BHR,4,1,bul_c_all=1,385,456.98419,6.5462546,385,439.67081,12.085614,385,.66756427,.047455721,385,.74658829,.027484747,2974,1583,2215,816,2177,2215,385
TIMSS,2019,BHR,4,1,bul_ev_all=0,759,490.26773,4.2009835,759,496.41348,5.4688349,759,.85937899,.016242571,759,.85164511,.01737825,2974,1583,2215,816,2177,2215,385
TIMSS,2019,BHR,4,1,bul_ev_all=1,2215,472.77985,3.7235518,2215,468.69281,5.6176701,2215,.76159,.023194255,2215,.78736776,.014425719,2974,1583,2215,816,2177,2215,385
TIMSS,2019,BHR,4,1,bul_ev_o=0,2158,489.0744,3.2450206,2158,496.0813,4.3376145,2158,.86465293,.014266565,2158,.84492409,.011836109,2974,1583,2215,816,2177,2215,385
TIMSS,2019,BHR,4,1,bul_ev_o=1,816,445.97638,4.9671316,816,421.95886,6.6639681,816,.57917511,.033252031,816,.69520921,.025662156,2974,1583,2215,816,2177,2215,385
TIMSS,2019,BHR,4,1,bul_ev_trad=0,797,488.80844,4.1574368,797,494.86801,5.4026971,797,.85605431,.016303295,797,.84718937,.01835108,2974,1583,2215,816,2177,2215,385
TIMSS,2019,BHR,4,1,bul_ev_trad=1,2177,473.02777,3.7575791,2177,468.78226,5.7008276,2177,.76106453,.023531012,2177,.78792,.014889912,2974,1583,2215,816,2177,2215,385
TIMSS,2019,BHR,4,1,bul_pv=0,1391,485.00958,3.0995018,1391,490.17975,4.8484416,1391,.83974779,.016303973,1391,.83360213,.013877128,2974,1583,2215,816,2177,2215,385
TIMSS,2019,BHR,4,1,bul_pv=1,1583,470.6145,4.2781858,1583,463.33435,6.3526993,1583,.74052459,.026952939,1583,.77823234,.017027691,2974,1583,2215,816,2177,2215,385
TIMSS,2019,BHR,8,0,all,2703,491.96481,2.2901423,2703,512.00055,2.6920233,2703,.67881662,.014018966,2703,.59342468,.012734159,2703,809,1304,395,1255,1328,170
TIMSS,2019,BHR,8,0,bul_any=1,1328,476.92929,2.9457438,1328,493.66608,4.4234147,1328,.60202849,.024734264,1328,.52756184,.018699879,2703,809,1304,395,1255,1328,170
TIMSS,2019,BHR,8,0,bul_c_all=0,2533,492.32245,2.3437028,2533,511.53223,2.8039231,2533,.67388517,.014494137,2533,.59301144,.01283885,2703,809,1304,395,1255,1328,170
TIMSS,2019,BHR,8,0,bul_c_all=1,170,489.3252,8.4305735,170,515.45703,7.7346549,170,.71521473,.053925134,170,.59647483,.038899694,2703,809,1304,395,1255,1328,170
TIMSS,2019,BHR,8,0,bul_ev_all=0,1399,505.60297,2.9930525,1399,528.49658,3.0064051,1399,.74828416,.016904285,1399,.65351135,.015316743,2703,809,1304,395,1255,1328,170
TIMSS,2019,BHR,8,0,bul_ev_all=1,1304,476.18738,2.8965733,1304,492.91696,4.4938788,1304,.59845257,.025243759,1304,.52391291,.018841341,2703,809,1304,395,1255,1328,170
TIMSS,2019,BHR,8,0,bul_ev_o=0,2308,495.42719,2.4162498,2308,517.88806,2.5281243,2308,.70441157,.014216944,2308,.60798866,.014326998,2703,809,1304,395,1255,1328,170
TIMSS,2019,BHR,8,0,bul_ev_o=1,395,470.26935,5.5625925,395,475.1091,6.5275712,395,.5184381,.032463074,395,.50216627,.024829619,2703,809,1304,395,1255,1328,170
TIMSS,2019,BHR,8,0,bul_ev_trad=0,1448,505.91687,2.88972,1448,527.68158,3.0725124,1448,.74458915,.016976571,1448,.65277058,.014610977,2703,809,1304,395,1255,1328,170
TIMSS,2019,BHR,8,0,bul_ev_trad=1,1255,474.80099,2.8656514,1255,492.70975,4.5879455,1255,.59790331,.02535245,1255,.52041745,.019047016,2703,809,1304,395,1255,1328,170
TIMSS,2019,BHR,8,0,bul_pv=0,1894,499.68036,2.4584117,1894,522.8739,2.5519521,1894,.72295231,.014969826,1894,.62879837,.012877308,2703,809,1304,395,1255,1328,170
TIMSS,2019,BHR,8,0,bul_pv=1,809,472.70688,3.4797871,809,484.86078,5.0764332,809,.56865436,.025403498,809,.50513226,.021438874,2703,809,1304,395,1255,1328,170
TIMSS,2019,BHR,8,1,all,3022,470.62326,2.2637668,3022,461.06055,2.9125409,3022,.45899293,.013833819,3022,.51316768,.012141169,3022,1448,1952,641,1912,1981,313
TIMSS,2019,BHR,8,1,bul_any=1,1981,466.35571,2.7827032,1981,452.56107,3.1397498,1981,.43878287,.016197858,1981,.4989149,.014127579,3022,1448,1952,641,1912,1981,313
TIMSS,2019,BHR,8,1,bul_c_all=0,2709,471.62405,2.1928804,2709,461.19092,2.97105,2709,.45872971,.013522286,2709,.51365328,.011664844,3022,1448,1952,641,1912,1981,313
TIMSS,2019,BHR,8,1,bul_c_all=1,313,464.19269,9.7355976,313,460.22275,6.3610148,313,.46068409,.039639965,313,.51004755,.05173118,3022,1448,1952,641,1912,1981,313
TIMSS,2019,BHR,8,1,bul_ev_all=0,1070,478.5423,3.4752884,1070,477.30957,4.8732691,1070,.50069356,.022043234,1070,.53945839,.019977506,3022,1448,1952,641,1912,1981,313
TIMSS,2019,BHR,8,1,bul_ev_all=1,1952,466.18402,2.9925556,1952,451.95169,3.2669544,1952,.43561646,.0166611,1952,.49842969,.014419375,3022,1448,1952,641,1912,1981,313
TIMSS,2019,BHR,8,1,bul_ev_o=0,2381,475.88708,2.4839787,2381,474.44363,2.9092832,2381,.50345033,.014779411,2381,.53553748,.014182637,3022,1448,1952,641,1912,1981,313
TIMSS,2019,BHR,8,1,bul_ev_o=1,641,450.01071,4.3060503,641,408.65387,6.2566075,641,.28490272,.020847687,641,.42557016,.020808967,3022,1448,1952,641,1912,1981,313
TIMSS,2019,BHR,8,1,bul_ev_trad=0,1110,477.28885,3.6121449,1110,475.90451,4.828898,1110,.49578655,.021821771,1110,.53191555,.020829098,3022,1448,1952,641,1912,1981,313
TIMSS,2019,BHR,8,1,bul_ev_trad=1,1912,466.67453,2.9892588,1912,452.26691,3.2999163,1912,.4371962,.016670119,1912,.50206131,.014752062,3022,1448,1952,641,1912,1981,313
TIMSS,2019,BHR,8,1,bul_pv=0,1574,475.38138,3.2419457,1574,476.35294,4.1787338,1574,.50355113,.021906041,1574,.53224224,.018703114,3022,1448,1952,641,1912,1981,313
TIMSS,2019,BHR,8,1,bul_pv=1,1448,465.42615,2.732924,1448,444.3573,3.0186503,1448,.41032392,.015398027,1448,.49233335,.015230306,3022,1448,1952,641,1912,1981,313
TIMSS,2019,BIH,4,0,all,2747,447.2016,2.8814256,2747,462.00238,2.9966359,2747,.79484153,.015587525,2747,.75642079,.013129595,2747,376,846,183,821,846,633
TIMSS,2019,BIH,4,0,bul_any=1,846,430.81497,3.6012211,846,449.02902,3.5332134,846,.74380618,.024910308,846,.68829668,.020645343,2747,376,846,183,821,846,633
TIMSS,2019,BIH,4,0,bul_c_all=0,2114,449.67709,3.227402,2114,465.37894,3.2954304,2114,.8071264,.016051073,2114,.76788217,.013728221,2747,376,846,183,821,846,633
TIMSS,2019,BIH,4,0,bul_c_all=1,633,438.87885,6.8842916,633,450.65033,5.8954601,633,.75353926,.03263782,633,.71788722,.035072323,2747,376,846,183,821,846,633
TIMSS,2019,BIH,4,0,bul_ev_all=0,1901,454.53714,3.0769923,1901,467.80997,3.1285157,1901,.81768775,.015180242,1901,.78691685,.017107975,2747,376,846,183,821,846,633
TIMSS,2019,BIH,4,0,bul_ev_all=1,846,430.81497,3.6012211,846,449.02902,3.5332134,846,.74380618,.024910308,846,.68829668,.020645343,2747,376,846,183,821,846,633
TIMSS,2019,BIH,4,0,bul_ev_o=0,2564,449.15506,2.8578908,2564,463.63925,2.936924,2564,.8017332,.014871949,2564,.76445806,.013217544,2747,376,846,183,821,846,633
TIMSS,2019,BIH,4,0,bul_ev_o=1,183,420.57303,7.7154737,183,439.68964,9.3204927,183,.70089841,.049755495,183,.64686161,.046140399,2747,376,846,183,821,846,633
TIMSS,2019,BIH,4,0,bul_ev_trad=0,1926,454.40472,3.0534608,1926,467.85706,3.0958962,1926,.81883472,.015119277,1926,.78724945,.016610386,2747,376,846,183,821,846,633
TIMSS,2019,BIH,4,0,bul_ev_trad=1,821,430.35178,3.6940792,821,448.30695,3.7181537,821,.73871583,.025315471,821,.68430543,.020749653,2747,376,846,183,821,846,633
TIMSS,2019,BIH,4,0,bul_pv=0,2371,450.19528,2.9819043,2371,464.06894,2.8863497,2371,.80451697,.014290442,2371,.76952595,.014391606,2747,376,846,183,821,846,633
TIMSS,2019,BIH,4,0,bul_pv=1,376,428.75049,3.8325617,376,449.26572,6.3613281,376,.73520881,.036063697,376,.6756497,.029004563,2747,376,846,183,821,846,633
TIMSS,2019,BIH,4,1,all,2870,455.95801,2.7962389,2870,455.34161,3.6715581,2870,.76251829,.017539788,2870,.76992935,.014606521,2870,642,1242,276,1209,1242,640
TIMSS,2019,BIH,4,1,bul_any=1,1242,442.49826,3.6448879,1242,445.96231,4.8520679,1242,.72225779,.023972362,1242,.72239345,.019255523,2870,642,1242,276,1209,1242,640
TIMSS,2019,BIH,4,1,bul_c_all=0,2230,457.31726,3.2981949,2230,457.51584,4.2269378,2230,.7644825,.019072054,2230,.77401614,.015897572,2870,642,1242,276,1209,1242,640
TIMSS,2019,BIH,4,1,bul_c_all=1,640,451.23422,6.2315202,640,447.78552,6.3444324,640,.75569206,.032176815,640,.75572646,.032365974,2870,642,1242,276,1209,1242,640
TIMSS,2019,BIH,4,1,bul_ev_all=0,1628,466.17673,3.1190696,1628,462.46243,3.8485351,1628,.79308426,.020612244,1628,.80601889,.016723892,2870,642,1242,276,1209,1242,640
TIMSS,2019,BIH,4,1,bul_ev_all=1,1242,442.49826,3.6448879,1242,445.96231,4.8520679,1242,.72225779,.023972362,1242,.72239345,.019255523,2870,642,1242,276,1209,1242,640
TIMSS,2019,BIH,4,1,bul_ev_o=0,2594,459.96255,2.7818208,2594,458.99033,3.494957,2594,.77971417,.017391078,2594,.78658599,.014203458,2870,642,1242,276,1209,1242,640
TIMSS,2019,BIH,4,1,bul_ev_o=1,276,417.95117,5.9584861,276,420.71185,9.3750067,276,.59931284,.048649255,276,.61184198,.03867919,2870,642,1242,276,1209,1242,640
TIMSS,2019,BIH,4,1,bul_ev_trad=0,1661,465.88593,3.1002884,1661,462.42694,3.9096465,1661,.79328442,.020864632,1661,.8058207,.01647852,2870,642,1242,276,1209,1242,640
TIMSS,2019,BIH,4,1,bul_ev_trad=1,1209,442.13168,3.6896391,1209,445.47409,4.8604474,1209,.71967125,.023613654,1209,.7199446,.019772895,2870,642,1242,276,1209,1242,640
TIMSS,2019,BIH,4,1,bul_pv=0,2228,460.08398,2.906738,2228,458.34363,3.7079432,2228,.7758013,.018833157,2228,.78619397,.016727773,2870,642,1242,276,1209,1242,640
TIMSS,2019,BIH,4,1,bul_pv=1,642,441.66183,3.9206517,642,444.93988,6.0165057,642,.71649343,.030215973,642,.71357346,.025705416,2870,642,1242,276,1209,1242,640
TIMSS,2019,CAN,4,0,all,6769,501.89981,2.4278924,6769,520.30902,2.1249685,6769,.950791,.004657276,6769,.90951586,.0078184055,6769,1766,3140,452,3028,3140,1307
TIMSS,2019,CAN,4,0,bul_any=1,3140,491.12271,2.9904835,3140,511.48483,2.7494895,3140,.93081295,.0085567199,3140,.88273752,.011892272,6769,1766,3140,452,3028,3140,1307
TIMSS,2019,CAN,4,0,bul_c_all=0,5462,504.07596,2.7036307,5462,523.65912,2.3717661,5462,.95640779,.0050481698,5462,.91653359,.0070853843,6769,1766,3140,452,3028,3140,1307
TIMSS,2019,CAN,4,0,bul_c_all=1,1307,493.99655,4.4662356,1307,508.1424,4.0674667,1307,.93039244,.013297963,1307,.88402927,.017748764,6769,1766,3140,452,3028,3140,1307
TIMSS,2019,CAN,4,0,bul_ev_all=0,3629,511.22025,2.533293,3629,527.94055,2.0555975,3629,.96806878,.0045802263,3629,.93267471,.0095700761,6769,1766,3140,452,3028,3140,1307
TIMSS,2019,CAN,4,0,bul_ev_all=1,3140,491.12271,2.9904835,3140,511.48483,2.7494895,3140,.93081295,.0085567199,3140,.88273752,.011892272,6769,1766,3140,452,3028,3140,1307
TIMSS,2019,CAN,4,0,bul_ev_o=0,6317,504.06253,2.4141915,6317,522.45807,2.1131153,6317,.95453453,.0048381058,6317,.91546804,.0077683488,6769,1766,3140,452,3028,3140,1307
TIMSS,2019,CAN,4,0,bul_ev_o=1,452,469.49463,5.7407503,452,488.10934,5.1519976,452,.89470077,.021804122,452,.82033229,.03466475,6769,1766,3140,452,3028,3140,1307
TIMSS,2019,CAN,4,0,bul_ev_trad=0,3741,510.90976,2.5307767,3741,527.56354,2.1360853,3741,.96746814,.0046965755,3741,.93271399,.0091191838,6769,1766,3140,452,3028,3140,1307
TIMSS,2019,CAN,4,0,bul_ev_trad=1,3028,490.77811,3.0859191,3028,511.35422,2.6935151,3028,.93020523,.008714309,3028,.88088053,.012266508,6769,1766,3140,452,3028,3140,1307
TIMSS,2019,CAN,4,0,bul_pv=0,5003,507.84579,2.6009984,5003,525.39655,2.1662965,5003,.96184325,.0040733782,5003,.92664695,.00867147,6769,1766,3140,452,3028,3140,1307
TIMSS,2019,CAN,4,0,bul_pv=1,1766,485.33759,3.4086852,1766,506.13809,3.5597703,1766,.92000574,.010476475,1766,.86179823,.015394337,6769,1766,3140,452,3028,3140,1307
TIMSS,2019,CAN,4,1,all,6884,520.7879,1.9474467,6884,525.63226,2.2343817,6884,.95144236,.0055697416,6884,.93793553,.0056827525,6884,2351,3715,590,3619,3715,1297
TIMSS,2019,CAN,4,1,bul_any=1,3715,511.70502,2.3020959,3715,517.73785,2.3997278,3715,.93927765,.0091135614,3715,.92242008,.0073552374,6884,2351,3715,590,3619,3715,1297
TIMSS,2019,CAN,4,1,bul_c_all=0,5587,523.13312,2.0559828,5587,529.13043,2.4187655,5587,.9546892,.0059742643,5587,.94233012,.0061161434,6884,2351,3715,590,3619,3715,1297
TIMSS,2019,CAN,4,1,bul_c_all=1,1297,511.05048,4.865119,1297,511.10794,4.605134,1297,.93796182,.012296864,1297,.91968918,.016513754,6884,2351,3715,590,3619,3715,1297
TIMSS,2019,CAN,4,1,bul_ev_all=0,3169,532.17615,2.211247,3169,535.5304,2.5866766,3169,.96669477,.0061094714,3169,.95738906,.0057995645,6884,2351,3715,590,3619,3715,1297
TIMSS,2019,CAN,4,1,bul_ev_all=1,3715,511.70502,2.3020959,3715,517.73785,2.3997278,3715,.93927765,.0091135614,3715,.92242008,.0073552374,6884,2351,3715,590,3619,3715,1297
TIMSS,2019,CAN,4,1,bul_ev_o=0,6294,524.44238,1.9245737,6294,529.72906,2.1822979,6294,.96001726,.0048317187,6294,.94531649,.0049664318,6884,2351,3715,590,3619,3715,1297
TIMSS,2019,CAN,4,1,bul_ev_o=1,590,482.0939,5.344008,590,482.25461,5.5187278,590,.86065012,.025534483,590,.85978466,.025866525,6884,2351,3715,590,3619,3715,1297
TIMSS,2019,CAN,4,1,bul_ev_trad=0,3265,531.16254,2.1859796,3265,534.55896,2.593591,3265,.96468163,.0066899117,3265,.95562303,.0056363852,6884,2351,3715,590,3619,3715,1297
TIMSS,2019,CAN,4,1,bul_ev_trad=1,3619,512.09351,2.3445208,3619,518.15131,2.4659941,3619,.94034737,.0093570817,3619,.92311263,.0076892478,6884,2351,3715,590,3619,3715,1297
TIMSS,2019,CAN,4,1,bul_pv=0,4533,528.37469,2.003377,4533,531.96075,2.2459044,4533,.96240127,.0056004901,4533,.95232928,.0050143357,6884,2351,3715,590,3619,3715,1297
TIMSS,2019,CAN,4,1,bul_pv=1,2351,506.28445,2.7222333,2351,513.5343,3.057076,2351,.93049264,.011428001,2351,.91041946,.010612639,6884,2351,3715,590,3619,3715,1297
TIMSS,2019,CHL,4,0,all,2076,436.66479,3.4390135,2076,466.13626,3.0644703,2076,.81484312,.014564315,2076,.68780684,.020948621,2076,533,1035,167,1021,1035,427
TIMSS,2019,CHL,4,0,bul_any=1,1035,423.92447,4.0974793,1035,454.59064,4.003994,1035,.76407546,.021207711,1035,.62582648,.024965754,2076,533,1035,167,1021,1035,427
TIMSS,2019,CHL,4,0,bul_c_all=0,1649,440.70175,4.048162,1649,470.30347,3.4225221,1649,.83276492,.014678599,1649,.70926952,.023083853,2076,533,1035,167,1021,1035,427
TIMSS,2019,CHL,4,0,bul_c_all=1,427,421.85776,6.3313384,427,450.85159,6.883491,427,.74910837,.042291235,427,.60908473,.0363327,2076,533,1035,167,1021,1035,427
TIMSS,2019,CHL,4,0,bul_ev_all=0,1041,449.82248,3.4174602,1041,478.06015,2.9886582,1041,.86727399,.015001172,1041,.75181776,.020935822,2076,533,1035,167,1021,1035,427
TIMSS,2019,CHL,4,0,bul_ev_all=1,1035,423.92447,4.0974793,1035,454.59064,4.003994,1035,.76407546,.021207711,1035,.62582648,.024965754,2076,533,1035,167,1021,1035,427
TIMSS,2019,CHL,4,0,bul_ev_o=0,1909,440.43497,3.333606,1909,470.00281,2.9532039,1909,.83400518,.014398685,1909,.70968223,.019737422,2076,533,1035,167,1021,1035,427
TIMSS,2019,CHL,4,0,bul_ev_o=1,167,393.10739,8.244976,167,421.46582,7.4625626,167,.59346163,.060183577,167,.43507862,.066899568,2076,533,1035,167,1021,1035,427
TIMSS,2019,CHL,4,0,bul_ev_trad=0,1055,449.29572,3.3282294,1055,477.53763,2.9412863,1055,.86507612,.014785827,1055,.74882102,.020109208,2076,533,1035,167,1021,1035,427
TIMSS,2019,CHL,4,0,bul_ev_trad=1,1021,424.09586,4.21978,1021,454.79086,4.0591393,1021,.76485664,.020425139,1021,.62709218,.025399256,2076,533,1035,167,1021,1035,427
TIMSS,2019,CHL,4,0,bul_pv=0,1543,444.46829,3.2261677,1543,473.64648,2.8042331,1543,.85290694,.013316942,1543,.73393595,.020042835,2076,533,1035,167,1021,1035,427
TIMSS,2019,CHL,4,0,bul_pv=1,533,415.06592,5.2561183,533,445.34921,5.2617702,533,.70948845,.029176435,533,.56012887,.034495205,2076,533,1035,167,1021,1035,427
TIMSS,2019,CHL,4,1,all,2098,445.20517,3.0369923,2098,472.04355,3.1103599,2098,.82182562,.01647047,2098,.71945715,.018391665,2098,691,1171,281,1150,1171,436
TIMSS,2019,CHL,4,1,bul_any=1,1171,432.30673,3.3960314,1171,459.65335,3.2463274,1171,.77345651,.020893367,1171,.66015941,.021608293,2098,691,1171,281,1150,1171,436
TIMSS,2019,CHL,4,1,bul_c_all=0,1662,449.00244,3.367501,1662,475.96915,3.3636072,1662,.83343029,.018760076,1662,.73674047,.020516545,2098,691,1171,281,1150,1171,436
TIMSS,2019,CHL,4,1,bul_c_all=1,436,431.60831,8.3918304,436,457.98727,7.4241958,436,.7802729,.036967788,436,.65757102,.044868819,2098,691,1171,281,1150,1171,436
TIMSS,2019,CHL,4,1,bul_ev_all=0,927,462.3624,3.6911027,927,488.52475,3.6314857,927,.8861652,.017616013,927,.79833382,.020745335,2098,691,1171,281,1150,1171,436
TIMSS,2019,CHL,4,1,bul_ev_all=1,1171,432.30673,3.3960314,1171,459.65335,3.2463274,1171,.77345651,.020893367,1171,.66015941,.021608293,2098,691,1171,281,1150,1171,436
TIMSS,2019,CHL,4,1,bul_ev_o=0,1817,454.37875,2.8319774,1817,481.32309,2.9769878,1817,.86685807,.014749989,1817,.77090132,.017269948,2098,691,1171,281,1150,1171,436
TIMSS,2019,CHL,4,1,bul_ev_o=1,281,388.8399,7.4689083,281,415.02737,6.1346192,281,.54513246,.0441975,281,.40336844,.045878924,2098,691,1171,281,1150,1171,436
TIMSS,2019,CHL,4,1,bul_ev_trad=0,948,461.55237,3.6879129,948,488.0108,3.5812528,948,.88642186,.018278183,948,.79518688,.020892935,2098,691,1171,281,1150,1171,436
TIMSS,2019,CHL,4,1,bul_ev_trad=1,1150,432.36362,3.3426149,1150,459.50049,3.2402508,1150,.77108198,.021051193,1150,.65996766,.021134099,2098,691,1171,281,1150,1171,436
TIMSS,2019,CHL,4,1,bul_pv=0,1407,456.23892,3.0909774,1407,482.50125,3.2082465,1407,.86817169,.018266605,1407,.77376693,.018301751,2098,691,1171,281,1150,1171,436
TIMSS,2019,CHL,4,1,bul_pv=1,691,423.45468,4.6338253,691,451.42868,4.0337667,691,.73046517,.027594846,691,.61239815,.025769478,2098,691,1171,281,1150,1171,436
TIMSS,2019,CHL,8,0,all,1989,436.10806,3.354928,1989,456.7663,3.5498157,1989,.42243493,.019347964,1989,.30507061,.023008233,1989,418,894,215,861,899,562
TIMSS,2019,CHL,8,0,bul_any=1,899,427.57462,4.2012353,899,445.14914,4.2143807,899,.36419412,.023011928,899,.26140961,.022274107,1989,418,894,215,861,899,562
TIMSS,2019,CHL,8,0,bul_c_all=0,1427,441.98337,4.3632565,1427,463.93387,4.5071869,1427,.46156636,.026087562,1427,.33096865,.030377695,1989,418,894,215,861,899,562
TIMSS,2019,CHL,8,0,bul_c_all=1,562,420.35593,6.1591187,562,437.54944,6.1250978,562,.3175205,.032239173,562,.23563595,.03147177,1989,418,894,215,861,899,562
TIMSS,2019,CHL,8,0,bul_ev_all=0,1095,442.98303,4.0940566,1095,466.12259,4.1170783,1095,.46924555,.026757626,1095,.34002277,.030386014,1989,418,894,215,861,899,562
TIMSS,2019,CHL,8,0,bul_ev_all=1,894,427.44641,4.2377315,894,444.97845,4.2458596,894,.36345905,.023177307,894,.261035,.022208778,1989,418,894,215,861,899,562
TIMSS,2019,CHL,8,0,bul_ev_o=0,1774,436.72406,3.307251,1774,457.97177,3.5377741,1774,.42444715,.019689351,1774,.30611864,.024505867,1989,418,894,215,861,899,562
TIMSS,2019,CHL,8,0,bul_ev_o=1,215,430.63248,9.1833715,215,446.05075,8.6522789,215,.40454811,.050652556,215,.29575449,.048507303,1989,418,894,215,861,899,562
TIMSS,2019,CHL,8,0,bul_ev_trad=0,1128,444.14542,4.0586181,1128,467.0087,4.0110731,1128,.47427446,.026346315,1128,.34623235,.030182811,1989,418,894,215,861,899,562
TIMSS,2019,CHL,8,0,bul_ev_trad=1,861,425.36749,4.1531053,861,443.0791,4.3211684,861,.35316032,.023528384,861,.25006506,.021590756,1989,418,894,215,861,899,562
TIMSS,2019,CHL,8,0,bul_pv=0,1571,439.67914,3.6439953,1571,460.80484,3.6982634,1571,.44618055,.020896342,1571,.32345858,.027053725,1989,418,894,215,861,899,562
TIMSS,2019,CHL,8,0,bul_pv=1,418,422.07669,3.9480836,418,440.89816,4.5143995,418,.3291344,.031115571,418,.23282115,.025508484,1989,418,894,215,861,899,562
TIMSS,2019,CHL,8,1,all,2126,444.91275,3.6192446,2126,467.68784,3.7893348,2126,.47946805,.020326085,2126,.34424758,.020882534,2126,601,1013,195,990,1025,581
TIMSS,2019,CHL,8,1,bul_any=1,1025,435.68259,3.6888685,1025,456.68036,4.2575212,1025,.43206206,.02397486,1025,.30533996,.022436913,2126,601,1013,195,990,1025,581
TIMSS,2019,CHL,8,1,bul_c_all=0,1545,448.04764,4.8093286,1545,470.77597,4.7058992,1545,.4951067,.024739537,1545,.35985175,.027666939,2126,601,1013,195,990,1025,581
TIMSS,2019,CHL,8,1,bul_c_all=1,581,436.42139,6.0939178,581,459.32309,6.3829789,581,.43710831,.038844761,581,.30198127,.037166394,2126,601,1013,195,990,1025,581
TIMSS,2019,CHL,8,1,bul_ev_all=0,1113,453.6752,4.2715702,1113,478.2655,4.060173,1113,.52548087,.026240936,1113,.38004515,.028263861,2126,601,1013,195,990,1025,581
TIMSS,2019,CHL,8,1,bul_ev_all=1,1013,435.44763,3.7120655,1013,456.2619,4.2883997,1013,.42976534,.023966048,1013,.30557933,.022173863,2126,601,1013,195,990,1025,581
TIMSS,2019,CHL,8,1,bul_ev_o=0,1931,447.42249,3.6210825,1931,471.60959,3.6448669,1931,.49458462,.020452511,1931,.35261396,.021585472,2126,601,1013,195,990,1025,581
TIMSS,2019,CHL,8,1,bul_ev_o=1,195,419.20172,7.8142061,195,427.51117,8.9097795,195,.32460549,.042331595,195,.25853792,.037144762,2126,601,1013,195,990,1025,581
TIMSS,2019,CHL,8,1,bul_ev_trad=0,1136,454.00009,4.2589617,1136,478.54468,4.1024356,1136,.52751631,.026276069,1136,.38187248,.02804851,2126,601,1013,195,990,1025,581
TIMSS,2019,CHL,8,1,bul_ev_trad=1,990,434.72552,3.6717834,990,455.51691,4.2538314,990,.4256041,.023995353,990,.30206868,.022615263,2126,601,1013,195,990,1025,581
TIMSS,2019,CHL,8,1,bul_pv=0,1525,450.32321,4.0050077,1525,473.44513,3.9729974,1525,.5026319,.022857862,1525,.36885464,.024335023,2126,601,1013,195,990,1025,581
TIMSS,2019,CHL,8,1,bul_pv=1,601,431.09433,4.0238347,601,452.98358,4.6163778,601,.42030725,.027436255,601,.28140083,.028750116,2126,601,1013,195,990,1025,581
TIMSS,2019,CYP,4,0,all,2124,523.15125,3.1368692,2124,509.39453,2.5646536,2124,.92107499,.0078937337,2124,.93915999,.0087923426,2124,551,924,193,866,924,559
TIMSS,2019,CYP,4,0,bul_any=1,924,509.15787,4.0307584,924,497.82974,3.5080726,924,.89395088,.012693399,924,.9126057,.015439977,2124,551,924,193,866,924,559
TIMSS,2019,CYP,4,0,bul_c_all=0,1565,523.37201,3.3480606,1565,509.54367,2.8054948,1565,.92380744,.0085166097,1565,.9453913,.0083377119,2124,551,924,193,866,924,559
TIMSS,2019,CYP,4,0,bul_c_all=1,559,522.55768,8.6536827,559,508.99365,6.4528441,559,.91372943,.020429807,559,.92240876,.021346848,2124,551,924,193,866,924,559
TIMSS,2019,CYP,4,0,bul_ev_all=0,1200,533.80994,3.220911,1200,518.20343,2.5467324,1200,.94173539,.0090479488,1200,.95938641,.0071387598,2124,551,924,193,866,924,559
TIMSS,2019,CYP,4,0,bul_ev_all=1,924,509.15787,4.0307584,924,497.82974,3.5080726,924,.89395088,.012693399,924,.9126057,.015439977,2124,551,924,193,866,924,559
TIMSS,2019,CYP,4,0,bul_ev_o=0,1931,528.23303,3.1200509,1931,513.89819,2.49423,1931,.93400729,.0072586886,1931,.94927806,.0081850337,2124,551,924,193,866,924,559
TIMSS,2019,CYP,4,0,bul_ev_o=1,193,470.98199,6.3234472,193,463.16089,6.9314466,193,.7883144,.035683896,193,.83529031,.038567174,2124,551,924,193,866,924,559
TIMSS,2019,CYP,4,0,bul_ev_trad=0,1258,532.60541,3.3202155,1258,517.20538,2.6330409,1258,.94014627,.009103816,1258,.95622927,.0074587804,2124,551,924,193,866,924,559
TIMSS,2019,CYP,4,0,bul_ev_trad=1,866,509.23529,3.9912648,866,497.89749,3.6197867,866,.89300328,.013189816,866,.91403526,.014769678,2124,551,924,193,866,924,559
TIMSS,2019,CYP,4,0,bul_pv=0,1573,529.9035,2.9891253,1573,514.3634,2.5010805,1573,.93339092,.0092276158,1573,.95084709,.0075659202,2124,551,924,193,866,924,559
TIMSS,2019,CYP,4,0,bul_pv=1,551,503.67584,4.7040157,551,495.06293,4.1591206,551,.88555253,.016847296,551,.90545124,.019704731,2124,551,924,193,866,924,559
TIMSS,2019,CYP,4,1,all,1938,541.85217,3.6690097,1938,513.62848,4.0985603,1938,.92113292,.011771941,1938,.95308477,.0081204996,1938,667,1062,229,1019,1062,506
TIMSS,2019,CYP,4,1,bul_any=1,1062,529.58392,4.043107,1062,501.61777,4.6492553,1062,.89458376,.018185476,1062,.9359498,.011275417,1938,667,1062,229,1019,1062,506
TIMSS,2019,CYP,4,1,bul_c_all=0,1432,544.62036,4.3173723,1432,515.96552,4.5579605,1432,.92889941,.011531919,1432,.95520145,.0098363794,1938,667,1062,229,1019,1062,506
TIMSS,2019,CYP,4,1,bul_c_all=1,506,534.19812,7.0064211,506,507.16656,6.5650849,506,.8996588,.02424087,506,.94723225,.014388252,1938,667,1062,229,1019,1062,506
TIMSS,2019,CYP,4,1,bul_ev_all=0,876,556.31818,3.843689,876,527.79089,4.0461884,876,.95243835,.0095113236,876,.97328955,.0071425457,1938,667,1062,229,1019,1062,506
TIMSS,2019,CYP,4,1,bul_ev_all=1,1062,529.58392,4.043107,1062,501.61777,4.6492553,1062,.89458376,.018185476,1062,.9359498,.011275417,1938,667,1062,229,1019,1062,506
TIMSS,2019,CYP,4,1,bul_ev_o=0,1709,546.94403,3.4816957,1709,518.63898,3.9717398,1709,.93628675,.0096254135,1709,.96341515,.0074042613,1938,667,1062,229,1019,1062,506
TIMSS,2019,CYP,4,1,bul_ev_o=1,229,502.29657,6.8415589,229,474.70471,7.7812223,229,.80341244,.038681388,229,.87283486,.029961778,1938,667,1062,229,1019,1062,506
TIMSS,2019,CYP,4,1,bul_ev_trad=0,919,555.04877,3.8951473,919,526.55505,4.0982437,919,.94778699,.0098165758,919,.96798319,.0077519557,1938,667,1062,229,1019,1062,506
TIMSS,2019,CYP,4,1,bul_ev_trad=1,1019,529.61572,4.0523157,1019,501.64236,4.735158,1019,.89641815,.018826215,1019,.93927032,.011152278,1938,667,1062,229,1019,1062,506
TIMSS,2019,CYP,4,1,bul_pv=0,1271,549.43542,3.7999089,1271,520.72211,4.0634599,1271,.93733627,.0094006667,1271,.96425503,.0070640845,1938,667,1062,229,1019,1062,506
TIMSS,2019,CYP,4,1,bul_pv=1,667,527.03802,4.6419282,667,499.7709,5.2188921,667,.8894794,.02425568,667,.93126339,.013253438,1938,667,1062,229,1019,1062,506
TIMSS,2019,CYP,8,0,all,1739,503.10019,2.0759106,1739,491.00122,2.5111649,1739,.61071068,.016427036,1739,.65316504,.013676276,1739,241,693,140,667,699,583
TIMSS,2019,CYP,8,0,bul_any=1,699,491.44525,3.6030765,699,480.65302,3.4892688,699,.54991221,.029174523,699,.59006423,.026941886,1739,241,693,140,667,699,583
TIMSS,2019,CYP,8,0,bul_c_all=0,1156,510.09961,2.7196074,1156,496.74307,3.1225853,1156,.63088781,.018229427,1156,.6805774,.017990042,1739,241,693,140,667,699,583
TIMSS,2019,CYP,8,0,bul_c_all=1,583,491.44751,3.1142807,583,481.44217,4.1641169,583,.57711971,.027891114,583,.60752869,.019251814,1739,241,693,140,667,699,583
TIMSS,2019,CYP,8,0,bul_ev_all=0,1046,510.33853,2.7189546,1046,497.51801,3.5211406,1046,.64891106,.017828044,1046,.69270563,.016377518,1739,241,693,140,667,699,583
TIMSS,2019,CYP,8,0,bul_ev_all=1,693,491.50137,3.5980089,693,480.55862,3.4681778,693,.54949778,.029517563,693,.58980453,.026848139,1739,241,693,140,667,699,583
TIMSS,2019,CYP,8,0,bul_ev_o=0,1599,504.34787,2.0544345,1599,492.28302,2.6669548,1599,.61606658,.016220313,1599,.65876347,.012978688,1739,241,693,140,667,699,583
TIMSS,2019,CYP,8,0,bul_ev_o=1,140,487.2984,7.3622026,140,474.76691,6.0807176,140,.54287803,.049135651,140,.58226037,.054180589,1739,241,693,140,667,699,583
TIMSS,2019,CYP,8,0,bul_ev_trad=0,1072,510.34082,2.7095408,1072,497.21304,3.5299299,1072,.64832902,.017586302,1072,.69186187,.016324079,1739,241,693,140,667,699,583
TIMSS,2019,CYP,8,0,bul_ev_trad=1,667,490.80252,3.7618217,667,480.4509,3.717396,667,.54681867,.030351501,667,.58744138,.026851509,1739,241,693,140,667,699,583
TIMSS,2019,CYP,8,0,bul_pv=0,1498,507.0957,2.1543827,1498,494.80521,2.7100327,1498,.63008702,.016480537,1498,.67403966,.013141608,1739,241,693,140,667,699,583
TIMSS,2019,CYP,8,0,bul_pv=1,241,477.47733,5.5230126,241,466.60657,5.0323257,241,.48645231,.040415049,241,.5192982,.040607698,1739,241,693,140,667,699,583
TIMSS,2019,CYP,8,1,all,1782,499.11572,2.405566,1782,476.29721,2.7049942,1782,.53141326,.015873453,1782,.61542743,.015634315,1782,498,826,193,798,838,626
TIMSS,2019,CYP,8,1,bul_any=1,838,488.28998,3.2687449,838,461.82932,3.5719409,838,.46679628,.022668887,838,.56548816,.024354892,1782,498,826,193,798,838,626
TIMSS,2019,CYP,8,1,bul_c_all=0,1156,508.53091,3.0353446,1156,485.31879,3.3828602,1156,.56997502,.01732403,1156,.65105981,.019966336,1782,498,826,193,798,838,626
TIMSS,2019,CYP,8,1,bul_c_all=1,626,484.6778,3.7384441,626,462.46289,4.5075836,626,.47227985,.027115941,626,.56078601,.02744076,1782,498,826,193,798,838,626
TIMSS,2019,CYP,8,1,bul_ev_all=0,956,508.24146,3.3527987,956,488.38602,3.9298055,956,.58506507,.021590469,956,.65643901,.022064414,1782,498,826,193,798,838,626
TIMSS,2019,CYP,8,1,bul_ev_all=1,826,488.07095,3.125088,826,461.66629,3.4532976,826,.46647909,.022678068,826,.56579149,.023726048,1782,498,826,193,798,838,626
TIMSS,2019,CYP,8,1,bul_ev_o=0,1589,502.7782,2.508445,1589,480.41519,2.8463008,1589,.54910159,.016909055,1589,.63026792,.016116692,1782,498,826,193,798,838,626
TIMSS,2019,CYP,8,1,bul_ev_o=1,193,467.51263,8.5460701,193,440.76355,8.6679325,193,.37878186,.047719132,193,.48736972,.05241875,1782,498,826,193,798,838,626
TIMSS,2019,CYP,8,1,bul_ev_trad=0,984,507.71921,3.2563634,984,487.61041,3.8426969,984,.58198553,.020420691,984,.65416205,.021848388,1782,498,826,193,798,838,626
TIMSS,2019,CYP,8,1,bul_ev_trad=1,798,488.05399,3.1677613,798,461.75153,3.4197247,798,.46639103,.022671606,798,.56562513,.023665458,1782,498,826,193,798,838,626
TIMSS,2019,CYP,8,1,bul_pv=0,1284,503.69589,2.8804932,1284,482.80322,3.0840333,1284,.55949676,.01878169,1284,.63468421,.018001407,1782,498,826,193,798,838,626
TIMSS,2019,CYP,8,1,bul_pv=1,498,486.73248,4.9658461,498,458.70709,5.2610207,498,.45548463,.03255219,498,.56336325,.038509578,1782,498,826,193,798,838,626
TIMSS,2019,CZE,4,0,all,2295,527.39697,2.8524468,2295,529.3717,3.1022701,2295,.96263498,.008274775,2295,.95381546,.0084458245,2295,505,1014,195,992,1014,373
TIMSS,2019,CZE,4,0,bul_any=1,1014,513.87695,3.7192686,1014,518.84052,3.5221381,1014,.95218343,.012217347,1014,.94248343,.011581466,2295,505,1014,195,992,1014,373
TIMSS,2019,CZE,4,0,bul_c_all=0,1922,528.91681,3.216131,1922,530.61481,3.332689,1922,.96148932,.0091477996,1922,.95386225,.0085846195,2295,505,1014,195,992,1014,373
TIMSS,2019,CZE,4,0,bul_c_all=1,373,516.72821,5.9035249,373,520.64514,5.6267686,373,.97067732,.010348507,373,.95348716,.019025631,2295,505,1014,195,992,1014,373
TIMSS,2019,CZE,4,0,bul_ev_all=0,1281,538.42554,3.3574979,1281,537.96216,3.6604671,1281,.97116047,.0084295776,1281,.96305925,.010234659,2295,505,1014,195,992,1014,373
TIMSS,2019,CZE,4,0,bul_ev_all=1,1014,513.87695,3.7192686,1014,518.84052,3.5221381,1014,.95218343,.012217347,1014,.94248343,.011581466,2295,505,1014,195,992,1014,373
TIMSS,2019,CZE,4,0,bul_ev_o=0,2100,531.63196,2.7755852,2100,533.01086,2.9699559,2100,.96891344,.007088555,2100,.96179366,.0073604104,2295,505,1014,195,992,1014,373
TIMSS,2019,CZE,4,0,bul_ev_o=1,195,482.58511,7.1849818,195,490.86423,7.7513866,195,.89620012,.033249009,195,.86939538,.035838347,2295,505,1014,195,992,1014,373
TIMSS,2019,CZE,4,0,bul_ev_trad=0,1303,538.08112,3.359426,1303,537.58191,3.6628165,1303,.97129399,.0081944093,1303,.96251827,.0097780526,2295,505,1014,195,992,1014,373
TIMSS,2019,CZE,4,0,bul_ev_trad=1,992,513.81213,3.6978815,992,518.93237,3.5795557,992,.95162499,.012690513,992,.94274992,.011599399,2295,505,1014,195,992,1014,373
TIMSS,2019,CZE,4,0,bul_pv=0,1790,532.4892,3.0669501,1790,533.66046,3.3948598,1790,.96645045,.0079684872,1790,.95768279,.0080598639,2295,505,1014,195,992,1014,373
TIMSS,2019,CZE,4,0,bul_pv=1,505,509.77502,4.3756995,505,514.52997,3.9286659,505,.94943118,.017038384,505,.94043237,.016144227,2295,505,1014,195,992,1014,373
TIMSS,2019,CZE,4,1,all,2397,538.26147,3.0310256,2397,537.83997,3.0331521,2397,.9685995,.005868678,2397,.96039253,.0066095069,2397,689,1201,218,1176,1201,375
TIMSS,2019,CZE,4,1,bul_any=1,1201,528.08221,4.2708139,1201,527.59589,4.0645671,1201,.95491707,.010989772,1201,.94350523,.01064384,2397,689,1201,218,1176,1201,375
TIMSS,2019,CZE,4,1,bul_c_all=0,2022,539.48944,3.3096514,2022,538.73199,3.1879396,2022,.96969646,.0062497961,2022,.96190691,.0069465968,2397,689,1201,218,1176,1201,375
TIMSS,2019,CZE,4,1,bul_c_all=1,375,529.43604,7.9490952,375,531.4292,7.4609146,375,.96071583,.014814591,375,.94950891,.01814447,2397,689,1201,218,1176,1201,375
TIMSS,2019,CZE,4,1,bul_ev_all=0,1196,548.03442,3.3503668,1196,547.67517,3.3845377,1196,.98173583,.0055867727,1196,.97660577,.009267888,2397,689,1201,218,1176,1201,375
TIMSS,2019,CZE,4,1,bul_ev_all=1,1201,528.08221,4.2708139,1201,527.59589,4.0645671,1201,.95491707,.010989772,1201,.94350523,.01064384,2397,689,1201,218,1176,1201,375
TIMSS,2019,CZE,4,1,bul_ev_o=0,2179,543.53198,2.8255892,2179,542.6684,2.877135,2179,.97735339,.0048868516,2179,.97300899,.0059439945,2397,689,1201,218,1176,1201,375
TIMSS,2019,CZE,4,1,bul_ev_o=1,218,484.17981,7.9272718,218,488.29489,7.3522239,218,.87877476,.03315321,218,.83093309,.045806136,2397,689,1201,218,1176,1201,375
TIMSS,2019,CZE,4,1,bul_ev_trad=0,1221,546.85956,3.3649859,1221,546.56952,3.4401879,1221,.97900271,.0058390182,1221,.97257227,.0095981602,2397,689,1201,218,1176,1201,375
TIMSS,2019,CZE,4,1,bul_ev_trad=1,1176,528.9408,4.3491578,1176,528.37677,4.0634637,1176,.957322,.0099877007,1176,.94718915,.0102838,2397,689,1201,218,1176,1201,375
TIMSS,2019,CZE,4,1,bul_pv=0,1708,545.19366,2.9492707,1708,544.4942,2.789963,1708,.97884977,.0049618175,1708,.97441381,.0073681348,2397,689,1201,218,1176,1201,375
TIMSS,2019,CZE,4,1,bul_pv=1,689,520.53662,5.734004,689,520.82574,5.8041277,689,.94239074,.016143663,689,.92454159,.016017847,2397,689,1201,218,1176,1201,375
TIMSS,2019,DEU,4,0,all,1703,515.79163,2.9801395,1703,516.18054,2.8938265,1703,.93104559,.0088633774,1703,.95584816,.0058177062,1703,357,718,85,698,718,770
TIMSS,2019,DEU,4,0,bul_any=1,718,502.92868,3.8027978,718,506.10553,3.5183771,718,.89958346,.0151145,718,.93394947,.011507645,1703,357,718,85,698,718,770
TIMSS,2019,DEU,4,0,bul_c_all=0,933,527.2157,3.4974051,933,528.44147,3.5034969,933,.95238471,.010031876,933,.97349679,.0074669211,1703,357,718,85,698,718,770
TIMSS,2019,DEU,4,0,bul_c_all=1,770,500.36502,4.3265233,770,499.62399,4.4715085,770,.9022302,.012885881,770,.93201625,.013707013,1703,357,718,85,698,718,770
TIMSS,2019,DEU,4,0,bul_ev_all=0,985,525.18024,3.4146879,985,523.5343,3.7876263,985,.95400977,.0093903672,985,.97183198,.0070955087,1703,357,718,85,698,718,770
TIMSS,2019,DEU,4,0,bul_ev_all=1,718,502.92868,3.8027978,718,506.10553,3.5183771,718,.89958346,.0151145,718,.93394947,.011507645,1703,357,718,85,698,718,770
TIMSS,2019,DEU,4,0,bul_ev_o=0,1618,518.60132,2.9132452,1618,519.05493,2.9391892,1618,.93841481,.0089033172,1618,.96093023,.0058977534,1703,357,718,85,698,718,770
TIMSS,2019,DEU,4,0,bul_ev_o=1,85,463.02911,8.8858452,85,462.20416,11.642801,85,.79266274,.05606623,85,.86041516,.037893675,1703,357,718,85,698,718,770
TIMSS,2019,DEU,4,0,bul_ev_trad=0,1005,523.67572,3.4799178,1005,521.88715,3.7561638,1005,.94884068,.0091194073,1005,.96819556,.0071661342,1703,357,718,85,698,718,770
TIMSS,2019,DEU,4,0,bul_ev_trad=1,698,504.44714,3.9032021,698,507.96936,3.6380255,698,.90544027,.016488686,698,.93808156,.011382631,1703,357,718,85,698,718,770
TIMSS,2019,DEU,4,0,bul_pv=0,1346,520.31384,3.1025465,1346,519.83862,3.1940258,1346,.94291252,.0088959392,1346,.96304619,.0056236982,1703,357,718,85,698,718,770
TIMSS,2019,DEU,4,0,bul_pv=1,357,498.53845,4.8929706,357,502.2244,5.1589112,357,.88577127,.023232264,357,.92838657,.015349369,1703,357,718,85,698,718,770
TIMSS,2019,DEU,4,1,all,1734,526.10028,2.4343638,1734,520.48248,2.4627388,1734,.92575943,.0080358852,1734,.95540297,.0084868735,1734,529,862,131,853,862,774
TIMSS,2019,DEU,4,1,bul_any=1,862,514.78918,3.1596675,862,509.19211,3.5405183,862,.90274572,.012865996,862,.93979108,.011427451,1734,529,862,131,853,862,774
TIMSS,2019,DEU,4,1,bul_c_all=0,960,538.17444,3.3919287,960,533.61823,3.1393194,960,.95439672,.0079555511,960,.97925568,.0078189857,1734,529,862,131,853,862,774
TIMSS,2019,DEU,4,1,bul_c_all=1,774,509.59482,4.9455266,774,502.52579,5.3673997,774,.886612,.01820996,774,.92279613,.017151106,1734,529,862,131,853,862,774
TIMSS,2019,DEU,4,1,bul_ev_all=0,872,537.30096,3.217828,872,531.6626,3.0983129,872,.94854844,.010223526,872,.97086251,.0086658094,1734,529,862,131,853,862,774
TIMSS,2019,DEU,4,1,bul_ev_all=1,862,514.78918,3.1596675,862,509.19211,3.5405183,862,.90274572,.012865996,862,.93979108,.011427451,1734,529,862,131,853,862,774
TIMSS,2019,DEU,4,1,bul_ev_o=0,1603,530.23474,2.3939703,1603,525.57825,2.436388,1603,.93899757,.0080455113,1603,.96355033,.0080543272,1734,529,862,131,853,862,774
TIMSS,2019,DEU,4,1,bul_ev_o=1,131,475.10992,6.8491211,131,457.63681,8.4935026,131,.76249444,.039175153,131,.85492247,.038985252,1734,529,862,131,853,862,774
TIMSS,2019,DEU,4,1,bul_ev_trad=0,881,536.61456,3.2594223,881,530.75586,3.162442,881,.9466033,.010681644,881,.9699837,.0085547101,1734,529,862,131,853,862,774
TIMSS,2019,DEU,4,1,bul_ev_trad=1,853,515.25208,3.1652513,853,509.88281,3.5258405,853,.90425354,.01289566,853,.94035918,.011781647,1734,529,862,131,853,862,774
TIMSS,2019,DEU,4,1,bul_pv=0,1205,533.31354,2.9056742,1205,527.36462,2.771312,1205,.94280547,.0081772394,1205,.96738029,.0087751448,1734,529,862,131,853,862,774
TIMSS,2019,DEU,4,1,bul_pv=1,529,509.66107,3.6094358,529,504.79776,4.5651188,529,.88691097,.016947497,529,.92810649,.014046736,1734,529,862,131,853,862,774
TIMSS,2019,DNK,4,0,all,1612,521.10815,2.1756332,1612,522.81097,2.6821573,1612,.96224529,.0062013189,1612,.95553005,.0089505659,1612,431,723,150,687,723,514
TIMSS,2019,DNK,4,0,bul_any=1,723,508.86163,3.0495303,723,512.06482,3.2419586,723,.94651216,.011146542,723,.93794399,.012994946,1612,431,723,150,687,723,514
TIMSS,2019,DNK,4,0,bul_c_all=0,1098,525.62372,2.8678303,1098,525.9881,3.2864323,1098,.96761888,.0076057408,1098,.9598909,.0097663132,1612,431,723,150,687,723,514
TIMSS,2019,DNK,4,0,bul_c_all=1,514,511.51056,4.3277087,514,516.05817,3.7683978,514,.95082402,.012076171,514,.94626123,.012634118,1612,431,723,150,687,723,514
TIMSS,2019,DNK,4,0,bul_ev_all=0,889,530.79822,3.0635099,889,531.3139,3.377697,889,.97469413,.0061324588,889,.96944499,.0091455495,1612,431,723,150,687,723,514
TIMSS,2019,DNK,4,0,bul_ev_all=1,723,508.86163,3.0495303,723,512.06482,3.2419586,723,.94651216,.011146542,723,.93794399,.012994946,1612,431,723,150,687,723,514
TIMSS,2019,DNK,4,0,bul_ev_o=0,1462,524.16553,2.3595898,1462,525.31,2.718472,1462,.96582061,.0051347222,1462,.95824432,.0087162219,1612,431,723,150,687,723,514
TIMSS,2019,DNK,4,0,bul_ev_o=1,150,490.19006,6.0409446,150,497.53986,6.9980378,150,.92608953,.037773594,150,.92808175,.025638761,1612,431,723,150,687,723,514
TIMSS,2019,DNK,4,0,bul_ev_trad=0,925,529.78717,3.0730348,925,530.32916,3.3300674,925,.97302252,.0069361143,925,.96575809,.0096293539,1612,431,723,150,687,723,514
TIMSS,2019,DNK,4,0,bul_ev_trad=1,687,509.03778,3.1760116,687,512.35504,3.353966,687,.94725686,.011669829,687,.94130534,.012214632,1612,431,723,150,687,723,514
TIMSS,2019,DNK,4,0,bul_pv=0,1181,527.06146,2.6204617,1181,526.80389,2.8967712,1181,.96522659,.0068962849,1181,.96404326,.0079156952,1612,431,723,150,687,723,514
TIMSS,2019,DNK,4,0,bul_pv=1,431,504.51917,4.2522449,431,511.68466,4.049449,431,.95393783,.011817442,431,.93180782,.018323239,1612,431,723,150,687,723,514
TIMSS,2019,DNK,4,1,all,1615,527.95972,2.5667903,1615,521.51715,2.8370583,1615,.948677,.0064220708,1615,.94970566,.0063396548,1615,540,793,98,768,793,540
TIMSS,2019,DNK,4,1,bul_any=1,793,521.36731,3.3347993,793,514.32141,4.142168,793,.94553638,.011465693,793,.94635439,.0098060416,1615,540,793,98,768,793,540
TIMSS,2019,DNK,4,1,bul_c_all=0,1075,529.2948,3.380444,1075,522.37518,3.656163,1075,.95707393,.0080043124,1075,.95330763,.0070471722,1615,540,793,98,768,793,540
TIMSS,2019,DNK,4,1,bul_c_all=1,540,525.38995,4.7408762,540,519.86566,4.5229702,540,.93251449,.012961107,540,.94277257,.012980549,1615,540,793,98,768,793,540
TIMSS,2019,DNK,4,1,bul_ev_all=0,822,534.2196,3.3350909,822,528.34991,3.4346776,822,.9516592,.0076165311,822,.95288789,.0087708449,1615,540,793,98,768,793,540
TIMSS,2019,DNK,4,1,bul_ev_all=1,793,521.36731,3.3347993,793,514.32141,4.142168,793,.94553638,.011465693,793,.94635439,.0098060416,1615,540,793,98,768,793,540
TIMSS,2019,DNK,4,1,bul_ev_o=0,1517,529.87164,2.4824097,1517,523.10303,2.7818968,1517,.95073557,.0060058124,1517,.95235789,.0060557253,1615,540,793,98,768,793,540
TIMSS,2019,DNK,4,1,bul_ev_o=1,98,496.39285,8.5908995,98,495.33347,7.9332952,98,.91468883,.036890648,98,.9059155,.039044335,1615,540,793,98,768,793,540
TIMSS,2019,DNK,4,1,bul_ev_trad=0,847,534.00873,3.2132542,847,528.211,3.4621441,847,.95273566,.0076060607,847,.95335346,.0089683961,1615,540,793,98,768,793,540
TIMSS,2019,DNK,4,1,bul_ev_trad=1,768,521.15796,3.5150068,768,513.9903,4.1744399,768,.94411325,.011579294,768,.94560391,.010444367,1615,540,793,98,768,793,540
TIMSS,2019,DNK,4,1,bul_pv=0,1075,531.64203,2.6635923,1075,525.20416,2.8649688,1075,.94929755,.0066146683,1075,.95450032,.0082117692,1615,540,793,98,768,793,540
TIMSS,2019,DNK,4,1,bul_pv=1,540,520.60669,4.3765512,540,514.15485,4.9093523,540,.94743782,.014116202,540,.94013149,.013370899,1615,540,793,98,768,793,540
TIMSS,2019,EGY,8,0,all,3854,419.89639,5.1760559,3854,401.50851,6.0916839,3854,.26542708,.017180553,3854,.28573638,.019023819,3854,1075,1982,572,1922,2010,2008
TIMSS,2019,EGY,8,0,bul_any=1,2010,404.27451,5.7148042,2010,384.13608,6.8165045,2010,.21055835,.018676136,2010,.22189392,.02051069,3854,1075,1982,572,1922,2010,2008
TIMSS,2019,EGY,8,0,bul_c_all=0,1846,420.69467,8.0079317,1846,402.81424,8.8320904,1846,.26848394,.029343706,1846,.2880815,.031426612,3854,1075,1982,572,1922,2010,2008
TIMSS,2019,EGY,8,0,bul_c_all=1,2008,419.13367,7.2736259,2008,400.26099,8.7290869,2008,.26250646,.026479099,2008,.28349572,.028152982,3854,1075,1982,572,1922,2010,2008
TIMSS,2019,EGY,8,0,bul_ev_all=0,1872,436.41187,5.565269,1872,419.88824,6.417788,1872,.32329252,.019979732,1872,.35178164,.02191088,3854,1075,1982,572,1922,2010,2008
TIMSS,2019,EGY,8,0,bul_ev_all=1,1982,404.19913,5.7485132,1982,384.03934,6.8526974,1982,.21042846,.018881116,1982,.22296315,.020691745,3854,1075,1982,572,1922,2010,2008
TIMSS,2019,EGY,8,0,bul_ev_o=0,3282,428.40021,4.9779768,3282,412.74304,5.8072901,3282,.29413465,.017436907,3282,.31377271,.019169588,3854,1075,1982,572,1922,2010,2008
TIMSS,2019,EGY,8,0,bul_ev_o=1,572,371.77844,7.1836967,572,337.93924,8.0395279,572,.10298853,.019405294,572,.1270958,.023225093,3854,1075,1982,572,1922,2010,2008
TIMSS,2019,EGY,8,0,bul_ev_trad=0,1932,436.58099,5.57267,1932,419.60165,6.4278698,1932,.32127517,.019551201,1932,.35167634,.021839289,3854,1075,1982,572,1922,2010,2008
TIMSS,2019,EGY,8,0,bul_ev_trad=1,1922,403.04926,5.6770515,1922,383.23914,6.7955761,1922,.20903504,.019280475,1922,.21915413,.020470517,3854,1075,1982,572,1922,2010,2008
TIMSS,2019,EGY,8,0,bul_pv=0,2779,430.10376,5.2594533,2779,414.28192,6.1821003,2779,.30553427,.018675443,2779,.32430258,.020007821,3854,1075,1982,572,1922,2010,2008
TIMSS,2019,EGY,8,0,bul_pv=1,1075,394.17038,6.3720517,1075,369.31528,7.1353817,1075,.16434354,.018425228,1075,.18853661,.021986913,3854,1075,1982,572,1922,2010,2008
TIMSS,2019,EGY,8,1,all,3356,404.32678,7.6842399,3356,374.48087,8.3888988,3356,.2068955,.024124505,3356,.24721651,.028501365,3356,1540,2210,1007,2156,2244,1420
TIMSS,2019,EGY,8,1,bul_any=1,2244,393.13733,7.6316252,2244,361.59921,8.5007105,2244,.17426158,.022857141,2244,.20812613,.026907597,3356,1540,2210,1007,2156,2244,1420
TIMSS,2019,EGY,8,1,bul_c_all=0,1936,408.67352,10.005966,1936,381.57825,11.038643,1936,.22688541,.035298247,1936,.25863758,.038735516,3356,1540,2210,1007,2156,2244,1420
TIMSS,2019,EGY,8,1,bul_c_all=1,1420,397.90973,10.776442,1420,364.00305,11.673635,1420,.17738448,.027571358,1420,.23035564,.03577064,3356,1540,2210,1007,2156,2244,1420
TIMSS,2019,EGY,8,1,bul_ev_all=0,1146,426.65005,8.7894859,1146,399.51016,9.5980167,1146,.26868284,.031447258,1146,.32559451,.035258062,3356,1540,2210,1007,2156,2244,1420
TIMSS,2019,EGY,8,1,bul_ev_all=1,2210,392.77921,7.6768079,2210,361.53351,8.5763769,2210,.1749336,.023100542,2210,.20667244,.027075186,3356,1540,2210,1007,2156,2244,1420
TIMSS,2019,EGY,8,1,bul_ev_o=0,2349,417.64478,7.7527132,2349,393.05994,8.2774229,2349,.24600868,.02575393,2349,.28870645,.031584393,3356,1540,2210,1007,2156,2244,1420
TIMSS,2019,EGY,8,1,bul_ev_o=1,1007,372.66684,8.454958,1007,330.31412,9.6423798,1007,.11391431,.024905957,1007,.14858525,.026917337,3356,1540,2210,1007,2156,2244,1420
TIMSS,2019,EGY,8,1,bul_ev_trad=0,1200,425.24591,8.7316475,1200,397.33701,9.5513935,1200,.26516071,.031109421,1200,.32211596,.035028569,3356,1540,2210,1007,2156,2244,1420
TIMSS,2019,EGY,8,1,bul_ev_trad=1,2156,392.6926,7.7188568,2156,361.76938,8.6506023,2156,.1744912,.023254562,2156,.20556104,.027156228,3356,1540,2210,1007,2156,2244,1420
TIMSS,2019,EGY,8,1,bul_pv=0,1816,421.39746,8.2572794,1816,395.48657,8.9855537,1816,.25926632,.028954649,1816,.30299312,.033681042,3356,1540,2210,1007,2156,2244,1420
TIMSS,2019,EGY,8,1,bul_pv=1,1540,383.94946,7.6319418,1540,349.40628,8.4083271,1540,.14438023,.023060028,1540,.18063575,.026032176,3356,1540,2210,1007,2156,2244,1420
TIMSS,2019,ENG,4,0,all,1701,552.16046,4.0854473,1701,536.81329,3.6085391,1701,.96924764,.0060177417,1701,.96243393,.0066064494,1701,368,741,154,711,741,715
TIMSS,2019,ENG,4,0,bul_any=1,741,533.80396,4.3600364,741,525.92725,4.0387135,741,.95919317,.009427865,741,.94292438,.010165541,1701,368,741,154,711,741,715
TIMSS,2019,ENG,4,0,bul_c_all=0,986,555.815,6.3339257,986,538.03436,5.3780255,986,.96539181,.0084240185,986,.96306187,.010729565,1701,368,741,154,711,741,715
TIMSS,2019,ENG,4,0,bul_c_all=1,715,548.38037,6.033803,715,535.55023,5.0814362,715,.97323591,.0096004354,715,.96178442,.009742015,1701,368,741,154,711,741,715
TIMSS,2019,ENG,4,0,bul_ev_all=0,960,566.24097,5.1355743,960,545.16351,4.3478765,960,.97696,.0053662066,960,.97739887,.007270541,1701,368,741,154,711,741,715
TIMSS,2019,ENG,4,0,bul_ev_all=1,741,533.80396,4.3600364,741,525.92725,4.0387135,741,.95919317,.009427865,741,.94292438,.010165541,1701,368,741,154,711,741,715
TIMSS,2019,ENG,4,0,bul_ev_o=0,1547,555.44495,4.2567768,1547,539.41064,3.7562866,1547,.97336006,.005433728,1547,.96630466,.0077817054,1701,368,741,154,711,741,715
TIMSS,2019,ENG,4,0,bul_ev_o=1,154,517.94171,8.7449512,154,509.75345,7.1263928,154,.92640382,.026131004,154,.9221077,.021688068,1701,368,741,154,711,741,715
TIMSS,2019,ENG,4,0,bul_ev_trad=0,990,565.44122,5.0949445,990,544.56458,4.3227925,990,.97598481,.0053840866,990,.97553259,.0074984943,1701,368,741,154,711,741,715
TIMSS,2019,ENG,4,0,bul_ev_trad=1,711,533.83295,4.4316797,711,526.11652,4.0603929,711,.95995033,.0096804351,711,.94435775,.01033452,1701,368,741,154,711,741,715
TIMSS,2019,ENG,4,0,bul_pv=0,1333,559.49591,4.5227251,1333,542.33978,3.8788147,1333,.97850865,.0050233016,1333,.97323143,.0067485333,1701,368,741,154,711,741,715
TIMSS,2019,ENG,4,0,bul_pv=1,368,524.23639,5.1838651,368,515.77533,4.7415404,368,.93399346,.017596409,368,.92133063,.016502287,1701,368,741,154,711,741,715
TIMSS,2019,ENG,4,1,all,1695,559.50488,3.0902097,1695,537.23761,2.6253912,1695,.95763445,.008850609,1695,.960087,.0065696123,1695,544,837,157,809,837,715
TIMSS,2019,ENG,4,1,bul_any=1,837,553.24817,4.3648028,837,533.17072,3.9437022,837,.95196563,.012112541,837,.95501077,.0087863393,1695,544,837,157,809,837,715
TIMSS,2019,ENG,4,1,bul_c_all=0,980,561.17731,5.9648662,980,537.40234,5.36694,980,.95305032,.013380948,980,.95896477,.010214286,1695,544,837,157,809,837,715
TIMSS,2019,ENG,4,1,bul_c_all=1,715,557.84021,5.6438875,715,537.07361,4.6442976,715,.96219724,.010097853,715,.96120405,.010302031,1695,544,837,157,809,837,715
TIMSS,2019,ENG,4,1,bul_ev_all=0,858,565.41492,4.6437182,858,541.0791,3.6723266,858,.96298921,.0093852235,858,.96488196,.0083034998,1695,544,837,157,809,837,715
TIMSS,2019,ENG,4,1,bul_ev_all=1,837,553.24817,4.3648028,837,533.17072,3.9437022,837,.95196563,.012112541,837,.95501077,.0087863393,1695,544,837,157,809,837,715
TIMSS,2019,ENG,4,1,bul_ev_o=0,1538,562.78192,3.1921263,1538,539.85321,2.6568594,1538,.96311295,.0080952002,1538,.96542186,.0058904542,1695,544,837,157,809,837,715
TIMSS,2019,ENG,4,1,bul_ev_o=1,157,528.97375,9.2034092,157,512.86908,7.0685072,157,.90659404,.031353865,157,.91038442,.031686123,1695,544,837,157,809,837,715
TIMSS,2019,ENG,4,1,bul_ev_trad=0,886,565.16797,4.4151068,886,540.97034,3.4527121,886,.963305,.0088977795,886,.96513563,.0079828938,1695,544,837,157,809,837,715
TIMSS,2019,ENG,4,1,bul_ev_trad=1,809,553.10699,4.4892802,809,533.02057,4.0811782,809,.9512282,.011891076,809,.95438331,.0090512745,1695,544,837,157,809,837,715
TIMSS,2019,ENG,4,1,bul_pv=0,1151,563.82642,3.5709774,1151,540.61658,2.9536624,1151,.96409315,.0079769846,1151,.96529257,.0066125607,1695,544,837,157,809,837,715
TIMSS,2019,ENG,4,1,bul_pv=1,544,550.46429,5.5991697,544,530.16876,4.8601484,544,.94412309,.015403867,544,.94919699,.011836154,1695,544,837,157,809,837,715
TIMSS,2019,ENG,8,0,all,1796,514.16083,5.4918299,1796,518.27258,5.4844642,1796,.71188408,.026234653,1796,.69313294,.024514399,1796,319,792,294,753,797,760
TIMSS,2019,ENG,8,0,bul_any=1,797,504.8429,6.683496,797,509.2998,6.6630402,797,.65591723,.032307908,797,.63929939,.031072689,1796,319,792,294,753,797,760
TIMSS,2019,ENG,8,0,bul_c_all=0,1036,523.89746,7.4715571,1036,528.85736,7.5223088,1036,.74607307,.033513103,1036,.72932905,.03045712,1796,319,792,294,753,797,760
TIMSS,2019,ENG,8,0,bul_c_all=1,760,501.36853,8.4635429,760,504.36594,8.6891899,760,.6669656,.040030912,760,.64557731,.040343996,1796,319,792,294,753,797,760
TIMSS,2019,ENG,8,0,bul_ev_all=0,1004,521.64618,5.2283988,1004,525.42798,5.3466091,1004,.75562453,.026291611,1004,.73688722,.025995843,1796,319,792,294,753,797,760
TIMSS,2019,ENG,8,0,bul_ev_all=1,792,504.87323,6.7307973,792,509.39435,6.7106104,792,.65761232,.03253581,792,.63884395,.031444605,1796,319,792,294,753,797,760
TIMSS,2019,ENG,8,0,bul_ev_o=0,1502,517.08661,5.34027,1502,521.84625,5.4182534,1502,.73061121,.026081583,1502,.71017349,.024901511,1796,319,792,294,753,797,760
TIMSS,2019,ENG,8,0,bul_ev_o=1,294,499.07098,8.7273912,294,499.84125,8.4102612,294,.61529905,.04333641,294,.60524631,.041252628,1796,319,792,294,753,797,760
TIMSS,2019,ENG,8,0,bul_ev_trad=0,1043,521.98456,5.2886534,1043,525.87073,5.3745508,1043,.75710905,.025880769,1043,.73713773,.025236439,1796,319,792,294,753,797,760
TIMSS,2019,ENG,8,0,bul_ev_trad=1,753,503.5947,6.5967474,753,508.01108,6.6440973,753,.6508069,.033178799,753,.63370353,.032418311,1796,319,792,294,753,797,760
TIMSS,2019,ENG,8,0,bul_pv=0,1477,518.31024,5.4283643,1477,522.75781,5.4617376,1477,.73503292,.026176749,1477,.71387756,.024366215,1796,319,792,294,753,797,760
TIMSS,2019,ENG,8,0,bul_pv=1,319,494.77463,7.431303,319,497.3175,7.5941682,319,.60373235,.038901258,319,.59621364,.040341459,1796,319,792,294,753,797,760
TIMSS,2019,ENG,8,1,all,1569,515.79132,7.1168365,1569,514.87653,6.579474,1569,.67194879,.026241669,1569,.67622691,.027575005,1569,398,671,172,646,681,710
TIMSS,2019,ENG,8,1,bul_any=1,681,511.39886,9.7315454,681,511.64105,9.043004,681,.65314329,.037182897,681,.64197224,.039525513,1569,398,671,172,646,681,710
TIMSS,2019,ENG,8,1,bul_c_all=0,859,522.86871,9.8244925,859,522.39807,9.0299997,859,.70886296,.034924675,859,.70775443,.036344178,1569,398,671,172,646,681,710
TIMSS,2019,ENG,8,1,bul_c_all=1,710,507.07104,9.873785,710,505.60904,9.5102901,710,.62646604,.042584751,710,.63738114,.042691667,1569,398,671,172,646,681,710
TIMSS,2019,ENG,8,1,bul_ev_all=0,898,518.79706,6.4678679,898,517.10657,6.2500534,898,.68321681,.0284994,898,.69955224,.027159125,1569,398,671,172,646,681,710
TIMSS,2019,ENG,8,1,bul_ev_all=1,671,511.75995,9.5865955,671,511.88547,8.9469881,671,.65683597,.035789236,671,.64494258,.038238749,1569,398,671,172,646,681,710
TIMSS,2019,ENG,8,1,bul_ev_o=0,1397,520.32166,6.4781299,1397,519.71704,6.0699201,1397,.68901604,.024733661,1397,.69183272,.025747545,1569,398,671,172,646,681,710
TIMSS,2019,ENG,8,1,bul_ev_o=1,172,479.23386,19.051878,172,475.81604,16.195852,172,.53422546,.073705181,172,.55029625,.073121801,1569,398,671,172,646,681,710
TIMSS,2019,ENG,8,1,bul_ev_trad=0,923,518.72296,6.5772767,923,516.61426,6.2683711,923,.68077779,.028545499,923,.69820422,.027257947,1569,398,671,172,646,681,710
TIMSS,2019,ENG,8,1,bul_ev_trad=1,646,511.58694,9.5942392,646,512.38434,9.0640554,646,.65928698,.036095276,646,.64470893,.038267817,1569,398,671,172,646,681,710
TIMSS,2019,ENG,8,1,bul_pv=0,1171,519.7077,6.460269,1171,518.82111,6.07827,1171,.69421363,.024673628,1171,.70034111,.025419056,1569,398,671,172,646,681,710
TIMSS,2019,ENG,8,1,bul_pv=1,398,504.54803,11.187413,398,503.55215,10.395041,398,.60803038,.045232903,398,.60699928,.04813844,1569,398,671,172,646,681,710
TIMSS,2019,ESP,4,0,all,4623,494.74268,2.6133683,4623,510.58337,2.4863617,4623,.94241953,.010850399,4623,.90827543,.010895407,4623,1073,2041,256,1964,2041,659
TIMSS,2019,ESP,4,0,bul_any=1,2041,477.97003,3.5619473,2041,496.83395,3.894284,2041,.91272372,.018869003,2041,.86597097,.015157656,4623,1073,2041,256,1964,2041,659
TIMSS,2019,ESP,4,0,bul_c_all=0,3964,497.67642,2.6556649,3964,512.98718,2.7619796,3964,.94609469,.012561656,3964,.9161123,.010755958,4623,1073,2041,256,1964,2041,659
TIMSS,2019,ESP,4,0,bul_c_all=1,659,479.35953,8.8690157,659,497.97894,7.078692,659,.92314875,.018963143,659,.86718285,.03467552,4623,1073,2041,256,1964,2041,659
TIMSS,2019,ESP,4,0,bul_ev_all=0,2582,509.06857,2.8561101,2582,522.32709,2.1323833,2582,.96778333,.0075370353,2582,.9444086,.01351622,4623,1073,2041,256,1964,2041,659
TIMSS,2019,ESP,4,0,bul_ev_all=1,2041,477.97003,3.5619473,2041,496.83395,3.894284,2041,.91272372,.018869003,2041,.86597097,.015157656,4623,1073,2041,256,1964,2041,659
TIMSS,2019,ESP,4,0,bul_ev_o=0,4367,497.5311,2.4911735,4367,514.1438,2.2606387,4367,.95300645,.0098249009,4367,.91734469,.0099821668,4623,1073,2041,256,1964,2041,659
TIMSS,2019,ESP,4,0,bul_ev_o=1,256,453.39917,7.7772574,256,457.79291,9.6332436,256,.78544784,.06555143,256,.77380639,.044665664,4623,1073,2041,256,1964,2041,659
TIMSS,2019,ESP,4,0,bul_ev_trad=0,2659,508.26239,2.9112895,2659,521.35767,2.2110868,2659,.9666838,.0073745297,2659,.94260859,.013540464,4623,1073,2041,256,1964,2041,659
TIMSS,2019,ESP,4,0,bul_ev_trad=1,1964,478.06494,3.6160073,1964,497.29233,4.0224366,1964,.91248739,.019147933,1964,.86592245,.015360962,4623,1073,2041,256,1964,2041,659
TIMSS,2019,ESP,4,0,bul_pv=0,3550,501.54245,2.9106729,3550,516.71069,2.1688375,3550,.96089643,.0074536982,3550,.93023491,.011218231,4623,1073,2041,256,1964,2041,659
TIMSS,2019,ESP,4,0,bul_pv=1,1073,474.20773,3.9275558,1073,492.07925,5.44064,1073,.88662022,.028734094,1073,.84195906,.02021816,4623,1073,2041,256,1964,2041,659
TIMSS,2019,ESP,4,1,all,4932,509.31671,2.5788348,4932,511.901,2.4557152,4932,.93853611,.0090679191,4932,.91822684,.011948513,4932,1673,2668,415,2583,2668,648
TIMSS,2019,ESP,4,1,bul_any=1,2668,497.04654,3.1086042,2668,501.86633,2.9518416,2668,.92118204,.011900693,2668,.89605749,.016055102,4932,1673,2668,415,2583,2668,648
TIMSS,2019,ESP,4,1,bul_c_all=0,4284,511.87979,2.5789313,4284,514.79999,2.5677848,4284,.9435178,.01028685,4284,.92223412,.012160191,4932,1673,2668,415,2583,2668,648
TIMSS,2019,ESP,4,1,bul_c_all=1,648,493.28778,10.158716,648,493.77136,8.815176,648,.90738142,.033168722,648,.89316636,.036360405,4932,1673,2668,415,2583,2668,648
TIMSS,2019,ESP,4,1,bul_ev_all=0,2264,524.30267,3.5229218,2264,524.15668,3.2186151,2264,.95973116,.010692723,2264,.94530308,.011321897,4932,1673,2668,415,2583,2668,648
TIMSS,2019,ESP,4,1,bul_ev_all=1,2668,497.04654,3.1086042,2668,501.86633,2.9518416,2668,.92118204,.011900693,2668,.89605749,.016055102,4932,1673,2668,415,2583,2668,648
TIMSS,2019,ESP,4,1,bul_ev_o=0,4517,514.7821,2.2726309,4517,518.25812,2.2203634,4517,.95569873,.0085042641,4517,.93147135,.011343107,4932,1673,2668,415,2583,2668,648
TIMSS,2019,ESP,4,1,bul_ev_o=1,415,458.15457,7.7638483,415,452.39093,7.0011415,415,.77787369,.044510074,415,.79424298,.047822267,4932,1673,2668,415,2583,2668,648
TIMSS,2019,ESP,4,1,bul_ev_trad=0,2349,523.33636,3.3567321,2349,522.85205,3.107769,2349,.95853633,.010285057,2349,.94519496,.010657247,4932,1673,2668,415,2583,2668,648
TIMSS,2019,ESP,4,1,bul_ev_trad=1,2583,496.90158,3.2104158,2583,502.20331,3.0082672,2583,.92082483,.012210855,2583,.89434528,.01735168,4932,1673,2668,415,2583,2668,648
TIMSS,2019,ESP,4,1,bul_pv=0,3259,516.20972,2.9629354,3259,518.57861,2.7045708,3259,.95584816,.0089128828,3259,.93425816,.012744275,4932,1673,2668,415,2583,2668,648
TIMSS,2019,ESP,4,1,bul_pv=1,1673,495.19254,4.2470026,1673,498.21829,3.9841571,1673,.90306276,.017758192,1673,.88537788,.018668773,4932,1673,2668,415,2583,2668,648
TIMSS,2019,FIN,4,0,all,2308,530.73126,2.9259942,2308,557.08795,3.4858928,2308,.97618389,.0056811222,2308,.95389241,.006776459,2308,206,607,124,593,607,411
TIMSS,2019,FIN,4,0,bul_any=1,607,510.11517,5.3501101,607,542.56024,5.319665,607,.95323139,.01158069,607,.91393262,.016536903,2308,206,607,124,593,607,411
TIMSS,2019,FIN,4,0,bul_c_all=0,1897,533.04089,2.8796408,1897,559.09937,3.378505,1897,.98043501,.0060627367,1897,.95966512,.0057067075,2308,206,607,124,593,607,411
TIMSS,2019,FIN,4,0,bul_c_all=1,411,519.18658,8.8185997,411,547.03412,9.5991526,411,.95493472,.018975021,411,.92503774,.023570275,2308,206,607,124,593,607,411
TIMSS,2019,FIN,4,0,bul_ev_all=0,1701,538.36377,2.8376713,1701,562.46643,3.5456052,1701,.98468137,.0058820741,1701,.96868628,.0059110336,2308,206,607,124,593,607,411
TIMSS,2019,FIN,4,0,bul_ev_all=1,607,510.11517,5.3501101,607,542.56024,5.319665,607,.95323139,.01158069,607,.91393262,.016536903,2308,206,607,124,593,607,411
TIMSS,2019,FIN,4,0,bul_ev_o=0,2184,533.29614,2.8815989,2184,559.00238,3.4952834,2184,.97924137,.0057079066,2184,.95968992,.0065204264,2308,206,607,124,593,607,411
TIMSS,2019,FIN,4,0,bul_ev_o=1,124,485.35837,7.3832169,124,523.22137,9.2925444,124,.92209673,.024604894,124,.85133332,.040788013,2308,206,607,124,593,607,411
TIMSS,2019,FIN,4,0,bul_ev_trad=0,1715,538.07831,2.8302448,1715,562.19763,3.5334601,1715,.98479855,.0058473824,1715,.96785247,.005707589,2308,206,607,124,593,607,411
TIMSS,2019,FIN,4,0,bul_ev_trad=1,593,510.30798,5.4282184,593,542.88422,5.4070697,593,.95223695,.011834106,593,.91508621,.016007192,2308,206,607,124,593,607,411
TIMSS,2019,FIN,4,0,bul_pv=0,2102,534.03912,2.8366613,2102,559.86652,3.4507272,2102,.98232251,.0054521151,2102,.96247721,.0060748956,2308,206,607,124,593,607,411
TIMSS,2019,FIN,4,0,bul_pv=1,206,496.96982,7.5916476,206,528.729,7.3052959,206,.91353101,.022076294,206,.86627239,.032106757,2308,206,607,124,593,607,411
TIMSS,2019,FIN,4,1,all,2422,533.33643,2.7641492,2422,552.17303,2.3653455,2422,.97175777,.0058625778,2422,.950867,.0073293136,2422,379,784,101,771,784,376
TIMSS,2019,FIN,4,1,bul_any=1,784,523.85034,4.2223163,784,543.35046,3.7800171,784,.95801568,.0092789168,784,.93740308,.014748124,2422,379,784,101,771,784,376
TIMSS,2019,FIN,4,1,bul_c_all=0,2046,535.27557,3.1636744,2046,554.39825,2.5588341,2046,.97487432,.0060908194,2046,.95574081,.0078637516,2422,379,784,101,771,784,376
TIMSS,2019,FIN,4,1,bul_c_all=1,376,521.9209,6.1582365,376,539.07318,7.0515618,376,.95341039,.013141402,376,.92217499,.01393488,2422,379,784,101,771,784,376
TIMSS,2019,FIN,4,1,bul_ev_all=0,1638,537.86957,2.6446695,1638,556.38904,2.3355675,1638,.97832465,.0052361884,1638,.95730102,.0074007893,2422,379,784,101,771,784,376
TIMSS,2019,FIN,4,1,bul_ev_all=1,784,523.85034,4.2223163,784,543.35046,3.7800171,784,.95801568,.0092789168,784,.93740308,.014748124,2422,379,784,101,771,784,376
TIMSS,2019,FIN,4,1,bul_ev_o=0,2321,535.81512,2.6019616,2321,554.46576,2.2249687,2321,.97622412,.0050123567,2321,.956927,.0068346146,2422,379,784,101,771,784,376
TIMSS,2019,FIN,4,1,bul_ev_o=1,101,476.97638,11.943587,101,500.04117,11.815887,101,.87020171,.046342123,101,.8130753,.05660098,2422,379,784,101,771,784,376
TIMSS,2019,FIN,4,1,bul_ev_trad=0,1651,537.6405,2.6587131,1651,556.14044,2.3239677,1651,.978113,.0051088766,1651,.95682561,.0075310343,2422,379,784,101,771,784,376
TIMSS,2019,FIN,4,1,bul_ev_trad=1,771,524.104,4.2523618,771,543.66284,3.8555024,771,.95812553,.0095931096,771,.9380855,.014993973,2422,379,784,101,771,784,376
TIMSS,2019,FIN,4,1,bul_pv=0,2043,536.77423,2.6152613,2043,555.2594,2.2031953,2043,.97760445,.0051182359,2043,.95856512,.006622314,2422,379,784,101,771,784,376
TIMSS,2019,FIN,4,1,bul_pv=1,379,514.21631,5.6391454,379,535.00763,6.1780238,379,.93923992,.014966866,379,.90805221,.025170488,2422,379,784,101,771,784,376
TIMSS,2019,FIN,8,0,all,2366,511.01108,2.5432644,2366,552.4057,3.1509526,2366,.84305459,.01492648,2366,.70664871,.016815854,2366,155,619,178,585,623,441
TIMSS,2019,FIN,8,0,bul_any=1,623,498.7825,3.6482015,623,538.99359,4.8135066,623,.79584962,.02886631,623,.63685316,.023737572,2366,155,619,178,585,623,441
TIMSS,2019,FIN,8,0,bul_c_all=0,1925,512.79132,2.867173,1925,554.65192,3.4469278,1925,.8517682,.014383589,1925,.71393865,.019540029,2366,155,619,178,585,623,441
TIMSS,2019,FIN,8,0,bul_c_all=1,441,502.70129,5.1096215,441,541.92084,6.7624645,441,.80238146,.037924666,441,.67262095,.028053235,2366,155,619,178,585,623,441
TIMSS,2019,FIN,8,0,bul_ev_all=0,1747,515.12354,2.8131883,1747,557.01227,3.4093375,1747,.85937774,.01491027,1747,.73055035,.018516017,2366,155,619,178,585,623,441
TIMSS,2019,FIN,8,0,bul_ev_all=1,619,499.293,3.6503072,619,539.27972,4.8315248,619,.79654288,.028932225,619,.63854271,.024055343,2366,155,619,178,585,623,441
TIMSS,2019,FIN,8,0,bul_ev_o=0,2188,512.73401,2.6141062,2188,554.53827,3.2617078,2188,.85064012,.016039379,2188,.7178998,.018505976,2366,155,619,178,585,623,441
TIMSS,2019,FIN,8,0,bul_ev_o=1,178,489.81006,6.0611343,178,526.16339,8.8351068,178,.74971122,.051910933,178,.56819963,.044849291,2366,155,619,178,585,623,441
TIMSS,2019,FIN,8,0,bul_ev_trad=0,1781,515.07318,2.7670352,1781,556.98425,3.3446059,1781,.85870624,.014647378,1781,.72969693,.018606465,2366,155,619,178,585,623,441
TIMSS,2019,FIN,8,0,bul_ev_trad=1,585,498.49365,3.7822521,585,538.29675,4.8315864,585,.79482341,.028228173,585,.635625,.024973331,2366,155,619,178,585,623,441
TIMSS,2019,FIN,8,0,bul_pv=0,2211,512.26093,2.597594,2211,553.92596,3.2137611,2211,.84788871,.016128104,2211,.71496457,.018098423,2366,155,619,178,585,623,441
TIMSS,2019,FIN,8,0,bul_pv=1,155,493.53458,7.1874423,155,531.14758,8.9035273,155,.77545875,.040181037,155,.59036773,.042945985,2366,155,619,178,585,623,441
TIMSS,2019,FIN,8,1,all,2508,506.95059,3.2856781,2508,533.37482,3.9830892,2508,.75405747,.016919779,2508,.66885716,.017831398,2508,246,650,144,631,668,420
TIMSS,2019,FIN,8,1,bul_any=1,668,500.63492,4.4413328,668,525.69904,5.2846284,668,.72453886,.025596952,668,.63410479,.026253683,2508,246,650,144,631,668,420
TIMSS,2019,FIN,8,1,bul_c_all=0,2088,510.31714,3.3667827,2088,537.3241,4.0334935,2088,.76806593,.01820161,2088,.6839599,.018886045,2508,246,650,144,631,668,420
TIMSS,2019,FIN,8,1,bul_c_all=1,420,490.10828,6.982986,420,513.61688,8.8557253,420,.68397486,.037377354,420,.59330016,.033718605,2508,246,650,144,631,668,420
TIMSS,2019,FIN,8,1,bul_ev_all=0,1858,509.24319,3.4242115,1858,536.18304,4.0637765,1858,.76484895,.017303063,1858,.68156189,.019800987,2508,246,650,144,631,668,420
TIMSS,2019,FIN,8,1,bul_ev_all=1,650,500.5336,4.5108142,650,525.51447,5.2901659,650,.72385174,.026182095,650,.63329637,.026889851,2508,246,650,144,631,668,420
TIMSS,2019,FIN,8,1,bul_ev_o=0,2364,508.09979,3.1639268,2364,535.08386,3.7588382,2364,.76037723,.016145747,2364,.67328316,.017697046,2508,246,650,144,631,668,420
TIMSS,2019,FIN,8,1,bul_ev_o=1,144,488.11124,9.3337908,144,505.35684,11.815538,144,.65045357,.048546717,144,.59629917,.053076029,2508,246,650,144,631,668,420
TIMSS,2019,FIN,8,1,bul_ev_trad=0,1877,509.36612,3.4315209,1877,536.15155,4.0814624,1877,.76457983,.017540768,1877,.68187606,.01993474,2508,246,650,144,631,668,420
TIMSS,2019,FIN,8,1,bul_ev_trad=1,631,499.92023,4.5438876,631,525.29303,5.38802,631,.72343194,.026248554,631,.63096553,.026538879,2508,246,650,144,631,668,420
TIMSS,2019,FIN,8,1,bul_pv=0,2262,508.66479,3.1662347,2262,535.4364,3.8216603,2262,.76116604,.016740607,2262,.67562312,.018164054,2508,246,650,144,631,668,420
TIMSS,2019,FIN,8,1,bul_pv=1,246,491.49368,7.4282632,246,514.78534,8.5280313,246,.68995923,.037141223,246,.60784811,.037200097,2508,246,650,144,631,668,420
TIMSS,2019,FRA,4,0,all,2073,477.88092,3.3401027,2073,488.66467,3.267251,2073,.86211753,.012010494,2073,.83397508,.015893446,2073,339,681,64,656,681,580
TIMSS,2019,FRA,4,0,bul_any=1,681,454.43979,4.5088353,681,466.76611,4.7763724,681,.79747051,.021518195,681,.74863267,.024366252,2073,339,681,64,656,681,580
TIMSS,2019,FRA,4,0,bul_c_all=0,1493,482.54028,4.15974,1493,493.04593,4.0887799,1493,.87353766,.014319744,1493,.84933078,.019720459,2073,339,681,64,656,681,580
TIMSS,2019,FRA,4,0,bul_c_all=1,580,464.40594,5.9419346,580,475.99396,6.2754841,580,.8290903,.026969144,580,.78956622,.023946539,2073,339,681,64,656,681,580
TIMSS,2019,FRA,4,0,bul_ev_all=0,1392,489.181,3.6722441,1392,499.22113,3.6170928,1392,.89328146,.011201475,1392,.87511545,.016992541,2073,339,681,64,656,681,580
TIMSS,2019,FRA,4,0,bul_ev_all=1,681,454.43979,4.5088353,681,466.76611,4.7763724,681,.79747051,.021518195,681,.74863267,.024366252,2073,339,681,64,656,681,580
TIMSS,2019,FRA,4,0,bul_ev_o=0,2009,479.91318,3.3825884,2009,490.50504,3.2437432,2009,.86929786,.011132607,2009,.84293908,.015609372,2073,339,681,64,656,681,580
TIMSS,2019,FRA,4,0,bul_ev_o=1,64,414.22183,11.430597,64,431.01627,12.023759,64,.63719922,.085554674,64,.55318612,.077285193,2073,339,681,64,656,681,580
TIMSS,2019,FRA,4,0,bul_ev_trad=0,1417,488.31125,3.6899042,1417,498.05463,3.6656134,1417,.88898152,.011719907,1417,.8710261,.016768258,2073,339,681,64,656,681,580
TIMSS,2019,FRA,4,0,bul_ev_trad=1,656,455.13342,4.5418539,656,468.18613,4.8325429,656,.80352992,.020734398,656,.75317049,.024448814,2073,339,681,64,656,681,580
TIMSS,2019,FRA,4,0,bul_pv=0,1734,485.08078,3.3229933,1734,496.03229,3.1507015,1734,.88510132,.010862775,1734,.8617301,.015490077,2073,339,681,64,656,681,580
TIMSS,2019,FRA,4,0,bul_pv=1,339,441.04254,5.0684018,339,450.96793,5.6315651,339,.74451971,.031633005,339,.69196522,.034891423,2073,339,681,64,656,681,580
TIMSS,2019,FRA,4,1,all,2113,491.43997,3.4175913,2113,486.832,3.3721261,2113,.85486072,.012589674,2113,.86017805,.013286561,2113,487,857,105,836,857,628
TIMSS,2019,FRA,4,1,bul_any=1,857,472.84348,4.7987733,857,470.57175,4.7661381,857,.81027812,.024993166,857,.81366968,.023437284,2113,487,857,105,836,857,628
TIMSS,2019,FRA,4,1,bul_c_all=0,1485,494.15533,4.0783191,1485,490.2207,4.0684824,1485,.86189806,.015916571,1485,.86836696,.017245676,2113,487,857,105,836,857,628
TIMSS,2019,FRA,4,1,bul_c_all=1,628,483.84198,6.2350316,628,477.34991,5.8665547,628,.8351692,.021666937,628,.8372643,.022632936,2113,487,857,105,836,857,628
TIMSS,2019,FRA,4,1,bul_ev_all=0,1256,503.35941,3.476114,1256,497.25403,3.5402715,1256,.88343596,.01416959,1256,.88998771,.013818339,2113,487,857,105,836,857,628
TIMSS,2019,FRA,4,1,bul_ev_all=1,857,472.84348,4.7987733,857,470.57175,4.7661381,857,.81027812,.024993166,857,.81366968,.023437284,2113,487,857,105,836,857,628
TIMSS,2019,FRA,4,1,bul_ev_o=0,2008,494.73898,3.2801282,2008,489.71088,3.2107306,2008,.86519045,.011636366,2008,.8726337,.012398072,2113,487,857,105,836,857,628
TIMSS,2019,FRA,4,1,bul_ev_o=1,105,427.32742,10.796486,105,430.88431,11.119746,105,.65411443,.072512522,105,.61811709,.08609169,2113,487,857,105,836,857,628
TIMSS,2019,FRA,4,1,bul_ev_trad=0,1277,502.69662,3.4289129,1277,496.44894,3.5173509,1277,.88134682,.01401489,1277,.88860631,.013776314,2113,487,857,105,836,857,628
TIMSS,2019,FRA,4,1,bul_ev_trad=1,836,473.21396,4.8763628,836,471.26093,4.8668518,836,.81197631,.025554836,836,.81414914,.023503324,2113,487,857,105,836,857,628
TIMSS,2019,FRA,4,1,bul_pv=0,1626,498.65778,3.3708813,1626,493.2977,3.3251355,1626,.87208402,.011461009,1626,.87954748,.012110896,2113,487,857,105,836,857,628
TIMSS,2019,FRA,4,1,bul_pv=1,487,466.31024,6.1545863,487,464.32083,6.0299067,487,.79489541,.031307157,487,.79274082,.032485552,2113,487,857,105,836,857,628
TIMSS,2019,FRA,8,0,all,1904,478.43506,2.4617774,1904,486.737,2.5856502,1904,.58294427,.01555567,1904,.52581245,.016379692,1904,407,833,108,824,844,1106
TIMSS,2019,FRA,8,0,bul_any=1,844,470.42627,3.0775087,844,474.70001,3.4673934,844,.52010268,.021029782,844,.48523027,.021983109,1904,407,833,108,824,844,1106
TIMSS,2019,FRA,8,0,bul_c_all=0,798,492.35602,4.4563847,798,502.4697,4.6544261,798,.66465843,.027554883,798,.61047906,.032174002,1904,407,833,108,824,844,1106
TIMSS,2019,FRA,8,0,bul_c_all=1,1106,469.22641,3.0091672,1106,476.32993,3.3961954,1106,.52889085,.019702785,1106,.46980596,.020374913,1904,407,833,108,824,844,1106
TIMSS,2019,FRA,8,0,bul_ev_all=0,1071,485.04843,3.2477028,1071,496.60681,3.5156412,1071,.6341539,.021704802,1071,.55938345,.022753971,1904,407,833,108,824,844,1106
TIMSS,2019,FRA,8,0,bul_ev_all=1,833,470.11743,3.1050074,833,474.32382,3.5517209,833,.51853812,.021405142,833,.48359028,.021962466,1904,407,833,108,824,844,1106
TIMSS,2019,FRA,8,0,bul_ev_o=0,1796,479.67261,2.4551132,1796,488.1521,2.5440412,1796,.58974373,.015443651,1796,.5328902,.016369747,1904,407,833,108,824,844,1106
TIMSS,2019,FRA,8,0,bul_ev_o=1,108,457.37827,8.5693226,108,462.65909,9.6408739,108,.46725166,.057435494,108,.40538451,.062653065,1904,407,833,108,824,844,1106
TIMSS,2019,FRA,8,0,bul_ev_trad=0,1080,485.21689,3.2201445,1080,496.77502,3.4762714,1080,.63523459,.021393759,1080,.56088299,.022440989,1904,407,833,108,824,844,1106
TIMSS,2019,FRA,8,0,bul_ev_trad=1,824,469.77737,3.1385088,824,473.92245,3.5525064,824,.51619035,.021590946,824,.48104128,.022026597,1904,407,833,108,824,844,1106
TIMSS,2019,FRA,8,0,bul_pv=0,1497,481.80209,2.717998,1497,491.13242,2.841537,1497,.60924625,.017653532,1497,.54334813,.018670665,1904,407,833,108,824,844,1106
TIMSS,2019,FRA,8,0,bul_pv=1,407,465.96814,4.4395576,407,470.46234,5.2459798,407,.48555747,.031978216,407,.46088398,.03403258,1904,407,833,108,824,844,1106
TIMSS,2019,FRA,8,1,all,1970,486.55817,2.9387064,1970,490.29205,3.5671029,1970,.58829862,.017851807,1970,.5675028,.01802049,1970,573,962,84,939,966,1143
TIMSS,2019,FRA,8,1,bul_any=1,966,478.02637,3.5256393,966,478.43054,3.9050696,966,.53233939,.020601517,966,.51154381,.023234749,1970,573,962,84,939,966,1143
TIMSS,2019,FRA,8,1,bul_c_all=0,827,501.79462,4.4171882,827,507.89081,5.2917438,827,.68284339,.026350981,827,.65470594,.027252693,1970,573,962,84,939,966,1143
TIMSS,2019,FRA,8,1,bul_c_all=1,1143,476.29666,3.8569405,1143,478.43961,4.657186,1143,.52462441,.024579853,1143,.50877309,.023256434,1970,573,962,84,939,966,1143
TIMSS,2019,FRA,8,1,bul_ev_all=0,1008,494.76651,3.349782,1008,501.81403,4.2498031,1008,.64278775,.023646716,1008,.62131977,.02167118,1970,573,962,84,939,966,1143
TIMSS,2019,FRA,8,1,bul_ev_all=1,962,478.14365,3.543324,962,478.48071,3.9183555,962,.53244096,.020644575,962,.51233423,.023220867,1970,573,962,84,939,966,1143
TIMSS,2019,FRA,8,1,bul_ev_o=0,1886,487.04523,2.9158752,1886,490.97992,3.4637773,1886,.59027034,.017502457,1886,.56951368,.018843018,1970,573,962,84,939,966,1143
TIMSS,2019,FRA,8,1,bul_ev_o=1,84,476.04892,9.5004711,84,475.45059,12.043776,84,.54575521,.08387693,84,.52411544,.066644356,1970,573,962,84,939,966,1143
TIMSS,2019,FRA,8,1,bul_ev_trad=0,1031,494.05179,3.2874708,1031,500.72232,4.2040586,1031,.63744259,.022819135,1031,.61713576,.021433322,1970,573,962,84,939,966,1143
TIMSS,2019,FRA,8,1,bul_ev_trad=1,939,478.50229,3.6307826,939,479.07922,4.0238862,939,.53546745,.020520167,939,.51414597,.023916371,1970,573,962,84,939,966,1143
TIMSS,2019,FRA,8,1,bul_pv=0,1397,490.13367,3.09551,1397,495.13922,3.7525613,1397,.60716116,.020852778,1397,.58860433,.019088909,1970,573,962,84,939,966,1143
TIMSS,2019,FRA,8,1,bul_pv=1,573,477.73114,4.8857279,573,478.32568,5.5807581,573,.54173201,.027717372,573,.51540875,.030620245,1970,573,962,84,939,966,1143
TIMSS,2019,GEO,4,0,all,1880,478.00516,4.0150309,1880,451.64297,4.7481399,1880,.74149096,.022869276,1880,.82550043,.017804848,1880,223,561,53,558,561,287
TIMSS,2019,GEO,4,0,bul_any=1,561,459.40308,6.7835951,561,434.10788,7.6153712,561,.67611396,.036945462,561,.75717711,.031227067,1880,223,561,53,558,561,287
TIMSS,2019,GEO,4,0,bul_c_all=0,1593,479.39255,4.3366799,1593,452.98837,4.954536,1593,.74822009,.023653615,1593,.83065003,.019617684,1880,223,561,53,558,561,287
TIMSS,2019,GEO,4,0,bul_c_all=1,287,469.5744,10.921535,287,443.46716,11.147467,287,.70059943,.0573962,287,.79420745,.044448033,1880,223,561,53,558,561,287
TIMSS,2019,GEO,4,0,bul_ev_all=0,1319,486.51245,3.9942725,1319,459.66226,4.5600319,1319,.77138972,.022450278,1319,.85674667,.016984338,1880,223,561,53,558,561,287
TIMSS,2019,GEO,4,0,bul_ev_all=1,561,459.40308,6.7835951,561,434.10788,7.6153712,561,.67611396,.036945462,561,.75717711,.031227067,1880,223,561,53,558,561,287
TIMSS,2019,GEO,4,0,bul_ev_o=0,1827,480.11432,3.9492626,1827,453.96338,4.6109281,1827,.75083315,.022609407,1827,.83512545,.017543567,1880,223,561,53,558,561,287
TIMSS,2019,GEO,4,0,bul_ev_o=1,53,395.9664,12.042035,53,361.38687,19.252617,53,.37811407,.10177585,53,.45112333,.094886735,1880,223,561,53,558,561,287
TIMSS,2019,GEO,4,0,bul_ev_trad=0,1322,486.58264,3.9919772,1322,459.71066,4.5726361,1322,.77195036,.022404566,1322,.85709798,.016962336,1880,223,561,53,558,561,287
TIMSS,2019,GEO,4,0,bul_ev_trad=1,558,459.10187,6.8190928,558,433.8631,7.6348281,558,.67436355,.037080757,558,.7558648,.031406544,1880,223,561,53,558,561,287
TIMSS,2019,GEO,4,0,bul_pv=0,1657,480.89627,4.0336466,1657,454.26053,4.6221204,1657,.7502327,.022440059,1657,.83397681,.018531645,1880,223,561,53,558,561,287
TIMSS,2019,GEO,4,0,bul_pv=1,223,456.78726,8.0737009,223,432.4325,11.069065,223,.6773349,.049103655,223,.76329219,.040248342,1880,223,561,53,558,561,287
TIMSS,2019,GEO,4,1,all,1907,485.50204,3.9817073,1907,456.69565,4.0254226,1907,.7560941,.017515633,1907,.85073805,.01591303,1907,399,821,179,808,821,299
TIMSS,2019,GEO,4,1,bul_any=1,821,473.51346,5.9683018,821,443.87769,6.0734816,821,.70349985,.028486157,821,.80615872,.022839485,1907,399,821,179,808,821,299
TIMSS,2019,GEO,4,1,bul_c_all=0,1608,486.85434,4.4310017,1608,458.617,4.5429077,1608,.7613669,.020590765,1608,.85488045,.017539002,1907,399,821,179,808,821,299
TIMSS,2019,GEO,4,1,bul_c_all=1,299,477.54138,8.5515099,299,445.38507,9.1967192,299,.72505438,.046410102,299,.82635289,.038629401,1907,399,821,179,808,821,299
TIMSS,2019,GEO,4,1,bul_ev_all=0,1086,494.90686,4.6049557,1086,466.7511,4.1837783,1086,.79735327,.01770144,1086,.8857097,.017227141,1907,399,821,179,808,821,299
TIMSS,2019,GEO,4,1,bul_ev_all=1,821,473.51346,5.9683018,821,443.87769,6.0734816,821,.70349985,.028486157,821,.80615872,.022839485,1907,399,821,179,808,821,299
TIMSS,2019,GEO,4,1,bul_ev_o=0,1728,491.41379,3.8866293,1728,462.87982,3.9732294,1728,.78382581,.017324969,1728,.87358516,.015754644,1907,399,821,179,808,821,299
TIMSS,2019,GEO,4,1,bul_ev_o=1,179,424.01822,7.5433478,179,392.3782,8.2714205,179,.46767566,.051891092,179,.61312121,.044827748,1907,399,821,179,808,821,299
TIMSS,2019,GEO,4,1,bul_ev_trad=0,1099,494.4873,4.5846863,1099,466.22647,4.2217183,1099,.79522306,.017987465,1099,.88439471,.016844535,1907,399,821,179,808,821,299
TIMSS,2019,GEO,4,1,bul_ev_trad=1,808,473.69809,6.009923,808,444.17499,6.1335759,808,.70469028,.029955951,808,.80652332,.023314605,1907,399,821,179,808,821,299
TIMSS,2019,GEO,4,1,bul_pv=0,1508,490.08432,4.3878946,1508,462.03247,4.1588321,1508,.78108412,.017662557,1508,.86553472,.017569805,1907,399,821,179,808,821,299
TIMSS,2019,GEO,4,1,bul_pv=1,399,468.28003,6.3601451,399,436.63776,7.1176152,399,.66217166,.036379881,399,.7951265,.029807599,1907,399,821,179,808,821,299
TIMSS,2019,GEO,8,0,all,1609,456.91333,4.3887687,1609,447.27914,4.2405519,1609,.37864226,.021887822,1609,.42446741,.021635432,1609,191,477,119,459,500,335
TIMSS,2019,GEO,8,0,bul_any=1,500,447.20782,7.4871945,500,435.39865,5.8495893,500,.31384557,.033174239,500,.38269901,.038516484,1609,191,477,119,459,500,335
TIMSS,2019,GEO,8,0,bul_c_all=0,1274,460.04727,4.2721534,1274,449.73517,4.9126334,1274,.38387945,.02467954,1274,.43272662,.022022555,1609,191,477,119,459,500,335
TIMSS,2019,GEO,8,0,bul_c_all=1,335,443.7251,12.734333,335,436.94363,8.8885841,335,.35660318,.041443016,335,.38971105,.055431444,1609,191,477,119,459,500,335
TIMSS,2019,GEO,8,0,bul_ev_all=0,1132,461.57156,4.5428605,1132,453.19742,4.9375014,1132,.41161457,.029424738,1132,.44456118,.024937272,1609,191,477,119,459,500,335
TIMSS,2019,GEO,8,0,bul_ev_all=1,477,446.16858,7.7417808,477,433.62793,6.1406145,477,.3025879,.035525735,477,.37811887,.040193111,1609,191,477,119,459,500,335
TIMSS,2019,GEO,8,0,bul_ev_o=0,1490,459.07498,4.2506099,1490,449.01187,4.3184962,1490,.38759205,.023207422,1490,.43122536,.021880418,1609,191,477,119,459,500,335
TIMSS,2019,GEO,8,0,bul_ev_o=1,119,429.9248,13.614043,119,425.64572,9.0202026,119,.2669034,.054028571,119,.34009358,.058182325,1609,191,477,119,459,500,335
TIMSS,2019,GEO,8,0,bul_ev_trad=0,1150,461.41129,4.5149069,1150,452.90216,4.9463224,1150,.40834767,.029741103,1150,.44400451,.025183231,1609,191,477,119,459,500,335
TIMSS,2019,GEO,8,0,bul_ev_trad=1,459,445.96875,7.9213943,459,433.59702,6.3402681,459,.30636227,.036371537,459,.37692922,.041498397,1609,191,477,119,459,500,335
TIMSS,2019,GEO,8,0,bul_pv=0,1418,458.30832,4.6259208,1418,448.60959,4.3013487,1418,.38252902,.02272987,1418,.43147463,.024137005,1609,191,477,119,459,500,335
TIMSS,2019,GEO,8,0,bul_pv=1,191,445.686,8.2767305,191,436.57141,8.9780054,191,.34736082,.047868047,191,.36807173,.04456776,1609,191,477,119,459,500,335
TIMSS,2019,GEO,8,1,all,1706,465.35733,5.0700788,1706,446.23923,4.5666661,1706,.38183588,.023079982,1706,.45316985,.026398448,1706,207,466,112,456,478,374
TIMSS,2019,GEO,8,1,bul_any=1,478,455.51819,7.2807064,478,434.49014,7.60396,478,.34624565,.034844153,478,.40902773,.034890007,1706,207,466,112,456,478,374
TIMSS,2019,GEO,8,1,bul_c_all=0,1332,470.52124,5.2761436,1332,450.45474,4.7456818,1332,.39711893,.02603283,1332,.48105186,.029108031,1706,207,466,112,456,478,374
TIMSS,2019,GEO,8,1,bul_c_all=1,374,444.76431,11.312338,374,429.42828,9.7098751,374,.32088888,.040950302,374,.34197962,.045233585,1706,207,466,112,456,478,374
TIMSS,2019,GEO,8,1,bul_ev_all=0,1240,468.91104,5.2086406,1240,450.36044,4.4827733,1240,.3937194,.024213269,1240,.46820393,.029578373,1706,207,466,112,456,478,374
TIMSS,2019,GEO,8,1,bul_ev_all=1,466,455.8176,7.3915763,466,435.17603,7.7252793,466,.34993511,.035303712,466,.41281152,.035066538,1706,207,466,112,456,478,374
TIMSS,2019,GEO,8,1,bul_ev_o=0,1594,467.53522,5.1193442,1594,449.31052,4.4287367,1594,.39252958,.022888586,1594,.46224409,.026954019,1706,207,466,112,456,478,374
TIMSS,2019,GEO,8,1,bul_ev_o=1,112,430.25903,10.121599,112,396.74295,12.864698,112,.20949779,.071490876,112,.30693063,.060442306,1706,207,466,112,456,478,374
TIMSS,2019,GEO,8,1,bul_ev_trad=0,1250,469.0325,5.1599054,1250,450.29059,4.4385619,1250,.39373553,.024193557,1250,.46839204,.02921431,1706,207,466,112,456,478,374
TIMSS,2019,GEO,8,1,bul_ev_trad=1,456,455.19778,7.5270047,456,435.03979,7.9350195,456,.34894088,.035660464,456,.41109002,.035603631,1706,207,466,112,456,478,374
TIMSS,2019,GEO,8,1,bul_pv=0,1499,468.93423,5.2403331,1499,450.32629,4.5429869,1499,.39810008,.023428878,1499,.47107914,.028354177,1706,207,466,112,456,478,374
TIMSS,2019,GEO,8,1,bul_pv=1,207,437.448,7.8131094,207,414.34921,9.7181692,207,.25493184,.046026006,207,.31342936,.050825622,1706,207,466,112,456,478,374
TIMSS,2019,HKG,4,0,all,1384,598.44525,3.4926612,1384,531.14307,3.2125635,1384,.96669298,.008061504,1384,.9979822,.0017838107,1384,259,656,71,632,656,48
TIMSS,2019,HKG,4,0,bul_any=1,656,590.40881,4.4939275,656,526.48126,4.6096945,656,.95834929,.012019587,656,.9976396,.0023294578,1384,259,656,71,632,656,48
TIMSS,2019,HKG,4,0,bul_c_all=0,1336,598.66833,3.4555931,1336,531.5224,3.2370322,1336,.96563011,.0086087659,1336,.99785465,.001897926,1384,259,656,71,632,656,48
TIMSS,2019,HKG,4,0,bul_c_all=1,48,594.91718,17.774708,48,525.14307,15.75258,48,.9835031,.024745386,48,1,0,1384,259,656,71,632,656,48
TIMSS,2019,HKG,4,0,bul_ev_all=0,728,605.75305,3.9271219,728,535.3822,4.0048656,728,.97428024,.008462471,728,.99829376,.003092119,1384,259,656,71,632,656,48
TIMSS,2019,HKG,4,0,bul_ev_all=1,656,590.40881,4.4939275,656,526.48126,4.6096945,656,.95834929,.012019587,656,.9976396,.0023294578,1384,259,656,71,632,656,48
TIMSS,2019,HKG,4,0,bul_ev_o=0,1313,598.81775,3.6614177,1313,531.6073,3.3931847,1313,.96841848,.0078417547,1313,.99787426,.0018758881,1384,259,656,71,632,656,48
TIMSS,2019,HKG,4,0,bul_ev_o=1,71,591.48303,10.828884,71,522.46552,11.251803,71,.93444306,.033943146,71,1,0,1384,259,656,71,632,656,48
TIMSS,2019,HKG,4,0,bul_ev_trad=0,752,606.1673,3.8228154,752,536.02002,3.8661983,752,.97467798,.0085507864,752,.99834573,.0029975679,1384,259,656,71,632,656,48
TIMSS,2019,HKG,4,0,bul_ev_trad=1,632,589.37292,4.4697695,632,525.41333,4.5900211,632,.95731181,.011832288,632,.99755514,.0024128461,1384,259,656,71,632,656,48
TIMSS,2019,HKG,4,0,bul_pv=0,1125,603.22968,3.4967301,1125,534.61163,3.3627534,1125,.97242564,.0071089021,1125,.99861848,.0022395866,1384,259,656,71,632,656,48
TIMSS,2019,HKG,4,0,bul_pv=1,259,578.52625,6.6492443,259,516.70245,6.2681932,259,.94282651,.021678163,259,.99533331,.0056301653,1384,259,656,71,632,656,48
TIMSS,2019,HKG,4,1,all,1584,604.33844,3.7214334,1584,531.34131,4.2389693,1584,.95534605,.0074976105,1584,.99593145,.0020774791,1584,481,942,136,925,942,68
TIMSS,2019,HKG,4,1,bul_any=1,942,599.19171,4.145896,942,528.27667,4.9739661,942,.94511306,.01003155,942,.99473035,.0032467549,1584,481,942,136,925,942,68
TIMSS,2019,HKG,4,1,bul_c_all=0,1516,606.17212,3.3726315,1516,533.64117,3.8157694,1516,.95884693,.0074415887,1516,.99665493,.0017502662,1584,481,942,136,925,942,68
TIMSS,2019,HKG,4,1,bul_c_all=1,68,580.52271,14.998762,68,501.47144,17.552753,68,.90987831,.051160842,68,.98653513,.020474387,1584,481,942,136,925,942,68
TIMSS,2019,HKG,4,1,bul_ev_all=0,642,612.138,4.0790219,642,535.98566,4.2774029,642,.97085375,.0084124152,642,.99775171,.0020896718,1584,481,942,136,925,942,68
TIMSS,2019,HKG,4,1,bul_ev_all=1,942,599.19171,4.145896,942,528.27667,4.9739661,942,.94511306,.01003155,942,.99473035,.0032467549,1584,481,942,136,925,942,68
TIMSS,2019,HKG,4,1,bul_ev_o=0,1448,608.2135,3.561975,1448,535.1922,4.1213818,1448,.96680367,.0068428516,1448,.99783081,.0018805707,1584,481,942,136,925,942,68
TIMSS,2019,HKG,4,1,bul_ev_o=1,136,565.34058,8.9180517,136,492.58688,10.209988,136,.84003973,.041383993,136,.97681701,.014222792,1584,481,942,136,925,942,68
TIMSS,2019,HKG,4,1,bul_ev_trad=0,659,612.25824,4.0317531,659,536.19684,4.2581863,659,.97113806,.0084024975,659,.9978103,.00203511,1584,481,942,136,925,942,68
TIMSS,2019,HKG,4,1,bul_ev_trad=1,925,598.87604,4.2147665,925,527.99243,5.0990343,925,.94445425,.0099750217,925,.99463564,.0033071996,1584,481,942,136,925,942,68
TIMSS,2019,HKG,4,1,bul_pv=0,1103,610.72455,3.5454617,1103,536.71198,4.1974177,1103,.96636081,.0078768674,1103,.995655,.0029578896,1584,481,942,136,925,942,68
TIMSS,2019,HKG,4,1,bul_pv=1,481,591.06384,5.1444249,481,520.17755,5.6676526,481,.93245035,.016671887,481,.99650609,.0036118992,1584,481,942,136,925,942,68
TIMSS,2019,HKG,8,0,all,1491,582.20801,4.9004846,1491,504.66129,6.000957,1491,.63521278,.02802364,1491,.89544231,.014027417,1491,208,652,186,608,654,60
TIMSS,2019,HKG,8,0,bul_any=1,654,582.04333,5.8207526,654,504.3819,7.0126848,654,.62579507,.030231675,654,.89939982,.017230785,1491,208,652,186,608,654,60
TIMSS,2019,HKG,8,0,bul_c_all=0,1431,582.80603,5.095077,1431,503.3399,6.464642,1431,.62937576,.0297183,1431,.8931855,.013728226,1491,208,652,186,608,654,60
TIMSS,2019,HKG,8,0,bul_c_all=1,60,572.50165,16.728321,60,526.10938,31.674122,60,.72995919,.179368,60,.93207479,.078223586,1491,208,652,186,608,654,60
TIMSS,2019,HKG,8,0,bul_ev_all=0,839,582.20343,5.4384155,839,504.88303,6.8462763,839,.64193612,.035753496,839,.89124072,.018009622,1491,208,652,186,608,654,60
TIMSS,2019,HKG,8,0,bul_ev_all=1,652,582.21405,5.7121663,652,504.36942,6.9175186,652,.6263634,.030065661,652,.90097255,.017083757,1491,208,652,186,608,654,60
TIMSS,2019,HKG,8,0,bul_ev_o=0,1305,580.86469,5.0589752,1305,504.55933,6.0763917,1305,.64038724,.029856427,1305,.89257824,.01549928,1491,208,652,186,608,654,60
TIMSS,2019,HKG,8,0,bul_ev_o=1,186,591.96484,9.082057,186,505.40176,10.679708,186,.59762979,.054024503,186,.91624469,.027181029,1491,208,652,186,608,654,60
TIMSS,2019,HKG,8,0,bul_ev_trad=0,883,584.01654,5.4557891,883,506.17151,6.8653679,883,.64446121,.034626149,883,.89550889,.017574692,1491,208,652,186,608,654,60
TIMSS,2019,HKG,8,0,bul_ev_trad=1,608,579.52832,5.6711655,608,502.42352,6.8519397,608,.62150925,.032635469,608,.89534366,.018226197,1491,208,652,186,608,654,60
TIMSS,2019,HKG,8,0,bul_pv=0,1283,582.95404,4.856493,1283,505.05313,6.0309315,1283,.63835424,.029328274,1283,.90163195,.013885839,1491,208,652,186,608,654,60
TIMSS,2019,HKG,8,0,bul_pv=1,208,577.47485,9.626215,208,502.17514,9.7407608,208,.61528164,.048164207,208,.85617161,.032737166,1491,208,652,186,608,654,60
TIMSS,2019,HKG,8,1,all,1774,574.95074,5.3704357,1774,502.52524,6.2898993,1774,.63579118,.027452637,1774,.84277403,.018806247,1774,537,941,323,921,954,49
TIMSS,2019,HKG,8,1,bul_any=1,954,575.24701,6.1554227,954,503.57376,7.2766652,954,.63280839,.03194309,954,.8320291,.023710445,1774,537,941,323,921,954,49
TIMSS,2019,HKG,8,1,bul_c_all=0,1725,576.01624,5.6815152,1725,501.56894,6.6197791,1725,.63333446,.029096579,1725,.8419677,.019466685,1774,537,941,323,921,954,49
TIMSS,2019,HKG,8,1,bul_c_all=1,49,552.94153,33.464565,49,522.2785,33.206978,49,.6865387,.11190825,49,.85943085,.16443196,1774,537,941,323,921,954,49
TIMSS,2019,HKG,8,1,bul_ev_all=0,833,575.12073,5.8419652,833,502.38596,6.9792233,833,.64341611,.032517005,833,.85582036,.020952443,1774,537,941,323,921,954,49
TIMSS,2019,HKG,8,1,bul_ev_all=1,941,574.80115,6.318831,941,502.64777,7.4659119,941,.62908137,.032383803,941,.83129352,.023856323,1774,537,941,323,921,954,49
TIMSS,2019,HKG,8,1,bul_ev_o=0,1451,578.99323,4.9994302,1451,506.91885,5.9183245,1451,.65263164,.027518496,1451,.85623765,.018106494,1774,537,941,323,921,954,49
TIMSS,2019,HKG,8,1,bul_ev_o=1,323,556.85638,9.6399956,323,482.85919,10.880558,323,.56041318,.043033961,323,.78251076,.038175542,1774,537,941,323,921,954,49
TIMSS,2019,HKG,8,1,bul_ev_trad=0,853,575.13556,5.7280278,853,501.83655,6.9487009,853,.64233375,.032678086,853,.85676843,.02082805,1774,537,941,323,921,954,49
TIMSS,2019,HKG,8,1,bul_ev_trad=1,921,574.7807,6.4077539,921,503.15875,7.5280275,921,.62977284,.032245625,921,.82990086,.023679519,1774,537,941,323,921,954,49
TIMSS,2019,HKG,8,1,bul_pv=0,1237,575.33508,5.0561166,1237,503.08871,5.8040891,1237,.64558089,.029013744,1237,.85072762,.01850275,1774,537,941,323,921,954,49
TIMSS,2019,HKG,8,1,bul_pv=1,537,574.08728,8.4452553,537,501.25934,9.8830166,537,.61379886,.040913146,537,.82490647,.033482704,1774,537,941,323,921,954,49
TIMSS,2019,HRV,4,0,all,1890,503.60901,2.5497916,1890,523.84247,2.6855314,1890,.97932321,.004237236,1890,.94115603,.010492767,1890,243,646,128,621,646,274
TIMSS,2019,HRV,4,0,bul_any=1,646,497.26993,4.3722539,646,519.19037,4.3497872,646,.97586644,.01005884,646,.93112481,.019147648,1890,243,646,128,621,646,274
TIMSS,2019,HRV,4,0,bul_c_all=0,1616,504.16345,2.7400172,1616,524.24261,2.9043083,1616,.98108286,.0045398823,1616,.94220138,.010934756,1890,243,646,128,621,646,274
TIMSS,2019,HRV,4,0,bul_c_all=1,274,499.17661,6.9957943,274,520.64331,6.2891502,274,.96525609,.014799274,274,.93279916,.023887355,1890,243,646,128,621,646,274
TIMSS,2019,HRV,4,0,bul_ev_all=0,1244,507.17352,3.1618311,1244,526.45837,3.2219181,1244,.98126698,.0070795715,1244,.94679672,.0093216747,1890,243,646,128,621,646,274
TIMSS,2019,HRV,4,0,bul_ev_all=1,646,497.26993,4.3722539,646,519.19037,4.3497872,646,.97586644,.01005884,646,.93112481,.019147648,1890,243,646,128,621,646,274
TIMSS,2019,HRV,4,0,bul_ev_o=0,1762,504.40399,2.7244425,1762,523.92914,2.7941306,1762,.97849536,.0046855314,1762,.94185811,.011285326,1890,243,646,128,621,646,274
TIMSS,2019,HRV,4,0,bul_ev_o=1,128,492.50229,8.6711702,128,522.63104,7.8678799,128,.99088913,.010813188,128,.93134731,.022779495,1890,243,646,128,621,646,274
TIMSS,2019,HRV,4,0,bul_ev_trad=0,1269,507.12704,3.1326237,1269,526.58575,3.1374338,1269,.98150688,.0069151721,1269,.94678134,.0090992972,1890,243,646,128,621,646,274
TIMSS,2019,HRV,4,0,bul_ev_trad=1,621,497.06064,4.5135593,621,518.73608,4.3112783,621,.97525853,.010356294,621,.93068528,.019580591,1890,243,646,128,621,646,274
TIMSS,2019,HRV,4,0,bul_pv=0,1647,505.58279,2.8081837,1647,525.11212,2.8564994,1647,.98074806,.0051842742,1647,.94390547,.01095339,1890,243,646,128,621,646,274
TIMSS,2019,HRV,4,0,bul_pv=1,243,490.13489,6.2942705,243,515.17474,7.0236306,243,.96959662,.018627167,243,.9223873,.032174967,1890,243,646,128,621,646,274
TIMSS,2019,HRV,4,1,all,1895,515.42725,2.9089203,1895,523.88647,2.7228293,1895,.97615457,.0072888592,1895,.95064551,.0111538,1895,426,838,174,811,838,279
TIMSS,2019,HRV,4,1,bul_any=1,838,504.07983,3.8681099,838,515.64392,3.6397703,838,.96104068,.011142233,838,.9286496,.016950538,1895,426,838,174,811,838,279
TIMSS,2019,HRV,4,1,bul_c_all=0,1616,514.34814,3.3343472,1616,523.08716,2.7979133,1616,.97588807,.0083674584,1616,.94802463,.012721415,1895,426,838,174,811,838,279
TIMSS,2019,HRV,4,1,bul_c_all=1,279,522.84534,6.9894552,279,529.3811,8.0477667,279,.97798616,.011495453,279,.96866196,.017096231,1895,426,838,174,811,838,279
TIMSS,2019,HRV,4,1,bul_ev_all=0,1057,523.99786,3.4333632,1057,530.11206,3.1412508,1057,.98756993,.0070722322,1057,.96725887,.012267329,1895,426,838,174,811,838,279
TIMSS,2019,HRV,4,1,bul_ev_all=1,838,504.07983,3.8681099,838,515.64392,3.6397703,838,.96104068,.011142233,838,.9286496,.016950538,1895,426,838,174,811,838,279
TIMSS,2019,HRV,4,1,bul_ev_o=0,1721,518.5387,2.9324374,1721,525.73303,2.9392376,1721,.97888517,.007879125,1721,.95634514,.01118031,1895,426,838,174,811,838,279
TIMSS,2019,HRV,4,1,bul_ev_o=1,174,484.63327,8.1580772,174,505.61118,6.6179252,174,.9491294,.021227563,174,.89423627,.033623617,1895,426,838,174,811,838,279
TIMSS,2019,HRV,4,1,bul_ev_trad=0,1084,523.58478,3.4151878,1084,529.76563,3.1075809,1084,.98670685,.0069778874,1084,.96583498,.01220925,1895,426,838,174,811,838,279
TIMSS,2019,HRV,4,1,bul_ev_trad=1,811,504.07303,3.954536,811,515.70349,3.6824498,811,.96146709,.011539593,811,.92950374,.017103085,1895,426,838,174,811,838,279
TIMSS,2019,HRV,4,1,bul_pv=0,1469,520.82404,2.821826,1469,527.59528,2.970386,1469,.98417485,.0067856861,1469,.96199214,.0090733068,1895,426,838,174,811,838,279
TIMSS,2019,HRV,4,1,bul_pv=1,426,497.10269,5.7071629,426,511.29346,4.2743587,426,.94892198,.015290531,426,.91211861,.024486268,1895,426,838,174,811,838,279
TIMSS,2019,HUN,4,0,all,2212,517.63275,3.009805,2212,526.12585,3.2881024,2212,.94497776,.010940186,2212,.93048698,.011026313,2212,442,1064,126,1052,1064,408
TIMSS,2019,HUN,4,0,bul_any=1,1064,504.39099,3.7197201,1064,514.53271,4.0888515,1064,.92673171,.016616164,1064,.90724915,.015384791,2212,442,1064,126,1052,1064,408
TIMSS,2019,HUN,4,0,bul_c_all=0,1804,519.20215,3.0545247,1804,527.1994,3.2459166,1804,.94874984,.011029132,1804,.93468201,.0097290697,2212,442,1064,126,1052,1064,408
TIMSS,2019,HUN,4,0,bul_c_all=1,408,510.93015,9.6110954,408,521.54095,8.8204088,408,.928868,.031302318,408,.91257089,.040509708,2212,442,1064,126,1052,1064,408
TIMSS,2019,HUN,4,0,bul_ev_all=0,1148,530.80493,3.591778,1148,537.6582,3.659286,1148,.96312803,.0090627931,1148,.95360285,.012073863,2212,442,1064,126,1052,1064,408
TIMSS,2019,HUN,4,0,bul_ev_all=1,1064,504.39099,3.7197201,1064,514.53271,4.0888515,1064,.92673171,.016616164,1064,.90724915,.015384791,2212,442,1064,126,1052,1064,408
TIMSS,2019,HUN,4,0,bul_ev_o=0,2086,520.05121,2.9954231,2086,528.71509,3.3860493,2086,.95176834,.010191465,2086,.93614066,.011490377,2212,442,1064,126,1052,1064,408
TIMSS,2019,HUN,4,0,bul_ev_o=1,126,480.3139,8.219593,126,486.17285,8.866169,126,.84019536,.049302071,126,.84324777,.047850847,2212,442,1064,126,1052,1064,408
TIMSS,2019,HUN,4,0,bul_ev_trad=0,1160,530.74707,3.5429409,1160,537.5636,3.6603191,1160,.96331751,.0090291724,1160,.95387846,.012001709,2212,442,1064,126,1052,1064,408
TIMSS,2019,HUN,4,0,bul_ev_trad=1,1052,504.20569,3.7573888,1052,514.41547,4.1179414,1052,.92620075,.016559651,1052,.90653777,.015473077,2212,442,1064,126,1052,1064,408
TIMSS,2019,HUN,4,0,bul_pv=0,1770,521.90558,3.0332649,1770,529.68829,3.244724,1770,.95409048,.010363694,1770,.93950939,.0097593721,2212,442,1064,126,1052,1064,408
TIMSS,2019,HUN,4,0,bul_pv=1,442,501.20044,6.0104046,442,512.42572,6.4179387,442,.90993273,.023041055,442,.89578915,.027676072,2212,442,1064,126,1052,1064,408
TIMSS,2019,HUN,4,1,all,2359,528.82489,3.0886879,2359,532.5202,2.995353,2359,.94180685,.0084258635,2359,.93434858,.010190935,2359,655,1244,143,1220,1244,463
TIMSS,2019,HUN,4,1,bul_any=1,1244,522.46521,3.8997695,1244,525.58026,3.8547354,1244,.92785704,.015014968,1244,.91953927,.014801037,2359,655,1244,143,1220,1244,463
TIMSS,2019,HUN,4,1,bul_c_all=0,1896,531.76489,3.6465764,1896,535.82916,3.4089005,1896,.94512081,.0090254145,1896,.93757677,.011319212,2359,655,1244,143,1220,1244,463
TIMSS,2019,HUN,4,1,bul_c_all=1,463,518.2146,8.181962,463,520.57831,7.8802724,463,.92984688,.020490415,463,.92269832,.025576126,2359,655,1244,143,1220,1244,463
TIMSS,2019,HUN,4,1,bul_ev_all=0,1115,535.98407,3.732857,1115,540.33258,3.6275988,1115,.95751035,.0088981939,1115,.95101964,.012759522,2359,655,1244,143,1220,1244,463
TIMSS,2019,HUN,4,1,bul_ev_all=1,1244,522.46521,3.8997695,1244,525.58026,3.8547354,1244,.92785704,.015014968,1244,.91953927,.014801037,2359,655,1244,143,1220,1244,463
TIMSS,2019,HUN,4,1,bul_ev_o=0,2216,532.25592,3.0837269,2216,536.16473,2.976676,2216,.95171535,.0075149215,2216,.94337028,.009431974,2359,655,1244,143,1220,1244,463
TIMSS,2019,HUN,4,1,bul_ev_o=1,143,478.81671,7.6817298,143,479.39993,9.7034731,143,.79738945,.044922601,143,.80285591,.054981481,2359,655,1244,143,1220,1244,463
TIMSS,2019,HUN,4,1,bul_ev_trad=0,1139,535.7666,3.7259679,1139,540.09039,3.6102521,1139,.95790422,.0090196254,1139,.95177549,.012556444,2359,655,1244,143,1220,1244,463
TIMSS,2019,HUN,4,1,bul_ev_trad=1,1220,522.36719,3.9327092,1220,525.47778,3.8948252,1220,.92683178,.01525646,1220,.91813666,.015248267,2359,655,1244,143,1220,1244,463
TIMSS,2019,HUN,4,1,bul_pv=0,1704,533.41449,3.2006955,1704,537.5506,3.2186112,1704,.95424193,.0073833442,1704,.94849509,.010061993,2359,655,1244,143,1220,1244,463
TIMSS,2019,HUN,4,1,bul_pv=1,655,517.0177,4.9195957,655,519.57892,5.0201769,655,.9098165,.017624604,655,.89795548,.02315709,2359,655,1244,143,1220,1244,463
TIMSS,2019,HUN,8,0,all,2250,509.5332,3.2912498,2250,519.80695,2.9459124,2250,.72451997,.016745921,2250,.66027778,.016142942,2250,309,916,162,896,919,619
TIMSS,2019,HUN,8,0,bul_any=1,919,489.82428,4.4943657,919,502.289,3.9424629,919,.64475757,.023869772,919,.56506944,.024104171,2250,309,916,162,896,919,619
TIMSS,2019,HUN,8,0,bul_c_all=0,1631,513.9696,4.1901011,1631,524.73132,3.8817606,1631,.74674177,.021811178,1631,.67641258,.021313176,2250,309,916,162,896,919,619
TIMSS,2019,HUN,8,0,bul_c_all=1,619,498.06073,6.9168639,619,507.07263,6.5507388,619,.66705465,.036053874,619,.61855334,.034404378,2250,309,916,162,896,919,619
TIMSS,2019,HUN,8,0,bul_ev_all=0,1334,523.68365,3.7603998,1334,532.36487,3.7364929,1334,.78176469,.019669762,1334,.7287333,.018203819,2250,309,916,162,896,919,619
TIMSS,2019,HUN,8,0,bul_ev_all=1,916,489.84247,4.5005021,916,502.33231,3.9439051,916,.64486241,.023875831,916,.56502008,.024141517,2250,309,916,162,896,919,619
TIMSS,2019,HUN,8,0,bul_ev_o=0,2088,512.6814,3.203433,2088,522.53204,2.97458,2088,.73768538,.016579829,2088,.67508775,.016236369,2250,309,916,162,896,919,619
TIMSS,2019,HUN,8,0,bul_ev_o=1,162,471.65302,10.698565,162,487.01776,10.022432,162,.56611037,.053871538,162,.48207995,.045359191,2250,309,916,162,896,919,619
TIMSS,2019,HUN,8,0,bul_ev_trad=0,1354,523.58716,3.7396879,1354,532.44214,3.6848905,1354,.78272957,.019455461,1354,.73032391,.017771989,2250,309,916,162,896,919,619
TIMSS,2019,HUN,8,0,bul_ev_trad=1,896,489.15747,4.5985279,896,501.48819,3.9595175,896,.64012629,.02347485,896,.55872315,.024774821,2250,309,916,162,896,919,619
TIMSS,2019,HUN,8,0,bul_pv=0,1941,517.75873,3.4080374,1941,526.96106,3.2842469,1941,.75721008,.017978054,1941,.70008016,.018058145,2250,309,916,162,896,919,619
TIMSS,2019,HUN,8,0,bul_pv=1,309,463.42242,4.8779368,309,479.70255,4.3100667,309,.54126489,.028649963,309,.4371528,.031918608,2250,309,916,162,896,919,619
TIMSS,2019,HUN,8,1,all,2319,523.61041,3.4600406,2319,539.78986,3.110568,2319,.77871543,.014951942,2319,.69646716,.017240584,2319,466,858,136,825,872,654
TIMSS,2019,HUN,8,1,bul_any=1,872,510.87076,4.7782483,872,530.25519,4.3487039,872,.73201501,.023616608,872,.63880628,.02626908,2319,466,858,136,825,872,654
TIMSS,2019,HUN,8,1,bul_c_all=0,1665,530.95758,4.3953328,1665,546.75067,3.9955232,1665,.79649639,.017095884,1665,.71830547,.01978923,2319,466,858,136,825,872,654
TIMSS,2019,HUN,8,1,bul_c_all=1,654,505.13846,6.7153869,654,522.28906,5.5562301,654,.73401088,.027854774,654,.64156157,.038672049,2319,466,858,136,825,872,654
TIMSS,2019,HUN,8,1,bul_ev_all=0,1461,531.77899,3.8249388,1461,545.9165,3.7035918,1461,.80793738,.016603755,1461,.7328639,.019218972,2319,466,858,136,825,872,654
TIMSS,2019,HUN,8,1,bul_ev_all=1,858,509.86038,4.8338571,858,529.47681,4.3719549,858,.72952622,.024115637,858,.63520074,.026405679,2319,466,858,136,825,872,654
TIMSS,2019,HUN,8,1,bul_ev_o=0,2183,526.02277,3.2999704,2183,541.77252,3.0934405,2183,.78883445,.014901171,2183,.70722264,.017046107,2319,466,858,136,825,872,654
TIMSS,2019,HUN,8,1,bul_ev_o=1,136,487.30243,12.526033,136,509.9483,8.5235043,136,.62641466,.056704298,136,.53458732,.0476381,2319,466,858,136,825,872,654
TIMSS,2019,HUN,8,1,bul_ev_trad=0,1494,531.17499,3.8086205,1494,545.29431,3.639863,1494,.80516499,.016293976,1494,.72847533,.019083757,2319,466,858,136,825,872,654
TIMSS,2019,HUN,8,1,bul_ev_trad=1,825,510.19611,4.961453,825,530.02863,4.3753672,825,.73181176,.024649667,825,.63970625,.026925733,2319,466,858,136,825,872,654
TIMSS,2019,HUN,8,1,bul_pv=0,1853,529.64069,3.4334891,1853,543.98083,3.2050233,1853,.79942006,.014700998,1853,.72364342,.016641105,2319,466,858,136,825,872,654
TIMSS,2019,HUN,8,1,bul_pv=1,466,500.77063,6.233408,466,523.91626,5.8809848,466,.70029551,.028323306,466,.59353554,.034680285,2319,466,858,136,825,872,654
TIMSS,2019,IRL,4,0,all,2318,545.02753,3.2924044,2318,525.72986,3.8862641,2318,.93906921,.0084346943,2318,.96351194,.007150495,2318,377,726,83,683,726,179
TIMSS,2019,IRL,4,0,bul_any=1,726,529.43427,4.3708186,726,511.78659,5.1005864,726,.91280937,.017997868,726,.94404709,.013812893,2318,377,726,83,683,726,179
TIMSS,2019,IRL,4,0,bul_c_all=0,2139,548.28632,3.2944944,2139,528.81201,4.1820273,2139,.94612479,.0089554414,2139,.97066337,.006232766,2318,377,726,83,683,726,179
TIMSS,2019,IRL,4,0,bul_c_all=1,179,507.28983,10.925016,179,490.03766,10.758782,179,.8573637,.040567674,179,.88069665,.050985154,2318,377,726,83,683,726,179
TIMSS,2019,IRL,4,0,bul_ev_all=0,1592,551.76862,3.8542466,1592,531.75763,4.8712168,1592,.95042151,.010459359,1592,.97192675,.006435934,2318,377,726,83,683,726,179
TIMSS,2019,IRL,4,0,bul_ev_all=1,726,529.43427,4.3708186,726,511.78659,5.1005864,726,.91280937,.017997868,726,.94404709,.013812893,2318,377,726,83,683,726,179
TIMSS,2019,IRL,4,0,bul_ev_o=0,2235,547.6095,3.3222802,2235,528.3623,3.9278424,2235,.94507098,.0081666224,2235,.96827424,.0061704502,2318,377,726,83,683,726,179
TIMSS,2019,IRL,4,0,bul_ev_o=1,83,482.70428,11.232709,83,462.18854,15.937592,83,.79419976,.081736572,83,.8485598,.061582796,2318,377,726,83,683,726,179
TIMSS,2019,IRL,4,0,bul_ev_trad=0,1635,550.73553,3.8278267,1635,530.82355,4.830308,1635,.94891304,.0102031,1635,.97129261,.0065208273,2318,377,726,83,683,726,179
TIMSS,2019,IRL,4,0,bul_ev_trad=1,683,530.53137,4.5207953,683,512.79388,5.046792,683,.91406965,.019153949,683,.94375193,.014771866,2318,377,726,83,683,726,179
TIMSS,2019,IRL,4,0,bul_pv=0,1941,548.8139,3.5029354,1941,529.37555,4.3520193,1941,.946859,.0089677693,1941,.96783584,.0066585187,2318,377,726,83,683,726,179
TIMSS,2019,IRL,4,0,bul_pv=1,377,524.9104,5.1293783,377,506.36023,5.8542027,377,.89768183,.021479432,377,.94053888,.015329939,2318,377,726,83,683,726,179
TIMSS,2019,IRL,4,1,all,2264,551.85626,2.9300747,2264,530.1803,3.504684,2264,.9439705,.009536854,2264,.96798849,.0057569896,2264,550,872,162,834,872,329
TIMSS,2019,IRL,4,1,bul_any=1,872,536.77753,4.3354335,872,514.94769,4.9930592,872,.90591234,.017198067,872,.94520777,.013049624,2264,550,872,162,834,872,329
TIMSS,2019,IRL,4,1,bul_c_all=0,1935,554.52661,3.4199085,1935,532.2088,4.1054235,1935,.94594616,.0096686771,1935,.96935546,.0054209069,2264,550,872,162,834,872,329
TIMSS,2019,IRL,4,1,bul_c_all=1,329,537.21436,7.1738505,329,519.05737,7.8462462,329,.93313748,.024216542,329,.96049327,.018816879,2264,550,872,162,834,872,329
TIMSS,2019,IRL,4,1,bul_ev_all=0,1392,560.69617,2.9461691,1392,539.11035,3.5475197,1392,.96628201,.0087190187,1392,.98134363,.0043556928,2264,550,872,162,834,872,329
TIMSS,2019,IRL,4,1,bul_ev_all=1,872,536.77753,4.3354335,872,514.94769,4.9930592,872,.90591234,.017198067,872,.94520777,.013049624,2264,550,872,162,834,872,329
TIMSS,2019,IRL,4,1,bul_ev_o=0,2102,556.52991,2.7708733,2102,535.08875,3.3552027,2102,.95779163,.0097801555,2102,.97636127,.0049751932,2264,550,872,162,834,872,329
TIMSS,2019,IRL,4,1,bul_ev_o=1,162,489.08469,8.0800419,162,464.254,9.6837425,162,.7583375,.056883201,162,.8555333,.036614105,2264,550,872,162,834,872,329
TIMSS,2019,IRL,4,1,bul_ev_trad=0,1430,559.32898,3.0584052,1430,537.70905,3.5461769,1430,.96208888,.0084201423,1430,.97701222,.0049256585,2264,550,872,162,834,872,329
TIMSS,2019,IRL,4,1,bul_ev_trad=1,834,538.20258,4.2204227,834,516.42413,5.0118027,834,.9108656,.017973451,834,.95150083,.013742336,2264,550,872,162,834,872,329
TIMSS,2019,IRL,4,1,bul_pv=0,1714,556.32025,3.0212195,1714,535.39459,3.7757604,1714,.95688206,.010401739,1714,.97524828,.005453526,2264,550,872,162,834,872,329
TIMSS,2019,IRL,4,1,bul_pv=1,550,536.51984,5.1339355,550,512.26593,5.6417384,550,.89961141,.021694563,550,.94304669,.01522161,2264,550,872,162,834,872,329
TIMSS,2019,IRL,8,0,all,1973,524.41614,2.8458455,1973,525.76672,2.9218426,1973,.75118047,.014794771,1973,.77379066,.013164542,1973,343,791,237,754,795,318
TIMSS,2019,IRL,8,0,bul_any=1,795,512.14026,3.3546844,795,513.19995,3.4664783,795,.70183098,.021633321,795,.72346717,.019723989,1973,343,791,237,754,795,318
TIMSS,2019,IRL,8,0,bul_c_all=0,1655,529.91467,2.7639148,1655,531.41254,2.6770623,1655,.77756882,.013641795,1655,.80241758,.010958173,1973,343,791,237,754,795,318
TIMSS,2019,IRL,8,0,bul_c_all=1,318,495.33862,7.4912028,318,495.91022,9.4807138,318,.6116327,.045562312,318,.62240487,.04599205,1973,343,791,237,754,795,318
TIMSS,2019,IRL,8,0,bul_ev_all=0,1182,532.83142,3.2935972,1182,534.46936,3.4653113,1182,.78595895,.016530365,1182,.8080191,.015105246,1973,343,791,237,754,795,318
TIMSS,2019,IRL,8,0,bul_ev_all=1,791,512.20471,3.3213177,791,513.13824,3.4813573,791,.70071328,.02142998,791,.72412163,.019069044,1973,343,791,237,754,795,318
TIMSS,2019,IRL,8,0,bul_ev_o=0,1736,527.50854,2.8196554,1736,528.90668,2.9078748,1736,.76041293,.01421083,1736,.78805876,.013332837,1973,343,791,237,754,795,318
TIMSS,2019,IRL,8,0,bul_ev_o=1,237,503.19968,4.9806433,237,504.22375,5.8132124,237,.68783778,.03932187,237,.67589873,.03380961,1973,343,791,237,754,795,318
TIMSS,2019,IRL,8,0,bul_ev_trad=0,1219,532.60162,3.2180636,1219,534.55756,3.4154241,1219,.78788936,.016591981,1219,.80593336,.014980312,1973,343,791,237,754,795,318
TIMSS,2019,IRL,8,0,bul_ev_trad=1,754,511.50638,3.4295299,754,511.9021,3.7210603,754,.69328475,.021533711,754,.72309649,.019257361,1973,343,791,237,754,795,318
TIMSS,2019,IRL,8,0,bul_pv=0,1630,527.91351,3.0062358,1630,529.73987,3.1493144,1630,.76903188,.016399277,1630,.78887719,.013270203,1973,343,791,237,754,795,318
TIMSS,2019,IRL,8,0,bul_pv=1,343,508.35162,5.4995599,343,507.51672,5.0693746,343,.66918319,.036176104,343,.70449311,.034097183,1973,343,791,237,754,795,318
TIMSS,2019,IRL,8,1,all,2145,523.07813,3.3413303,2145,520.54987,3.7494528,2145,.71489233,.017945649,2145,.73736179,.017943719,2145,534,854,197,823,871,391
TIMSS,2019,IRL,8,1,bul_any=1,871,518.83246,4.6540046,871,514.93817,5.6656065,871,.69355416,.025789285,871,.71734655,.02706733,2145,534,854,197,823,871,391
TIMSS,2019,IRL,8,1,bul_c_all=0,1754,527.88239,3.3416929,1754,525.55231,3.8237786,1754,.73831946,.019760786,1754,.76593679,.017322576,2145,534,854,197,823,871,391
TIMSS,2019,IRL,8,1,bul_c_all=1,391,505.0065,13.252645,391,501.73294,15.396423,391,.62676966,.064864233,391,.629875,.059396628,2145,534,854,197,823,871,391
TIMSS,2019,IRL,8,1,bul_ev_all=0,1291,525.86707,3.4100904,1291,524.12628,3.7303233,1291,.72845924,.019064693,1291,.75016308,.018001074,2145,534,854,197,823,871,391
TIMSS,2019,IRL,8,1,bul_ev_all=1,854,518.82898,4.5125108,854,515.10101,5.5986419,854,.69422233,.0255516,854,.71785825,.026972856,2145,534,854,197,823,871,391
TIMSS,2019,IRL,8,1,bul_ev_o=0,1948,524.87292,3.3121228,1948,522.55743,3.6896651,1948,.72579372,.017810024,1948,.74622983,.018060133,2145,534,854,197,823,871,391
TIMSS,2019,IRL,8,1,bul_ev_o=1,197,505.5755,7.310534,197,500.97244,8.8974943,197,.60858446,.051467814,197,.65088224,.046263162,2145,534,854,197,823,871,391
TIMSS,2019,IRL,8,1,bul_ev_trad=0,1322,524.86206,3.4156828,1322,523.03778,3.816813,1322,.72232276,.01934422,1322,.74389166,.017949713,2145,534,854,197,823,871,391
TIMSS,2019,IRL,8,1,bul_ev_trad=1,823,520.19653,4.5236835,823,516.53113,5.6116552,823,.7028898,.025595216,823,.72681397,.027118871,2145,534,854,197,823,871,391
TIMSS,2019,IRL,8,1,bul_pv=0,1611,524.89777,3.1739664,1611,523.13611,3.4886618,1611,.72987992,.017728543,1611,.75041294,.016194912,2145,534,854,197,823,871,391
TIMSS,2019,IRL,8,1,bul_pv=1,534,517.67944,5.8770695,534,512.87708,7.0455036,534,.67042696,.029999943,534,.6986413,.034697231,2145,534,854,197,823,871,391
TIMSS,2019,IRN,4,0,all,2984,439.23383,6.1618319,2984,440.03586,6.3856063,2984,.6845789,.025154317,2984,.67810374,.023612306,2984,779,1502,185,1468,1502,321
TIMSS,2019,IRN,4,0,bul_any=1,1502,433.91931,6.2182665,1502,437.03796,6.3966079,1502,.6746012,.026000392,1502,.65985584,.024881067,2984,779,1502,185,1468,1502,321
TIMSS,2019,IRN,4,0,bul_c_all=0,2663,441.89053,7.1493177,2663,443.09213,7.5478811,2663,.69964564,.028978415,2663,.68893176,.027258733,2984,779,1502,185,1468,1502,321
TIMSS,2019,IRN,4,0,bul_c_all=1,321,417.42218,16.596586,321,414.94418,15.38214,321,.56088144,.056382764,321,.58920628,.07178767,2984,779,1502,185,1468,1502,321
TIMSS,2019,IRN,4,0,bul_ev_all=0,1482,444.3783,7.9001694,1482,442.93787,8.6111393,1482,.69423735,.033836316,1482,.69576788,.031707831,2984,779,1502,185,1468,1502,321
TIMSS,2019,IRN,4,0,bul_ev_all=1,1502,433.91931,6.2182665,1502,437.03796,6.3966079,1502,.6746012,.026000392,1502,.65985584,.024881067,2984,779,1502,185,1468,1502,321
TIMSS,2019,IRN,4,0,bul_ev_o=0,2799,442.53836,5.9441953,2799,443.54523,6.1014199,2799,.69897401,.024327679,2799,.69284558,.022754243,2984,779,1502,185,1468,1502,321
TIMSS,2019,IRN,4,0,bul_ev_o=1,185,386.11417,13.888941,185,383.62372,14.50435,185,.45318112,.05936271,185,.44113252,.066572569,2984,779,1502,185,1468,1502,321
TIMSS,2019,IRN,4,0,bul_ev_trad=0,1516,443.30173,7.8892226,1516,441.45932,8.6428213,1516,.68862879,.033986263,1516,.69179595,.031935152,2984,779,1502,185,1468,1502,321
TIMSS,2019,IRN,4,0,bul_ev_trad=1,1468,434.83289,6.2190399,1468,438.49591,6.1930437,1468,.68019748,.025757715,1468,.66329068,.025150536,2984,779,1502,185,1468,1502,321
TIMSS,2019,IRN,4,0,bul_pv=0,2205,441.84818,6.9107265,2205,441.69754,7.3196287,2205,.6897428,.028421849,2205,.68762881,.026187589,2984,779,1502,185,1468,1502,321
TIMSS,2019,IRN,4,0,bul_pv=1,779,431.38077,7.3300796,779,435.04453,7.0357046,779,.66906744,.030836638,779,.64949232,.031522226,2984,779,1502,185,1468,1502,321
TIMSS,2019,IRN,4,1,all,3026,446.64551,5.1639695,3026,441.58047,5.2482328,3026,.67896956,.020899251,3026,.68398714,.019602155,3026,1263,2062,430,2044,2062,756
TIMSS,2019,IRN,4,1,bul_any=1,2062,441.76459,5.5954208,2062,439.58777,5.805757,2062,.67190838,.025479939,2062,.66740906,.022636516,3026,1263,2062,430,2044,2062,756
TIMSS,2019,IRN,4,1,bul_c_all=0,2270,446.61349,6.6554112,2270,440.44391,6.8593102,2270,.67685437,.028135242,2270,.68402088,.02427105,3026,1263,2062,430,2044,2062,756
TIMSS,2019,IRN,4,1,bul_c_all=1,756,446.74542,10.101502,756,445.12729,9.6113634,756,.68557036,.043250795,756,.68388176,.042840429,3026,1263,2062,430,2044,2062,756
TIMSS,2019,IRN,4,1,bul_ev_all=0,964,455.48972,7.7857795,964,445.19125,7.5998821,964,.69176441,.030440263,964,.71402645,.028414702,3026,1263,2062,430,2044,2062,756
TIMSS,2019,IRN,4,1,bul_ev_all=1,2062,441.76459,5.5954208,2062,439.58777,5.805757,2062,.67190838,.025479939,2062,.66740906,.022636516,3026,1263,2062,430,2044,2062,756
TIMSS,2019,IRN,4,1,bul_ev_o=0,2596,454.57166,5.2617536,2596,449.54684,5.2432871,2596,.71056455,.019916542,2596,.71358007,.020206373,3026,1263,2062,430,2044,2062,756
TIMSS,2019,IRN,4,1,bul_ev_o=1,430,398.06421,6.3069897,430,392.75259,6.7683845,430,.4853161,.036677215,430,.5026046,.030536767,3026,1263,2062,430,2044,2062,756
TIMSS,2019,IRN,4,1,bul_ev_trad=0,982,455.15915,7.7376513,982,444.5408,7.6225209,982,.68788809,.029775247,982,.71120989,.028499791,3026,1263,2062,430,2044,2062,756
TIMSS,2019,IRN,4,1,bul_ev_trad=1,2044,441.79523,5.5989499,2044,439.89395,5.7971916,2044,.67388862,.025261667,2044,.66847807,.022537194,3026,1263,2062,430,2044,2062,756
TIMSS,2019,IRN,4,1,bul_pv=0,1763,452.08496,6.2194719,1763,445.53235,6.4344802,1763,.68973106,.024071008,1763,.70074522,.022869499,3026,1263,2062,430,2044,2062,756
TIMSS,2019,IRN,4,1,bul_pv=1,1263,438.11182,5.8451467,1263,435.38055,5.7841811,1263,.66208637,.026277209,1263,.65769619,.02486298,3026,1263,2062,430,2044,2062,756
TIMSS,2019,IRN,8,0,all,2940,453.19299,4.9725943,2940,458.67645,4.7040277,2940,.42355204,.024481278,2940,.39559302,.023056222,2940,422,1248,122,1224,1262,416
TIMSS,2019,IRN,8,0,bul_any=1,1262,437.53494,5.6533651,1262,443.07712,5.5050411,1262,.34075654,.029358611,1262,.32181761,.028004138,2940,422,1248,122,1224,1262,416
TIMSS,2019,IRN,8,0,bul_c_all=0,2524,455.5687,5.4021931,2524,460.7251,5.0879178,2524,.43589434,.025683695,2524,.40903047,.024255099,2940,422,1248,122,1224,1262,416
TIMSS,2019,IRN,8,0,bul_c_all=1,416,433.1434,6.92874,416,441.38708,6.6748228,416,.31938934,.047615048,416,.28218776,.043743737,2940,422,1248,122,1224,1262,416
TIMSS,2019,IRN,8,0,bul_ev_all=0,1692,464.81396,5.1763592,1692,470.31009,4.8272262,1692,.48489028,.024739249,1692,.44935879,.023901781,2940,422,1248,122,1224,1262,416
TIMSS,2019,IRN,8,0,bul_ev_all=1,1248,437.49588,5.7058821,1248,442.96225,5.530529,1248,.3406989,.029465754,1248,.32296845,.028151758,2940,422,1248,122,1224,1262,416
TIMSS,2019,IRN,8,0,bul_ev_o=0,2818,455.33304,4.9801121,2818,460.91483,4.6787901,2818,.43361232,.024767229,2818,.4032166,.023222785,2940,422,1248,122,1224,1262,416
TIMSS,2019,IRN,8,0,bul_ev_o=1,122,404.25995,10.174152,122,407.49493,9.5272141,122,.19351907,.03886424,122,.22127578,.036980029,2940,422,1248,122,1224,1262,416
TIMSS,2019,IRN,8,0,bul_ev_trad=0,1716,464.35593,5.1618905,1716,470.03564,4.8228273,1716,.4834592,.024797687,1716,.44670594,.023843303,2940,422,1248,122,1224,1262,416
TIMSS,2019,IRN,8,0,bul_ev_trad=1,1224,437.67538,5.7266202,1224,442.88602,5.6490278,1224,.34027478,.030284606,1224,.3245407,.028404286,2940,422,1248,122,1224,1262,416
TIMSS,2019,IRN,8,0,bul_pv=0,2518,458.60254,5.2243061,2518,463.60025,4.828155,2518,.44922179,.025308777,2518,.41906556,.023435572,2940,422,1248,122,1224,1262,416
TIMSS,2019,IRN,8,0,bul_pv=1,422,419.03204,5.5013847,422,427.58298,5.8728423,422,.26144868,.029748455,422,.24736483,.029181954,2940,422,1248,122,1224,1262,416
TIMSS,2019,IRN,8,1,all,3040,439.97375,5.34901,3040,441.24469,5.3650413,3040,.3589578,.025933228,3040,.34998882,.022664404,3040,1027,1776,318,1754,1805,624
TIMSS,2019,IRN,8,1,bul_any=1,1805,427.54532,5.703546,1805,428.3186,6.0757236,1805,.31099939,.027436253,1805,.30479369,.022272767,3040,1027,1776,318,1754,1805,624
TIMSS,2019,IRN,8,1,bul_c_all=0,2416,448.44019,5.9383121,2416,448.92612,5.8206763,2416,.3879312,.027709672,2416,.38098264,.024795143,3040,1027,1776,318,1754,1805,624
TIMSS,2019,IRN,8,1,bul_c_all=1,624,404.07825,10.170296,624,408.67737,10.642659,624,.23611835,.042045329,624,.21858318,.037829079,3040,1027,1776,318,1754,1805,624
TIMSS,2019,IRN,8,1,bul_ev_all=0,1264,457.25964,6.0646486,1264,459.22821,5.9544606,1264,.42360151,.029298265,1264,.41299537,.026485434,3040,1027,1776,318,1754,1805,624
TIMSS,2019,IRN,8,1,bul_ev_all=1,1776,427.80789,5.7667599,1776,428.58783,6.1246209,1776,.31346145,.027780658,1776,.30564469,.022376694,3040,1027,1776,318,1754,1805,624
TIMSS,2019,IRN,8,1,bul_ev_o=0,2722,446.12344,5.1731353,2722,448.42853,5.2497282,2722,.37653154,.02677441,2722,.36561519,.023186827,3040,1027,1776,318,1754,1805,624
TIMSS,2019,IRN,8,1,bul_ev_o=1,318,386.18359,12.344907,318,378.40912,11.510758,318,.20524429,.035627905,318,.21330854,.033934955,3040,1027,1776,318,1754,1805,624
TIMSS,2019,IRN,8,1,bul_ev_trad=0,1286,456.05905,6.1013813,1286,457.96429,6.0449238,1286,.41975731,.02960879,1286,.40848964,.026481614,3040,1027,1776,318,1754,1805,624
TIMSS,2019,IRN,8,1,bul_ev_trad=1,1754,428.23862,5.7271929,1754,429.04681,6.0351686,1754,.31460127,.027367162,1754,.30730927,.022415271,3040,1027,1776,318,1754,1805,624
TIMSS,2019,IRN,8,1,bul_pv=0,2013,449.9136,5.7655954,2013,451.30222,5.4826164,2013,.39016122,.027431056,2013,.38500983,.025851574,3040,1027,1776,318,1754,1805,624
TIMSS,2019,IRN,8,1,bul_pv=1,1027,420.73749,6.4720078,1027,421.78067,7.0876341,1027,.29857096,.029788561,1027,.2822139,.022893647,3040,1027,1776,318,1754,1805,624
TIMSS,2019,ISR,8,0,all,1931,513.97156,4.3158631,1931,511.74472,4.6379189,1931,.6728915,.022507748,1931,.65460277,.020681992,1931,0,0,0,0,0,304
TIMSS,2019,ISR,8,0,bul_c_all=0,1627,517.85474,4.9226289,1627,514.80084,5.2300763,1627,.68610823,.0257381,1627,.67194116,.023694687,1931,0,0,0,0,0,304
TIMSS,2019,ISR,8,0,bul_c_all=1,304,490.6322,13.325738,304,493.37616,12.908307,304,.5934546,.058492571,304,.55039316,.057256658,1931,0,0,0,0,0,304
TIMSS,2019,ISR,8,0,bul_ev_all=0,1931,513.97156,4.3158631,1931,511.74472,4.6379189,1931,.6728915,.022507748,1931,.65460277,.020681992,1931,0,0,0,0,0,304
TIMSS,2019,ISR,8,0,bul_ev_o=0,1931,513.97156,4.3158631,1931,511.74472,4.6379189,1931,.6728915,.022507748,1931,.65460277,.020681992,1931,0,0,0,0,0,304
TIMSS,2019,ISR,8,0,bul_ev_trad=0,1931,513.97156,4.3158631,1931,511.74472,4.6379189,1931,.6728915,.022507748,1931,.65460277,.020681992,1931,0,0,0,0,0,304
TIMSS,2019,ISR,8,0,bul_pv=0,1931,513.97156,4.3158631,1931,511.74472,4.6379189,1931,.6728915,.022507748,1931,.65460277,.020681992,1931,0,0,0,0,0,304
TIMSS,2019,ISR,8,1,all,1800,524.63287,5.2313142,1800,514.98059,4.8504176,1800,.66371989,.02225671,1800,.68298972,.020075368,1800,0,0,0,0,0,306
TIMSS,2019,ISR,8,1,bul_c_all=0,1494,526.82764,6.3373618,1494,516.57184,5.7097645,1494,.66625798,.024856228,1494,.68827856,.023327829,1800,0,0,0,0,0,306
TIMSS,2019,ISR,8,1,bul_c_all=1,306,513.36511,16.246927,306,506.81125,16.733316,306,.6506896,.066290192,306,.65583742,.06897305,1800,0,0,0,0,0,306
TIMSS,2019,ISR,8,1,bul_ev_all=0,1800,524.63287,5.2313142,1800,514.98059,4.8504176,1800,.66371989,.02225671,1800,.68298972,.020075368,1800,0,0,0,0,0,306
TIMSS,2019,ISR,8,1,bul_ev_o=0,1800,524.63287,5.2313142,1800,514.98059,4.8504176,1800,.66371989,.02225671,1800,.68298972,.020075368,1800,0,0,0,0,0,306
TIMSS,2019,ISR,8,1,bul_ev_trad=0,1800,524.63287,5.2313142,1800,514.98059,4.8504176,1800,.66371989,.02225671,1800,.68298972,.020075368,1800,0,0,0,0,0,306
TIMSS,2019,ISR,8,1,bul_pv=0,1800,524.63287,5.2313142,1800,514.98059,4.8504176,1800,.66371989,.02225671,1800,.68298972,.020075368,1800,0,0,0,0,0,306
TIMSS,2019,ITA,4,0,all,1883,508.81418,2.6921735,1883,505.96167,3.2368326,1883,.94573003,.010377088,1883,.95161301,.0080208592,1883,505,974,116,943,974,224
TIMSS,2019,ITA,4,0,bul_any=1,974,501.58008,2.953244,974,497.95023,3.8674209,974,.93154669,.014186229,974,.9391529,.012119487,1883,505,974,116,943,974,224
TIMSS,2019,ITA,4,0,bul_c_all=0,1659,508.94934,2.9561634,1659,505.97995,3.4990613,1659,.94457734,.010933361,1659,.9507367,.0077146641,1883,505,974,116,943,974,224
TIMSS,2019,ITA,4,0,bul_c_all=1,224,507.75485,6.1577792,224,505.81842,6.2180667,224,.95476365,.016595203,224,.95848048,.024226004,1883,505,974,116,943,974,224
TIMSS,2019,ITA,4,0,bul_ev_all=0,909,516.48438,3.1936707,909,514.45612,3.3008091,909,.96076852,.012705685,909,.96482438,.0075232508,1883,505,974,116,943,974,224
TIMSS,2019,ITA,4,0,bul_ev_all=1,974,501.58008,2.953244,974,497.95023,3.8674209,974,.93154669,.014186229,974,.9391529,.012119487,1883,505,974,116,943,974,224
TIMSS,2019,ITA,4,0,bul_ev_o=0,1767,510.85748,2.7293375,1767,508.44891,3.2503042,1767,.95129335,.010827878,1767,.95569289,.0088392198,1883,505,974,116,943,974,224
TIMSS,2019,ITA,4,0,bul_ev_o=1,116,476.10388,7.069119,116,466.14462,6.8979244,116,.85666996,.039655931,116,.88629955,.036812183,1883,505,974,116,943,974,224
TIMSS,2019,ITA,4,0,bul_ev_trad=0,940,516.57416,3.1015115,940,514.51776,3.2798424,940,.96169198,.012345969,940,.96577919,.007110341,1883,505,974,116,943,974,224
TIMSS,2019,ITA,4,0,bul_ev_trad=1,943,500.99463,3.0169468,943,497.33994,3.7818885,943,.9296456,.014884264,943,.93733811,.012804775,1883,505,974,116,943,974,224
TIMSS,2019,ITA,4,0,bul_pv=0,1378,513.93396,2.9900813,1378,511.49069,3.1146388,1378,.95705074,.011082186,1378,.95877558,.0086506559,1883,505,974,116,943,974,224
TIMSS,2019,ITA,4,0,bul_pv=1,505,495.11792,4.2521157,505,491.17084,5.3870978,505,.91544551,.018974667,505,.93245208,.016293336,1883,505,974,116,943,974,224
TIMSS,2019,ITA,4,1,all,1858,521.10541,3.1267107,1858,513.54016,3.4424288,1858,.95374554,.0096090585,1858,.95762008,.0089050904,1858,650,1138,190,1108,1138,223
TIMSS,2019,ITA,4,1,bul_any=1,1138,512.5802,3.5305407,1138,506.69098,3.8353293,1138,.94600177,.011277587,1138,.94855195,.012077258,1858,650,1138,190,1108,1138,223
TIMSS,2019,ITA,4,1,bul_c_all=0,1635,520.47998,3.2792957,1635,513.1308,3.7386713,1635,.95211899,.010955775,1635,.95554626,.010248661,1858,650,1138,190,1108,1138,223
TIMSS,2019,ITA,4,1,bul_c_all=1,223,525.65045,7.9291725,223,516.51495,7.7777257,223,.9655658,.015423896,223,.9726907,.012927826,1858,650,1138,190,1108,1138,223
TIMSS,2019,ITA,4,1,bul_ev_all=0,720,534.62201,3.8955846,720,524.39941,4.3789077,720,.96602315,.011418939,720,.97199738,.0092714205,1858,650,1138,190,1108,1138,223
TIMSS,2019,ITA,4,1,bul_ev_all=1,1138,512.5802,3.5305407,1138,506.69098,3.8353293,1138,.94600177,.011277587,1138,.94855195,.012077258,1858,650,1138,190,1108,1138,223
TIMSS,2019,ITA,4,1,bul_ev_o=0,1668,526.10577,2.9665675,1668,519.05609,3.4325778,1668,.96695155,.0093773967,1668,.96845269,.0087690577,1858,650,1138,190,1108,1138,223
TIMSS,2019,ITA,4,1,bul_ev_o=1,190,477.61584,8.1186237,190,465.56641,7.3577728,190,.8388887,.035876945,190,.86340547,.039912619,1858,650,1138,190,1108,1138,223
TIMSS,2019,ITA,4,1,bul_ev_trad=0,750,534.32831,3.9182892,750,524.45453,4.2635059,750,.96671426,.011086045,750,.97306877,.008861823,1858,650,1138,190,1108,1138,223
TIMSS,2019,ITA,4,1,bul_ev_trad=1,1108,512.21045,3.5881081,1108,506.19812,3.8819075,1108,.94502163,.011823247,1108,.94722784,.012337186,1858,650,1138,190,1108,1138,223
TIMSS,2019,ITA,4,1,bul_pv=0,1208,529.22443,3.4439466,1208,520.50739,3.6293747,1208,.96666038,.0087517602,1208,.96737874,.0084081711,1858,650,1138,190,1108,1138,223
TIMSS,2019,ITA,4,1,bul_pv=1,650,506.06088,4.0359769,650,500.62979,4.3064637,650,.9298144,.015625689,650,.93953729,.018643573,1858,650,1138,190,1108,1138,223
TIMSS,2019,ITA,8,0,all,1790,491.37253,2.8279657,1790,496.88269,2.7814426,1790,.63955373,.01528999,1790,.59677219,.020113485,1790,350,686,107,669,697,420
TIMSS,2019,ITA,8,0,bul_any=1,697,482.461,3.4931006,697,488.69638,4.2288699,697,.60859787,.024081849,697,.56048924,.024367087,1790,350,686,107,669,697,420
TIMSS,2019,ITA,8,0,bul_c_all=0,1370,494.99045,3.1395378,1370,501.21942,2.9694555,1370,.65955055,.017501803,1370,.61400372,.020157062,1790,350,686,107,669,697,420
TIMSS,2019,ITA,8,0,bul_c_all=1,420,480.19928,5.952713,420,483.48959,6.9423556,420,.57779753,.040224329,420,.54355609,.040395945,1790,350,686,107,669,697,420
TIMSS,2019,ITA,8,0,bul_ev_all=0,1104,497.01093,3.4084945,1104,502.0625,3.2656014,1104,.65886885,.01885014,1104,.61957735,.025098955,1790,350,686,107,669,697,420
TIMSS,2019,ITA,8,0,bul_ev_all=1,686,482.12271,3.5427392,686,488.38519,4.2693405,686,.60786724,.023902997,686,.55936033,.025114443,1790,350,686,107,669,697,420
TIMSS,2019,ITA,8,0,bul_ev_o=0,1683,492.51642,2.8911619,1683,497.64578,2.7615159,1683,.64336562,.016181508,1683,.6026305,.020504421,1790,350,686,107,669,697,420
TIMSS,2019,ITA,8,0,bul_ev_o=1,107,472.48578,8.2591763,107,484.28366,8.135335,107,.57661694,.068330534,107,.50004715,.054955628,1790,350,686,107,669,697,420
TIMSS,2019,ITA,8,0,bul_ev_trad=0,1121,496.70975,3.4260397,1121,501.79266,3.2513912,1121,.65765882,.018808505,1121,.61870342,.024608295,1790,350,686,107,669,697,420
TIMSS,2019,ITA,8,0,bul_ev_trad=1,669,482.24579,3.619365,669,488.48657,4.2498164,669,.6085937,.023622362,669,.55926931,.026140185,1790,350,686,107,669,697,420
TIMSS,2019,ITA,8,0,bul_pv=0,1440,495.0719,3.0167563,1440,501.19836,2.7496037,1440,.66152042,.016165435,1440,.61571616,.021100868,1790,350,686,107,669,697,420
TIMSS,2019,ITA,8,0,bul_pv=1,350,476.28665,4.9067683,350,479.28363,5.7098999,350,.5499748,.035161242,350,.51951969,.034867857,1790,350,686,107,669,697,420
TIMSS,2019,ITA,8,1,all,1829,503.50787,3.2487988,1829,504.01996,2.9578836,1829,.65493393,.01966814,1829,.65151793,.019994302,1829,584,784,101,766,800,500
TIMSS,2019,ITA,8,1,bul_any=1,800,495.33228,3.9211841,800,493.34381,3.9684746,800,.60311091,.025154019,800,.61773223,.028530719,1829,584,784,101,766,800,500
TIMSS,2019,ITA,8,1,bul_c_all=0,1329,507.54456,3.6701467,1329,507.46875,3.2784824,1329,.67160749,.022240873,1329,.6697042,.024297997,1829,584,784,101,766,800,500
TIMSS,2019,ITA,8,1,bul_c_all=1,500,493.33447,6.1843581,500,495.32825,7.2022872,500,.61291271,.042885076,500,.6056844,.037611566,1829,584,784,101,766,800,500
TIMSS,2019,ITA,8,1,bul_ev_all=0,1045,509.5195,3.6031358,1045,512.36566,3.3466771,1045,.69535244,.021312278,1045,.67428911,.022271032,1829,584,784,101,766,800,500
TIMSS,2019,ITA,8,1,bul_ev_all=1,784,495.62451,3.9209094,784,493.07587,4.0522876,784,.60193127,.026811682,784,.62165707,.027198432,1829,584,784,101,766,800,500
TIMSS,2019,ITA,8,1,bul_ev_o=0,1728,505.38623,3.1269422,1728,506.09875,2.8955545,1728,.66776657,.018858537,1728,.66204274,.019895947,1829,584,784,101,766,800,500
TIMSS,2019,ITA,8,1,bul_ev_o=1,101,471.99493,9.4164133,101,469.14478,10.802948,101,.43964449,.066503681,101,.47494572,.072115183,1829,584,784,101,766,800,500
TIMSS,2019,ITA,8,1,bul_ev_trad=0,1063,509.26407,3.5476828,1063,511.8291,3.3179548,1063,.6921795,.021228481,1063,.67341495,.021728627,1829,584,784,101,766,800,500
TIMSS,2019,ITA,8,1,bul_ev_trad=1,766,495.64178,3.9465923,766,493.34848,4.0967045,766,.60403645,.027098157,766,.62159485,.027528338,1829,584,784,101,766,800,500
TIMSS,2019,ITA,8,1,bul_pv=0,1245,507.30945,3.4223812,1245,509.43506,3.1849468,1245,.68102401,.020136675,1245,.67020607,.021710642,1829,584,784,101,766,800,500
TIMSS,2019,ITA,8,1,bul_pv=1,584,495.29865,4.6779213,584,492.32651,4.6536484,584,.59859443,.030567568,584,.6111623,.03268782,1829,584,784,101,766,800,500
TIMSS,2019,JOR,8,0,all,3307,432.30786,3.6283321,3307,479.55276,3.9792552,3307,.55503339,.020558625,3307,.31339014,.019316699,3307,699,1380,388,1317,1400,719
TIMSS,2019,JOR,8,0,bul_any=1,1400,413.90359,4.4575028,1400,458.24316,5.2746234,1400,.44972211,.027615301,1400,.23701581,.021835051,3307,699,1380,388,1317,1400,719
TIMSS,2019,JOR,8,0,bul_c_all=0,2588,434.65201,4.1834679,2588,480.93164,4.3387837,2588,.56376505,.021919901,2588,.32602158,.021183686,3307,699,1380,388,1317,1400,719
TIMSS,2019,JOR,8,0,bul_c_all=1,719,423.83514,8.1010752,719,474.56897,10.05559,719,.52347392,.053855348,719,.26773509,.041815102,3307,699,1380,388,1317,1400,719
TIMSS,2019,JOR,8,0,bul_ev_all=0,1927,445.60214,3.5323224,1927,494.93814,3.9058101,1927,.63157845,.020410493,1927,.36792493,.020235483,3307,699,1380,388,1317,1400,719
TIMSS,2019,JOR,8,0,bul_ev_all=1,1380,413.73123,4.5080996,1380,458.05417,5.2900534,1380,.44807389,.027672878,1380,.2371864,.021961536,3307,699,1380,388,1317,1400,719
TIMSS,2019,JOR,8,0,bul_ev_o=0,2919,437.30762,3.4643214,2919,485.81592,3.7871621,2919,.58323973,.019775642,2919,.33252394,.01985969,3307,699,1380,388,1317,1400,719
TIMSS,2019,JOR,8,0,bul_ev_o=1,388,394.75568,6.9606662,388,432.51132,8.1260986,388,.34318078,.040917665,388,.16967945,.027512215,3307,699,1380,388,1317,1400,719
TIMSS,2019,JOR,8,0,bul_ev_trad=0,1990,443.91827,3.6762567,1990,492.98669,4.0392203,1990,.62172812,.020759512,1990,.36416236,.020266199,3307,699,1380,388,1317,1400,719
TIMSS,2019,JOR,8,0,bul_ev_trad=1,1317,414.43094,4.2706919,1317,458.86813,5.0591941,1317,.45234144,.028032487,1317,.23521453,.022682905,3307,699,1380,388,1317,1400,719
TIMSS,2019,JOR,8,0,bul_pv=0,2608,439.01566,3.7622759,2608,487.43158,4.1067491,2608,.59377378,.020752592,2608,.34258905,.021097871,3307,699,1380,388,1317,1400,719
TIMSS,2019,JOR,8,0,bul_pv=1,699,405.99918,4.5564094,699,448.65118,5.136848,699,.40308967,.031013582,699,.1988689,.023432523,3307,699,1380,388,1317,1400,719
TIMSS,2019,JOR,8,1,all,3869,409.1561,6.2553349,3869,426.58832,6.8027987,3869,.34792542,.026196886,3869,.2396262,.025157537,3869,1375,2125,856,2067,2156,1461
TIMSS,2019,JOR,8,1,bul_any=1,2156,398.18127,6.8355389,2156,410.64392,7.4091668,2156,.27454197,.025666829,2156,.1972928,.027130401,3869,1375,2125,856,2067,2156,1461
TIMSS,2019,JOR,8,1,bul_c_all=0,2408,411.88937,9.1991081,2408,428.16092,9.8741808,2408,.36311159,.037347551,2408,.26275754,.036664829,3869,1375,2125,856,2067,2156,1461
TIMSS,2019,JOR,8,1,bul_c_all=1,1461,403.33704,5.7039781,1461,423.2403,6.2883949,1461,.31559458,.02860876,1461,.19038029,.022216368,3869,1375,2125,856,2067,2156,1461
TIMSS,2019,JOR,8,1,bul_ev_all=0,1744,421.90228,6.2518296,1744,445.09827,6.80161,1744,.4314968,.031693384,1744,.28708893,.026660444,3869,1375,2125,856,2067,2156,1461
TIMSS,2019,JOR,8,1,bul_ev_all=1,2125,398.05566,6.8999252,2125,410.46832,7.4567904,2125,.27514452,.025874166,2125,.1982917,.027532874,3869,1375,2125,856,2067,2156,1461
TIMSS,2019,JOR,8,1,bul_ev_o=0,3013,419.73325,6.0025134,3013,441.96323,6.6288977,3013,.40545574,.028473306,3013,.27662787,.027261982,3869,1375,2125,856,2067,2156,1461
TIMSS,2019,JOR,8,1,bul_ev_o=1,856,371.2052,7.8791652,856,371.4231,7.7143354,856,.14150649,.021933697,856,.10686404,.02130644,3869,1375,2125,856,2067,2156,1461
TIMSS,2019,JOR,8,1,bul_ev_trad=0,1802,421.55472,6.3461142,1802,444.46582,6.9450555,1802,.42899615,.031832427,1802,.28537008,.026467083,3869,1375,2125,856,2067,2156,1461
TIMSS,2019,JOR,8,1,bul_ev_trad=1,2067,397.75928,6.8807607,2067,410.1553,7.4550743,2067,.27340525,.025802124,2067,.19757842,.027821654,3869,1375,2125,856,2067,2156,1461
TIMSS,2019,JOR,8,1,bul_pv=0,2494,419.08862,6.0593314,2494,441.0791,6.5952353,2494,.40727672,.029379986,2494,.27363032,.026732186,3869,1375,2125,856,2067,2156,1461
TIMSS,2019,JOR,8,1,bul_pv=1,1375,390.34729,7.2709169,1375,399.14777,8.2150002,1375,.23553455,.026303528,1375,.17523412,.026576718,3869,1375,2125,856,2067,2156,1461
TIMSS,2019,JPN,4,0,all,2038,593.34399,2.2237911,2038,564.59369,2.0405695,2038,.98904502,.00448171,2038,.99598563,.0021201496,2038,250,495,12,468,495,422
TIMSS,2019,JPN,4,0,bul_any=1,495,578.68872,3.8857214,495,553.52515,4.1714616,495,.97910798,.010712825,495,.99168164,.0060314946,2038,250,495,12,468,495,422
TIMSS,2019,JPN,4,0,bul_c_all=0,1616,594.29694,2.5459723,1616,565.45325,2.4350128,1616,.99015695,.0040730168,1616,.99650884,.0022436182,2038,250,495,12,468,495,422
TIMSS,2019,JPN,4,0,bul_c_all=1,422,589.72479,3.9509578,422,561.3291,3.4863665,422,.98482174,.0090876864,422,.99399835,.0085028876,2038,250,495,12,468,495,422
TIMSS,2019,JPN,4,0,bul_ev_all=0,1543,597.88531,2.2569845,1543,568.02356,1.9970564,1543,.99212426,.0034215576,1543,.99731928,.0018447227,2038,250,495,12,468,495,422
TIMSS,2019,JPN,4,0,bul_ev_all=1,495,578.68872,3.8857214,495,553.52515,4.1714616,495,.97910798,.010712825,495,.99168164,.0060314946,2038,250,495,12,468,495,422
TIMSS,2019,JPN,4,0,bul_ev_o=0,2026,593.61298,2.2217071,2026,564.88544,2.0416205,2026,.98963255,.003990009,2026,.99639803,.00197923,2038,250,495,12,468,495,422
TIMSS,2019,JPN,4,0,bul_ev_o=1,12,545.56042,27.469862,12,512.75342,28.894821,12,.88465714,.17028798,12,.92270494,.096620142,2038,250,495,12,468,495,422
TIMSS,2019,JPN,4,0,bul_ev_trad=0,1570,597.41205,2.3143287,1570,567.66821,2.0522449,1570,.99204254,.0035512287,1570,.99712181,.0021877764,2038,250,495,12,468,495,422
TIMSS,2019,JPN,4,0,bul_ev_trad=1,468,579.3089,3.9995723,468,553.98615,4.4050255,468,.97870332,.0109959,468,.99206561,.0062440452,2038,250,495,12,468,495,422
TIMSS,2019,JPN,4,0,bul_pv=0,1788,596.36322,2.2408075,1788,567.47571,2.0107067,1788,.99199528,.003690314,1788,.99743122,.0017534341,2038,250,495,12,468,495,422
TIMSS,2019,JPN,4,0,bul_pv=1,250,571.17853,4.7973514,250,543.43524,5.0534682,250,.96738583,.017762717,250,.98537236,.011060477,2038,250,495,12,468,495,422
TIMSS,2019,JPN,4,1,all,2158,592.59375,1.9632721,2158,558.90704,1.9969618,2158,.97485244,.0047973958,2158,.99193031,.0024065187,2158,540,938,27,924,938,455
TIMSS,2019,JPN,4,1,bul_any=1,938,589.66376,3.2033312,938,554.74103,3.5403514,938,.96707678,.0083314208,938,.9878006,.0040086489,2158,540,938,27,924,938,455
TIMSS,2019,JPN,4,1,bul_c_all=0,1703,593.9494,2.2964346,1703,560.03351,2.3844199,1703,.9753207,.0056343926,1703,.9923718,.0025233079,2158,540,938,27,924,938,455
TIMSS,2019,JPN,4,1,bul_c_all=1,455,587.4798,4.0188923,455,554.65747,3.623373,455,.97308588,.008422141,455,.99026483,.0061913119,2158,540,938,27,924,938,455
TIMSS,2019,JPN,4,1,bul_ev_all=0,1220,594.79102,2.3205888,1220,562.03113,2.0427344,1220,.98068351,.0057434677,1220,.99502718,.002563644,2158,540,938,27,924,938,455
TIMSS,2019,JPN,4,1,bul_ev_all=1,938,589.66376,3.2033312,938,554.74103,3.5403514,938,.96707678,.0083314208,938,.9878006,.0040086489,2158,540,938,27,924,938,455
TIMSS,2019,JPN,4,1,bul_ev_o=0,2131,593.34216,1.9427371,2131,559.65417,2.0084345,2131,.97707576,.004751143,2131,.99292201,.0023394823,2158,540,938,27,924,938,455
TIMSS,2019,JPN,4,1,bul_ev_o=1,27,535.81146,19.061514,27,502.21786,23.863491,27,.8061676,.09253221,27,.91668826,.052272126,2158,540,938,27,924,938,455
TIMSS,2019,JPN,4,1,bul_ev_trad=0,1234,594.34668,2.3094239,1234,561.62329,2.0519574,1234,.97972,.005507736,1234,.9950878,.0025289878,2158,540,938,27,924,938,455
TIMSS,2019,JPN,4,1,bul_ev_trad=1,924,590.18787,3.1909051,924,555.17889,3.5194998,924,.96817166,.0081415549,924,.98759663,.0040657595,2158,540,938,27,924,938,455
TIMSS,2019,JPN,4,1,bul_pv=0,1618,593.06677,2.1115999,1618,560.32446,1.9601119,1618,.97873241,.0045961151,1618,.99353075,.0027124293,2158,540,938,27,924,938,455
TIMSS,2019,JPN,4,1,bul_pv=1,540,591.13672,4.0389538,540,554.54065,5.0096054,540,.96290022,.01078361,540,.98699999,.0079771094,2158,540,938,27,924,938,455
TIMSS,2019,JPN,8,0,all,2278,593.13123,2.8974683,2278,564.72998,2.3597741,2278,.90101403,.0080827046,2278,.92841035,.0067718243,2278,105,351,27,321,357,581
TIMSS,2019,JPN,8,0,bul_any=1,357,585.5379,5.9536881,357,557.63257,4.6978717,357,.86271477,.020135796,357,.89184266,.019922975,2278,105,351,27,321,357,581
TIMSS,2019,JPN,8,0,bul_c_all=0,1697,595.60132,3.8229079,1697,566.57031,2.9423294,1697,.90782487,.0091629559,1697,.93084878,.0077105425,2278,105,351,27,321,357,581
TIMSS,2019,JPN,8,0,bul_c_all=1,581,585.4975,5.8304067,581,559.04242,3.8674688,581,.87996531,.020087639,581,.92087442,.015915321,2278,105,351,27,321,357,581
TIMSS,2019,JPN,8,0,bul_ev_all=0,1927,594.64728,2.9503849,1927,566.0614,2.3495266,1927,.90814918,.007959648,1927,.93551499,.0064926171,2278,105,351,27,321,357,581
TIMSS,2019,JPN,8,0,bul_ev_all=1,351,584.92084,6.0568876,351,557.51947,4.7985377,351,.86237222,.020603485,351,.88993341,.020210983,2278,105,351,27,321,357,581
TIMSS,2019,JPN,8,0,bul_ev_o=0,2251,593.65259,2.8917961,2251,565.24841,2.3450663,2251,.90344709,.0080800215,2251,.93044603,.0070111132,2278,105,351,27,321,357,581
TIMSS,2019,JPN,8,0,bul_ev_o=1,27,551.3985,22.380001,27,523.23004,20.297552,27,.70626229,.10861121,27,.7654658,.12105225,2278,105,351,27,321,357,581
TIMSS,2019,JPN,8,0,bul_ev_trad=0,1957,594.37927,2.9651027,1957,565.7641,2.4069431,1957,.90774274,.0078452406,1957,.93467534,.0065484964,2278,105,351,27,321,357,581
TIMSS,2019,JPN,8,0,bul_ev_trad=1,321,585.53113,6.589716,321,558.43237,5.0323968,321,.86003876,.023527082,321,.89025867,.022762006,2278,105,351,27,321,357,581
TIMSS,2019,JPN,8,0,bul_pv=0,2173,593.55078,2.9916797,2173,565.16321,2.4428329,2173,.9032734,.0089329099,2173,.93008447,.0067541986,2278,105,351,27,321,357,581
TIMSS,2019,JPN,8,0,bul_pv=1,105,584.87592,8.5554752,105,556.20618,8.2575874,105,.85655951,.033932481,105,.89547104,.037420802,2278,105,351,27,321,357,581
TIMSS,2019,JPN,8,1,all,2168,595.4118,3.1912169,2168,574.65497,2.4877193,2168,.89323521,.0084330225,2168,.90499717,.0085849604,2168,193,560,28,531,569,579
TIMSS,2019,JPN,8,1,bul_any=1,569,600.49933,4.894218,569,576.81464,4.2688985,569,.89913553,.018726362,569,.91039234,.015924547,2168,193,560,28,531,569,579
TIMSS,2019,JPN,8,1,bul_c_all=0,1589,599.62646,4.127316,1589,578.28851,3.167779,1589,.9008615,.010353198,1589,.91315538,.0097766016,2168,193,560,28,531,569,579
TIMSS,2019,JPN,8,1,bul_c_all=1,579,583.59796,5.0246668,579,564.46991,4.0178852,579,.87185842,.017618731,579,.88212949,.014335283,2168,193,560,28,531,569,579
TIMSS,2019,JPN,8,1,bul_ev_all=0,1608,593.91565,3.3806839,1608,574.08966,2.846535,1608,.89159989,.0095822755,1608,.90318197,.0091046095,2168,193,560,28,531,569,579
TIMSS,2019,JPN,8,1,bul_ev_all=1,560,599.71771,4.8689694,560,576.28192,4.3177981,560,.89794171,.019273406,560,.91022134,.016126866,2168,193,560,28,531,569,579
TIMSS,2019,JPN,8,1,bul_ev_o=0,2140,595.80872,3.2108457,2140,575.13824,2.4935389,2140,.89458811,.0082847066,2140,.9057399,.0083153304,2168,193,560,28,531,569,579
TIMSS,2019,JPN,8,1,bul_ev_o=1,28,564.26312,20.346298,28,536.72827,17.27179,28,.78707188,.081977203,28,.84671587,.075545006,2168,193,560,28,531,569,579
TIMSS,2019,JPN,8,1,bul_ev_trad=0,1637,593.64661,3.4373825,1637,573.81177,2.8465474,1637,.89147878,.009792801,1637,.90273058,.0093671717,2168,193,560,28,531,569,579
TIMSS,2019,JPN,8,1,bul_ev_trad=1,531,600.86304,4.8824191,531,577.25891,4.4350772,531,.89865953,.018882705,531,.91199678,.015200617,2168,193,560,28,531,569,579
TIMSS,2019,JPN,8,1,bul_pv=0,1975,595.26147,3.2694843,1975,574.70618,2.6770642,1975,.89351904,.0091758529,1975,.90517902,.008535644,2168,193,560,28,531,569,579
TIMSS,2019,JPN,8,1,bul_pv=1,193,596.97742,9.2602777,193,574.1217,7.5494528,193,.89027953,.03618652,193,.90310365,.027974267,2168,193,560,28,531,569,579
TIMSS,2019,KAZ,4,0,all,2345,512.30029,3.0531642,2345,497.38242,3.6443582,2345,.90117061,.010006166,2345,.9517262,.0091601713,2345,551,1163,265,1124,1163,297
TIMSS,2019,KAZ,4,0,bul_any=1,1163,504.00839,3.7769852,1163,489.33896,4.0599394,1163,.88716805,.013806278,1163,.94128358,.010239909,2345,551,1163,265,1124,1163,297
TIMSS,2019,KAZ,4,0,bul_c_all=0,2048,513.60809,3.356014,2048,499.59149,3.8836575,2048,.90584671,.010290466,2048,.95049524,.009252483,2345,551,1163,265,1124,1163,297
TIMSS,2019,KAZ,4,0,bul_c_all=1,297,504.07773,8.1295567,297,483.49353,10.148056,297,.87177104,.027282013,297,.95946562,.016666453,2345,551,1163,265,1124,1163,297
TIMSS,2019,KAZ,4,0,bul_ev_all=0,1182,520.35651,3.4613879,1182,505.19727,4.5527625,1182,.91477519,.010883139,1182,.96187204,.011605707,2345,551,1163,265,1124,1163,297
TIMSS,2019,KAZ,4,0,bul_ev_all=1,1163,504.00839,3.7769852,1163,489.33896,4.0599394,1163,.88716805,.013806278,1163,.94128358,.010239909,2345,551,1163,265,1124,1163,297
TIMSS,2019,KAZ,4,0,bul_ev_o=0,2080,514.15942,3.1223898,2080,498.84619,3.7433326,2080,.90506387,.010333247,2080,.95527214,.0093107326,2345,551,1163,265,1124,1163,297
TIMSS,2019,KAZ,4,0,bul_ev_o=1,265,496.50873,5.3009901,265,484.94901,5.6620407,265,.86810118,.025331561,265,.9216066,.020243447,2345,551,1163,265,1124,1163,297
TIMSS,2019,KAZ,4,0,bul_ev_trad=0,1221,520.05585,3.4138882,1221,504.80637,4.5724487,1221,.91370529,.010901495,1221,.96164638,.011295289,2345,551,1163,265,1124,1163,297
TIMSS,2019,KAZ,4,0,bul_ev_trad=1,1124,503.84341,3.8277004,1124,489.28711,4.0378327,1124,.88750243,.01411794,1124,.94090897,.010457419,2345,551,1163,265,1124,1163,297
TIMSS,2019,KAZ,4,0,bul_pv=0,1794,516.14435,3.1661723,1794,500.04028,4.0024204,1794,.90613365,.010574114,1794,.95913661,.010437082,2345,551,1163,265,1124,1163,297
TIMSS,2019,KAZ,4,0,bul_pv=1,551,499.24771,4.5111618,551,488.3576,4.320858,551,.88431853,.019155111,551,.9265641,.013343008,2345,551,1163,265,1124,1163,297
TIMSS,2019,KAZ,4,1,all,2446,511.88324,2.5823872,2446,491.0199,3.1220212,2446,.88354033,.012177458,2446,.95182019,.0066404277,2446,610,1312,347,1267,1312,318
TIMSS,2019,KAZ,4,1,bul_any=1,1312,505.88947,3.0922253,1312,485.99869,4.0407453,1312,.86449653,.016870266,1312,.9394117,.0087126503,2446,610,1312,347,1267,1312,318
TIMSS,2019,KAZ,4,1,bul_c_all=0,2128,513.33813,3.0166576,2128,492.69531,3.4525599,2128,.89232588,.012890225,2128,.95639288,.0072119026,2446,610,1312,347,1267,1312,318
TIMSS,2019,KAZ,4,1,bul_c_all=1,318,502.92224,7.5232482,318,480.70059,9.8498516,318,.82942837,.036537558,318,.92365623,.026517278,2446,610,1312,347,1267,1312,318
TIMSS,2019,KAZ,4,1,bul_ev_all=0,1134,518.61432,3.1356676,1134,496.65875,3.5521023,1134,.90492684,.011957043,1134,.96575516,.0079351971,2446,610,1312,347,1267,1312,318
TIMSS,2019,KAZ,4,1,bul_ev_all=1,1312,505.88947,3.0922253,1312,485.99869,4.0407453,1312,.86449653,.016870266,1312,.9394117,.0087126503,2446,610,1312,347,1267,1312,318
TIMSS,2019,KAZ,4,1,bul_ev_o=0,2099,514.68622,2.5437758,2099,494.41376,3.0913477,2099,.89421666,.011893328,2099,.95907176,.0062401835,2446,610,1312,347,1267,1312,318
TIMSS,2019,KAZ,4,1,bul_ev_o=1,347,494.50583,5.2915435,347,469.97934,6.278686,347,.8173517,.027964506,347,.90686381,.021465022,2446,610,1312,347,1267,1312,318
TIMSS,2019,KAZ,4,1,bul_ev_trad=0,1179,517.86676,3.1787665,1179,495.80038,3.5884087,1179,.90201271,.012543987,1179,.96394998,.0084890118,2446,610,1312,347,1267,1312,318
TIMSS,2019,KAZ,4,1,bul_ev_trad=1,1267,506.19379,3.0643671,1267,486.47433,3.9283023,1267,.86597592,.015973061,1267,.94028658,.0087106526,2446,610,1312,347,1267,1312,318
TIMSS,2019,KAZ,4,1,bul_pv=0,1836,514.79187,2.7604375,1836,492.46036,3.3624513,1836,.89025307,.01188964,1836,.9601537,.0072001927,2446,610,1312,347,1267,1312,318
TIMSS,2019,KAZ,4,1,bul_pv=1,610,502.65161,4.2033253,610,486.448,5.0876417,610,.86223525,.023596263,610,.92537099,.014102092,2446,610,1312,347,1267,1312,318
TIMSS,2019,KAZ,8,0,all,2188,489.56918,4.0381689,2188,482.50296,3.5837328,2188,.53361225,.019467309,2188,.56605858,.023965392,2188,187,1360,1116,666,1363,249
TIMSS,2019,KAZ,8,0,bul_any=1,1363,492.58069,4.1299338,1363,487.71994,3.9936886,1363,.56855983,.025836531,1363,.59138989,.026450142,2188,187,1360,1116,666,1363,249
TIMSS,2019,KAZ,8,0,bul_c_all=0,1939,490.90796,4.1029739,1939,482.96408,3.8050025,1939,.53495336,.020347176,1939,.57418072,.024958994,2188,187,1360,1116,666,1363,249
TIMSS,2019,KAZ,8,0,bul_c_all=1,249,480.17471,18.187288,249,479.26743,17.130753,249,.52420139,.081205085,249,.50906426,.086406082,2188,187,1360,1116,666,1363,249
TIMSS,2019,KAZ,8,0,bul_ev_all=0,828,484.64063,5.3741565,828,474.2572,5.2057452,828,.47901121,.029436005,828,.525603,.031005792,2188,187,1360,1116,666,1363,249
TIMSS,2019,KAZ,8,0,bul_ev_all=1,1360,492.79407,4.1384859,1360,487.89841,4.0069127,1360,.56933916,.026194114,1360,.59252971,.026467547,2188,187,1360,1116,666,1363,249
TIMSS,2019,KAZ,8,0,bul_ev_o=0,1072,480.47891,4.7069206,1072,470.56744,4.6613827,1072,.46471214,.024321437,1072,.5107848,.028010597,2188,187,1360,1116,666,1363,249
TIMSS,2019,KAZ,8,0,bul_ev_o=1,1116,498.97803,4.6721964,1116,494.85684,4.2166471,1116,.60492736,.025101524,1116,.62326974,.02801175,2188,187,1360,1116,666,1363,249
TIMSS,2019,KAZ,8,0,bul_ev_trad=0,1522,495.21942,4.5126419,1522,487.90326,4.0776424,1522,.55808306,.020785645,1522,.59380132,.025470989,2188,187,1360,1116,666,1363,249
TIMSS,2019,KAZ,8,0,bul_ev_trad=1,666,476.53586,4.8411484,666,470.04623,5.0618439,666,.47716588,.031476855,666,.50206488,.032858081,2188,187,1360,1116,666,1363,249
TIMSS,2019,KAZ,8,0,bul_pv=0,2001,491.41241,3.9859543,2001,483.91846,3.7553203,2001,.53631055,.020454185,2001,.57283312,.02378691,2188,187,1360,1116,666,1363,249
TIMSS,2019,KAZ,8,0,bul_pv=1,187,470.16998,9.3417377,187,467.60577,8.6430168,187,.5052141,.047627952,187,.4947603,.058937598,2188,187,1360,1116,666,1363,249
TIMSS,2019,KAZ,8,1,all,2265,485.65839,3.7580218,2265,473.86987,3.5677588,2265,.49556589,.018045779,2265,.537413,.020075627,2265,198,1359,1144,624,1363,267
TIMSS,2019,KAZ,8,1,bul_any=1,1363,493.94571,3.7574878,1363,484.90106,3.8265631,1363,.55000329,.021424815,1363,.58586943,.022189705,2265,198,1359,1144,624,1363,267
TIMSS,2019,KAZ,8,1,bul_c_all=0,1998,486.87979,4.1762156,1998,475.21893,3.9725361,1998,.49894175,.020200077,1998,.54467916,.022165727,2265,198,1359,1144,624,1363,267
TIMSS,2019,KAZ,8,1,bul_c_all=1,267,477.70273,15.888146,267,465.08267,15.353887,267,.47357693,.074336454,267,.49008429,.082900971,2265,198,1359,1144,624,1363,267
TIMSS,2019,KAZ,8,1,bul_ev_all=0,906,474.61566,5.627543,906,459.40747,5.2796617,906,.42575485,.029020118,906,.47309563,.03062338,2265,198,1359,1144,624,1363,267
TIMSS,2019,KAZ,8,1,bul_ev_all=1,1359,494.15506,3.7694254,1359,484.99774,3.8095989,1359,.54928094,.021403614,1359,.58690101,.021927735,2265,198,1359,1144,624,1363,267
TIMSS,2019,KAZ,8,1,bul_ev_o=0,1121,473.39905,5.2587667,1121,458.86896,4.8734245,1121,.42096579,.024387335,1121,.47559816,.027776629,2265,198,1359,1144,624,1363,267
TIMSS,2019,KAZ,8,1,bul_ev_o=1,1144,499.7963,4.0213065,1144,491.16943,3.9996538,1144,.58159715,.021636391,1144,.60869986,.023621075,2265,198,1359,1144,624,1363,267
TIMSS,2019,KAZ,8,1,bul_ev_trad=0,1641,487.5972,3.9870021,1641,475.77625,3.9441991,1641,.50292015,.021846164,1641,.5359742,.022266211,2265,198,1359,1144,624,1363,267
TIMSS,2019,KAZ,8,1,bul_ev_trad=1,624,480.21768,5.0333033,624,468.52014,4.9518137,624,.47492805,.030927656,624,.54145044,.029484859,2265,198,1359,1144,624,1363,267
TIMSS,2019,KAZ,8,1,bul_pv=0,2067,486.37665,3.8058486,2067,474.37906,3.5892069,2067,.49621603,.01845918,2067,.54046398,.021027392,2265,198,1359,1144,624,1363,267
TIMSS,2019,KAZ,8,1,bul_pv=1,198,476.76157,8.7738991,198,467.56262,8.9176121,198,.48751277,.052905884,198,.4996205,.056118444,2265,198,1359,1144,624,1363,267
TIMSS,2019,KOR,4,0,all,1861,596.88452,2.2378013,1861,582.66943,2.3805044,1861,.99437684,.0024589028,1861,.99584526,.0031215362,1861,255,618,59,603,618,268
TIMSS,2019,KOR,4,0,bul_any=1,618,589.39386,3.3579125,618,579.83887,2.9390121,618,.99240708,.0048601511,618,.99240077,.0047688629,1861,255,618,59,603,618,268
TIMSS,2019,KOR,4,0,bul_c_all=0,1593,599.22546,2.6858604,1593,584.57507,2.6236837,1593,.99502248,.0017924407,1593,.99615496,.0038618541,1861,255,618,59,603,618,268
TIMSS,2019,KOR,4,0,bul_c_all=1,268,586.56812,5.2146192,268,574.27155,5.2244873,268,.99153143,.0098700952,268,.99448037,.006158507,1861,255,618,59,603,618,268
TIMSS,2019,KOR,4,0,bul_ev_all=0,1243,600.83173,2.7529621,1243,584.16101,3.1546574,1243,.99541479,.0026527841,1243,.99766034,.0039988835,1861,255,618,59,603,618,268
TIMSS,2019,KOR,4,0,bul_ev_all=1,618,589.39386,3.3579125,618,579.83887,2.9390121,618,.99240708,.0048601511,618,.99240077,.0047688629,1861,255,618,59,603,618,268
TIMSS,2019,KOR,4,0,bul_ev_o=0,1802,596.88208,2.2729509,1802,582.50952,2.3879225,1802,.99456823,.0026698748,1802,.99595869,.0032103036,1861,255,618,59,603,618,268
TIMSS,2019,KOR,4,0,bul_ev_o=1,59,596.95386,13.870061,59,587.24731,12.079771,59,.98889744,.021832367,59,.9925983,.021832367,1861,255,618,59,603,618,268
TIMSS,2019,KOR,4,0,bul_ev_trad=0,1258,600.89966,2.7122006,1258,584.40234,3.0828626,1258,.99547583,.0026150716,1258,.99769151,.0039456659,1861,255,618,59,603,618,268
TIMSS,2019,KOR,4,0,bul_ev_trad=1,603,588.95947,3.3816752,603,579.24908,2.9887729,603,.99220765,.0049868012,603,.99220121,.0048930268,1861,255,618,59,603,618,268
TIMSS,2019,KOR,4,0,bul_pv=0,1606,597.37946,2.5377679,1606,582.76617,2.6338003,1606,.99427378,.0031002243,1606,.99577749,.0034423945,1861,255,618,59,603,618,268
TIMSS,2019,KOR,4,0,bul_pv=1,255,593.79657,5.4714227,255,582.06592,5.0160079,255,.99501967,.0062652254,255,.99626803,.0078071179,1861,255,618,59,603,618,268
TIMSS,2019,KOR,4,1,all,2032,602.07208,2.8352923,2032,592.07428,2.5870576,2032,.99039197,.0033959588,2032,.99152571,.0024995063,2032,496,932,99,913,932,292
TIMSS,2019,KOR,4,1,bul_any=1,932,598.10681,4.1493001,932,587.46576,3.5550632,932,.98757637,.005308812,932,.98905599,.0038593125,2032,496,932,99,913,932,292
TIMSS,2019,KOR,4,1,bul_c_all=0,1740,604.73767,3.0425091,1740,594.61621,2.8846476,1740,.99110615,.0033587478,1740,.99311668,.0026033882,2032,496,932,99,913,932,292
TIMSS,2019,KOR,4,1,bul_c_all=1,292,590.14362,6.7735782,292,580.6994,6.1097307,292,.98719609,.0078676343,292,.98440617,.0089469589,2032,496,932,99,913,932,292
TIMSS,2019,KOR,4,1,bul_ev_all=0,1100,605.5282,2.9600852,1100,596.09113,3.1730754,1100,.99284613,.0038006366,1100,.99367833,.0036955632,2032,496,932,99,913,932,292
TIMSS,2019,KOR,4,1,bul_ev_all=1,932,598.10681,4.1493001,932,587.46576,3.5550632,932,.98757637,.005308812,932,.98905599,.0038593125,2032,496,932,99,913,932,292
TIMSS,2019,KOR,4,1,bul_ev_o=0,1933,603.42578,2.751683,1933,593.62445,2.6093683,1933,.9913379,.0034629437,1933,.99279141,.0026971791,2032,496,932,99,913,932,292
TIMSS,2019,KOR,4,1,bul_ev_o=1,99,576.62213,9.228447,99,562.93073,8.1363649,99,.97260821,.027704932,99,.96773052,.017634755,2032,496,932,99,913,932,292
TIMSS,2019,KOR,4,1,bul_ev_trad=0,1119,604.59119,2.9297125,1119,595.18707,3.1229355,1119,.99268734,.0037024987,1119,.99380946,.0036066212,2032,496,932,99,913,932,292
TIMSS,2019,KOR,4,1,bul_ev_trad=1,913,599.04712,4.1570568,913,588.33643,3.5585859,913,.98763573,.0051653376,913,.9887833,.0039547137,2032,496,932,99,913,932,292
TIMSS,2019,KOR,4,1,bul_pv=0,1536,604.46356,2.8652933,1536,594.51825,2.9066849,1536,.99389958,.0032219845,1536,.99352407,.0029593396,2032,496,932,99,913,932,292
TIMSS,2019,KOR,4,1,bul_pv=1,496,594.93115,5.3346834,496,584.77673,4.5992956,496,.97991848,.0098825358,496,.98555875,.0064341412,2032,496,932,99,913,932,292
TIMSS,2019,KOR,8,0,all,1922,604.17474,3.3575435,1922,555.25507,3.0025117,1922,.85318857,.016052751,1922,.90277994,.010198042,1922,57,452,69,440,454,359
TIMSS,2019,KOR,8,0,bul_any=1,454,604.96368,5.3400817,454,551.72064,5.0777278,454,.82755655,.025977237,454,.89501524,.018226806,1922,57,452,69,440,454,359
TIMSS,2019,KOR,8,0,bul_c_all=0,1563,603.16821,3.4410141,1563,554.84729,3.3934464,1563,.84925371,.017319562,1563,.90260941,.010883142,1922,57,452,69,440,454,359
TIMSS,2019,KOR,8,0,bul_c_all=1,359,608.17578,8.8862829,359,556.8761,6.4232507,359,.86882997,.028992737,359,.90345782,.020215783,1922,57,452,69,440,454,359
TIMSS,2019,KOR,8,0,bul_ev_all=0,1470,603.95715,3.5853624,1470,556.39832,3.1447096,1470,.86152661,.016008707,1470,.90535313,.011810935,1922,57,452,69,440,454,359
TIMSS,2019,KOR,8,0,bul_ev_all=1,452,604.85638,5.3734908,452,551.67419,5.0885477,452,.82707196,.026076619,452,.89472026,.018272769,1922,57,452,69,440,454,359
TIMSS,2019,KOR,8,0,bul_ev_o=0,1853,603.80292,3.4268138,1853,555.30878,3.0992894,1853,.85332859,.016707014,1853,.90236878,.010628927,1922,57,452,69,440,454,359
TIMSS,2019,KOR,8,0,bul_ev_o=1,69,613.54041,12.854422,69,553.90228,9.8329277,69,.84966266,.052361645,69,.91313672,.039562881,1922,57,452,69,440,454,359
TIMSS,2019,KOR,8,0,bul_ev_trad=0,1482,604.17212,3.5943215,1482,556.42749,3.1233506,1482,.86200619,.015967516,1482,.90583611,.011654977,1922,57,452,69,440,454,359
TIMSS,2019,KOR,8,0,bul_ev_trad=1,440,604.18341,5.4624038,440,551.43573,5.2370553,440,.82446474,.026304662,440,.89282435,.017955307,1922,57,452,69,440,454,359
TIMSS,2019,KOR,8,0,bul_pv=0,1865,604.67139,3.3159611,1865,555.75787,2.8047447,1865,.85715568,.014566734,1865,.90504467,.010126072,1922,57,452,69,440,454,359
TIMSS,2019,KOR,8,0,bul_pv=1,57,588.82623,17.392908,57,539.71588,17.873745,57,.73058492,.098532237,57,.83278948,.075174816,1922,57,452,69,440,454,359
TIMSS,2019,KOR,8,1,all,1939,609.28015,3.221221,1939,565.71716,2.587363,1939,.85710722,.010345276,1939,.89769357,.0094697326,1939,337,681,87,678,684,413
TIMSS,2019,KOR,8,1,bul_any=1,684,617.45245,5.1966414,684,568.87067,4.0830512,684,.86370397,.016894389,684,.91713649,.015432316,1939,337,681,87,678,684,413
TIMSS,2019,KOR,8,1,bul_c_all=0,1526,608.87415,3.5689015,1526,566.01086,2.826623,1526,.86067539,.012007596,1526,.90009564,.010353622,1939,337,681,87,678,684,413
TIMSS,2019,KOR,8,1,bul_c_all=1,413,610.68494,7.93994,413,564.70111,6.3711796,413,.84476215,.023147414,413,.88938302,.019735958,1939,337,681,87,678,684,413
TIMSS,2019,KOR,8,1,bul_ev_all=0,1258,604.98547,4.045495,1258,564.04871,3.1012709,1258,.85374701,.014044129,1258,.88747722,.012089763,1939,337,681,87,678,684,413
TIMSS,2019,KOR,8,1,bul_ev_all=1,681,617.32074,5.1642032,681,568.84088,4.0854621,681,.86339831,.01690934,681,.91682094,.015494266,1939,337,681,87,678,684,413
TIMSS,2019,KOR,8,1,bul_ev_o=0,1852,608.79156,3.4027278,1852,566.35706,2.7690492,1852,.85755134,.010825235,1852,.89508152,.0098974193,1939,337,681,87,678,684,413
TIMSS,2019,KOR,8,1,bul_ev_o=1,87,619.72235,8.6857901,87,552.04169,8.2163086,87,.84761548,.040963627,87,.95351613,.023389678,1939,337,681,87,678,684,413
TIMSS,2019,KOR,8,1,bul_ev_trad=0,1261,605.16101,4.0381007,1261,564.16864,3.1135228,1261,.85405642,.014019546,1261,.88771528,.012059861,1939,337,681,87,678,684,413
TIMSS,2019,KOR,8,1,bul_ev_trad=1,678,617.03925,5.143342,678,568.63409,4.078166,678,.86285388,.016970599,678,.91648942,.015552966,1939,337,681,87,678,684,413
TIMSS,2019,KOR,8,1,bul_pv=0,1602,606.82709,3.5554945,1602,565.13055,2.8283994,1602,.85512584,.01243916,1602,.88975674,.011070379,1939,337,681,87,678,684,413
TIMSS,2019,KOR,8,1,bul_pv=1,337,621.39417,6.15728,337,568.61395,5.3740067,337,.86689174,.020351218,337,.93688822,.015646921,1939,337,681,87,678,684,413
TIMSS,2019,KWT,4,0,all,2135,386.77814,6.1191173,2135,412.76044,6.8935614,2135,.56941003,.02445842,2135,.47425115,.02481682,2135,761,1229,410,1187,1229,543
TIMSS,2019,KWT,4,0,bul_any=1,1229,380.26846,5.8497934,1229,404.03024,7.2140317,1229,.53817469,.026361763,1229,.45107371,.026069285,2135,761,1229,410,1187,1229,543
TIMSS,2019,KWT,4,0,bul_c_all=0,1592,387.18027,6.9473367,1592,415.98746,7.9151778,1592,.57995331,.026893776,1592,.47643816,.027746243,2135,761,1229,410,1187,1229,543
TIMSS,2019,KWT,4,0,bul_c_all=1,543,385.5433,10.513726,543,402.85114,12.307309,543,.53703439,.047582418,543,.46753541,.047894072,2135,761,1229,410,1187,1229,543
TIMSS,2019,KWT,4,0,bul_ev_all=0,906,395.58832,8.8716841,906,424.57587,9.0576239,906,.61168373,.033433519,906,.50561941,.033737097,2135,761,1229,410,1187,1229,543
TIMSS,2019,KWT,4,0,bul_ev_all=1,1229,380.26846,5.8497934,1229,404.03024,7.2140317,1229,.53817469,.026361763,1229,.45107371,.026069285,2135,761,1229,410,1187,1229,543
TIMSS,2019,KWT,4,0,bul_ev_o=0,1725,397.17578,6.6974821,1725,425.38263,7.2767725,1725,.61611044,.026401365,1725,.51505125,.026359379,2135,761,1229,410,1187,1229,543
TIMSS,2019,KWT,4,0,bul_ev_o=1,410,342.37524,8.2953367,410,358.85773,8.9798689,410,.36997733,.037994903,410,.30001569,.035468142,2135,761,1229,410,1187,1229,543
TIMSS,2019,KWT,4,0,bul_ev_trad=0,948,394.96301,8.4823723,948,423.84766,8.8514471,948,.60858595,.032677956,948,.5019415,.031845268,2135,761,1229,410,1187,1229,543
TIMSS,2019,KWT,4,0,bul_ev_trad=1,1187,380.26337,6.003139,1187,403.93561,7.3266034,1187,.53822798,.027710624,1187,.45221105,.027419304,2135,761,1229,410,1187,1229,543
TIMSS,2019,KWT,4,0,bul_pv=0,1374,393.01108,7.1853309,1374,420.0383,7.773006,1374,.59296274,.027606726,1374,.49669546,.028054427,2135,761,1229,410,1187,1229,543
TIMSS,2019,KWT,4,0,bul_pv=1,761,375.53983,6.7584543,761,399.63809,7.9102731,761,.52694327,.030305626,761,.43378288,.031605896,2135,761,1229,410,1187,1229,543
TIMSS,2019,KWT,4,1,all,2302,380.24133,6.7548308,2302,374.09933,8.6617165,2302,.42807361,.028664505,2302,.45802823,.025229434,2302,1208,1678,751,1636,1678,1140
TIMSS,2019,KWT,4,1,bul_any=1,1678,375.37531,6.9978938,1678,369.46936,8.7097607,1678,.40792608,.029549774,1678,.4321855,.027390005,2302,1208,1678,751,1636,1678,1140
TIMSS,2019,KWT,4,1,bul_c_all=0,1162,394.46954,9.8567047,1162,387.84918,11.471375,1162,.48101339,.039984372,1162,.51528913,.038749993,2302,1208,1678,751,1636,1678,1140
TIMSS,2019,KWT,4,1,bul_c_all=1,1140,365.94568,10.181985,1140,360.28436,12.262424,1140,.37488291,.037752446,1140,.40049592,.034576871,2302,1208,1678,751,1636,1678,1140
TIMSS,2019,KWT,4,1,bul_ev_all=0,624,392.93182,10.039196,624,386.17429,12.86892,624,.48061803,.040805012,624,.52542561,.036310907,2302,1208,1678,751,1636,1678,1140
TIMSS,2019,KWT,4,1,bul_ev_all=1,1678,375.37531,6.9978938,1678,369.46936,8.7097607,1678,.40792608,.029549774,1678,.4321855,.027390005,2302,1208,1678,751,1636,1678,1140
TIMSS,2019,KWT,4,1,bul_ev_o=0,1551,397.21924,6.957716,1551,393.29272,9.3311386,1551,.49769616,.030860635,1551,.52428508,.026577573,2302,1208,1678,751,1636,1678,1140
TIMSS,2019,KWT,4,1,bul_ev_o=1,751,345.22382,8.7729206,751,334.51236,9.3481627,751,.28447473,.033024855,751,.32137117,.036282845,2302,1208,1678,751,1636,1678,1140
TIMSS,2019,KWT,4,1,bul_ev_trad=0,666,392.63705,10.079027,666,385.28156,12.74893,666,.4783262,.041520111,666,.52146357,.035658568,2302,1208,1678,751,1636,1678,1140
TIMSS,2019,KWT,4,1,bul_ev_trad=1,1636,375.09814,6.9243464,1636,369.45966,8.7449951,1636,.40722293,.029568171,1636,.4317078,.027028486,2302,1208,1678,751,1636,1678,1140
TIMSS,2019,KWT,4,1,bul_pv=0,1094,385.43295,7.972044,1094,375.51758,10.440071,1094,.44114724,.033929188,1094,.48288035,.028124984,2302,1208,1678,751,1636,1678,1140
TIMSS,2019,KWT,4,1,bul_pv=1,1208,375.5022,7.3602033,1208,372.80472,8.9017267,1208,.41613939,.030662056,1208,.43534204,.029579749,2302,1208,1678,751,1636,1678,1140
TIMSS,2019,KWT,8,0,all,2445,406.83374,5.1208048,2445,460.85849,5.5707297,2445,.45031133,.026501566,2445,.20850578,.02146117,2445,695,1108,326,1044,1118,901
TIMSS,2019,KWT,8,0,bul_any=1,1118,393.53836,5.9227219,1118,443.93518,6.5880985,1118,.36686096,.030045234,1118,.16563107,.025749946,2445,695,1108,326,1044,1118,901
TIMSS,2019,KWT,8,0,bul_c_all=0,1544,411.9339,5.4244313,1544,467.30301,5.8526363,1544,.47301957,.030383602,1544,.22304991,.022690093,2445,695,1108,326,1044,1118,901
TIMSS,2019,KWT,8,0,bul_c_all=1,901,397.70963,10.20522,901,449.32928,10.42205,901,.40968636,.050770316,901,.18248639,.04304675,2445,695,1108,326,1044,1118,901
TIMSS,2019,KWT,8,0,bul_ev_all=0,1337,417.6351,5.1425505,1337,474.61502,5.40694,1337,.51773506,.027923211,1337,.24304131,.02211998,2445,695,1108,326,1044,1118,901
TIMSS,2019,KWT,8,0,bul_ev_all=1,1108,393.67551,5.8919268,1108,444.10022,6.5427928,1108,.36817539,.030098002,1108,.16643444,.025786664,2445,695,1108,326,1044,1118,901
TIMSS,2019,KWT,8,0,bul_ev_o=0,2119,411.00571,4.9641147,2119,466.72821,5.3768139,2119,.47461054,.026080199,2119,.22141878,.022300383,2445,695,1108,326,1044,1118,901
TIMSS,2019,KWT,8,0,bul_ev_o=1,326,379.18976,7.8993959,326,421.96506,8.3819933,326,.28930163,.041937713,326,.12294257,.031075349,2445,695,1108,326,1044,1118,901
TIMSS,2019,KWT,8,0,bul_ev_trad=0,1401,417.45694,5.2003832,1401,473.70328,5.4034791,1401,.51231217,.028671788,1401,.24274425,.022702429,2445,695,1108,326,1044,1118,901
TIMSS,2019,KWT,8,0,bul_ev_trad=1,1044,392.54117,5.776423,1044,443.577,6.6678338,1044,.36689469,.030106293,1044,.16244096,.025367815,2445,695,1108,326,1044,1118,901
TIMSS,2019,KWT,8,0,bul_pv=0,1750,415.22092,4.9810624,1750,472.16846,5.2088647,1750,.50202435,.02689817,1750,.23838872,.021595653,2445,695,1108,326,1044,1118,901
TIMSS,2019,KWT,8,0,bul_pv=1,695,385.44318,6.3819151,695,432.0137,7.1190453,695,.31842297,.032524437,695,.13229263,.026171939,2445,695,1108,326,1044,1118,901
TIMSS,2019,KWT,8,1,all,2129,398.20233,7.8400035,2129,425.703,9.533865,2129,.32985234,.035660826,2129,.21536435,.027165141,2129,748,1217,400,1177,1234,945
TIMSS,2019,KWT,8,1,bul_any=1,1234,397.12735,7.9381995,1234,424.3699,9.2506456,1234,.32621393,.034829557,1234,.21497647,.026687454,2129,748,1217,400,1177,1234,945
TIMSS,2019,KWT,8,1,bul_c_all=0,1184,412.35947,8.3154306,1184,437.19763,10.746729,1184,.37147734,.044301167,1184,.25397348,.035182681,2129,748,1217,400,1177,1234,945
TIMSS,2019,KWT,8,1,bul_c_all=1,945,377.16226,10.956177,945,408.61984,12.760121,945,.26798993,.042234033,945,.15798405,.034682468,2129,748,1217,400,1177,1234,945
TIMSS,2019,KWT,8,1,bul_ev_all=0,912,400.4248,8.7918091,912,428.36584,10.722507,912,.33838439,.040911753,912,.21743149,.032504089,2129,748,1217,400,1177,1234,945
TIMSS,2019,KWT,8,1,bul_ev_all=1,1217,396.55038,7.9597421,1217,423.72366,9.2814074,1217,.32351044,.034592099,1217,.21382785,.026806392,2129,748,1217,400,1177,1234,945
TIMSS,2019,KWT,8,1,bul_ev_o=0,1729,403.66635,7.9400339,1729,433.1373,9.5245686,1729,.35248685,.037277088,1729,.2284473,.028452672,2129,748,1217,400,1177,1234,945
TIMSS,2019,KWT,8,1,bul_ev_o=1,400,374.45474,9.4101725,400,393.39206,11.804012,400,.2314785,.038860384,400,.1585034,.028187068,2129,748,1217,400,1177,1234,945
TIMSS,2019,KWT,8,1,bul_ev_trad=0,952,400.66772,8.5668697,952,429.16174,10.49256,952,.33964804,.040106397,952,.21679987,.031700492,2129,748,1217,400,1177,1234,945
TIMSS,2019,KWT,8,1,bul_ev_trad=1,1177,396.24039,8.0860767,1177,422.9505,9.4888535,1177,.32205686,.035564154,1177,.21422195,.027334208,2129,748,1217,400,1177,1234,945
TIMSS,2019,KWT,8,1,bul_pv=0,1381,401.23254,8.0150805,1381,430.34048,9.9247732,1381,.34529248,.037504584,1381,.22164872,.029666208,2129,748,1217,400,1177,1234,945
TIMSS,2019,KWT,8,1,bul_pv=1,748,392.7558,8.9095373,748,417.36749,9.8551683,748,.30210003,.035814349,748,.20406874,.028232938,2129,748,1217,400,1177,1234,945
TIMSS,2019,LBN,8,0,all,2381,426.66409,3.4735553,2381,379.4115,5.3967915,2381,.19368267,.016713619,2381,.26216936,.017686181,2381,652,1343,339,1294,1357,876
TIMSS,2019,LBN,8,0,bul_any=1,1357,421.2605,4.4667535,1357,370.26755,6.9046745,1357,.16885209,.018819865,1357,.23538749,.022273203,2381,652,1343,339,1294,1357,876
TIMSS,2019,LBN,8,0,bul_c_all=0,1505,423.01926,5.5255351,1505,375.02408,8.9889555,1505,.18501318,.025978167,1505,.23639254,.025010191,2381,652,1343,339,1294,1357,876
TIMSS,2019,LBN,8,0,bul_c_all=1,876,431.88239,6.0172305,876,385.69296,9.6495132,876,.20609474,.033936962,876,.29907382,.035069529,2381,652,1343,339,1294,1357,876
TIMSS,2019,LBN,8,0,bul_ev_all=0,1038,433.32083,3.9075201,1038,391.07162,6.0643797,1038,.22519295,.023704434,1038,.29559311,.024280282,2381,652,1343,339,1294,1357,876
TIMSS,2019,LBN,8,0,bul_ev_all=1,1343,421.39621,4.4508629,1343,370.18417,6.8785272,1343,.16874674,.019096034,1343,.23571917,.02207485,2381,652,1343,339,1294,1357,876
TIMSS,2019,LBN,8,0,bul_ev_o=0,2042,428.83032,3.5426116,2042,382.45062,5.2306395,2042,.19982521,.0170752,2042,.27051374,.018259751,2381,652,1343,339,1294,1357,876
TIMSS,2019,LBN,8,0,bul_ev_o=1,339,413.18094,6.7575932,339,360.49524,11.583135,339,.15544988,.0276428,339,.21023177,.037727956,2381,652,1343,339,1294,1357,876
TIMSS,2019,LBN,8,0,bul_ev_trad=0,1087,432.81876,4.1358581,1087,390.61975,6.1195679,1087,.22406271,.023080923,1087,.29269004,.025716277,2381,652,1343,339,1294,1357,876
TIMSS,2019,LBN,8,0,bul_ev_trad=1,1294,421.36789,4.6532178,1294,369.7666,7.1170735,1294,.16754007,.019761534,1294,.23590574,.022699272,2381,652,1343,339,1294,1357,876
TIMSS,2019,LBN,8,0,bul_pv=0,1729,431.68002,3.4092653,1729,387.04892,5.0515552,1729,.21377636,.018781515,1729,.28724745,.020714454,2381,652,1343,339,1294,1357,876
TIMSS,2019,LBN,8,0,bul_pv=1,652,412.86838,5.0133724,652,358.4057,8.2943449,652,.13841735,.021167776,652,.19319504,.027889889,2381,652,1343,339,1294,1357,876
TIMSS,2019,LBN,8,1,all,2349,431.88431,3.2324564,2349,374.42081,4.931869,2349,.1803464,.014650818,2349,.2734409,.021194804,2349,949,1521,529,1473,1544,951
TIMSS,2019,LBN,8,1,bul_any=1,1544,425.68088,3.4779725,1544,364.44351,5.4232273,1544,.14358686,.013794415,1544,.2385947,.021734191,2349,949,1521,529,1473,1544,951
TIMSS,2019,LBN,8,1,bul_c_all=0,1398,430.2222,5.0554104,1398,373.70065,8.1859283,1398,.18290441,.024407592,1398,.26412976,.029256815,2349,949,1521,529,1473,1544,951
TIMSS,2019,LBN,8,1,bul_c_all=1,951,434.01871,5.7860236,951,375.34561,8.6812687,951,.1770616,.030994941,951,.28539759,.038278446,2349,949,1521,529,1473,1544,951
TIMSS,2019,LBN,8,1,bul_ev_all=0,828,443.01846,4.4196148,828,392.67999,6.3200727,828,.24752273,.025407415,828,.3365283,.02905114,2349,949,1521,529,1473,1544,951
TIMSS,2019,LBN,8,1,bul_ev_all=1,1521,425.55075,3.4911933,1521,364.03424,5.3577094,1521,.1421337,.013296897,1521,.23755413,.022071075,2349,949,1521,529,1473,1544,951
TIMSS,2019,LBN,8,1,bul_ev_o=0,1820,435.16003,3.5151556,1820,380.29611,5.1377406,1820,.19950397,.017887162,1820,.29549745,.022811493,2349,949,1521,529,1473,1544,951
TIMSS,2019,LBN,8,1,bul_ev_o=1,529,420.25537,4.4357433,529,353.56323,7.3953085,529,.11233595,.018976826,529,.19513884,.0319423,2349,949,1521,529,1473,1544,951
TIMSS,2019,LBN,8,1,bul_ev_trad=0,876,443.25903,4.1655526,876,393.2467,6.1263256,876,.24516875,.02348217,876,.33428082,.028943229,2349,949,1521,529,1473,1544,951
TIMSS,2019,LBN,8,1,bul_ev_trad=1,1473,424.77945,3.5198748,1473,362.6618,5.4061437,1473,.1398571,.014211417,1473,.23543908,.022802442,2349,949,1521,529,1473,1544,951
TIMSS,2019,LBN,8,1,bul_pv=0,1400,438.30716,3.7281678,1400,383.98743,5.3836675,1400,.21159114,.02156524,1400,.31229511,.026934749,2349,949,1521,529,1473,1544,951
TIMSS,2019,LBN,8,1,bul_pv=1,949,422.03018,4.1080828,949,359.74341,6.5576868,949,.13240965,.015526396,949,.21382941,.024908818,2349,949,1521,529,1473,1544,951
TIMSS,2019,LTU,4,0,all,1847,539.80212,2.923574,1847,540.34631,2.69135,1847,.96992445,.0059365332,1847,.96487224,.0072736023,1847,298,651,124,629,651,193
TIMSS,2019,LTU,4,0,bul_any=1,651,520.05017,4.5675106,651,522.75006,4.4013505,651,.95201743,.012587675,651,.94154471,.01301287,1847,298,651,124,629,651,193
TIMSS,2019,LTU,4,0,bul_c_all=0,1654,537.78815,3.2844326,1654,538.11169,3.0659766,1654,.96888179,.0069725676,1654,.96344,.007736716,1847,298,651,124,629,651,193
TIMSS,2019,LTU,4,0,bul_c_all=1,193,556.82123,11.96469,193,559.23059,11.148196,193,.97873563,.012174164,193,.97697556,.019075742,1847,298,651,124,629,651,193
TIMSS,2019,LTU,4,0,bul_ev_all=0,1196,549.85162,3.3352861,1196,549.29907,3.0562997,1196,.97903526,.007521349,1196,.97674096,.0079786945,1847,298,651,124,629,651,193
TIMSS,2019,LTU,4,0,bul_ev_all=1,651,520.05017,4.5675106,651,522.75006,4.4013505,651,.95201743,.012587675,651,.94154471,.01301287,1847,298,651,124,629,651,193
TIMSS,2019,LTU,4,0,bul_ev_o=0,1723,542.67847,2.8865552,1723,542.97437,2.749023,1723,.97396153,.0065271808,1723,.96880656,.0071541206,1847,298,651,124,629,651,193
TIMSS,2019,LTU,4,0,bul_ev_o=1,124,495.55038,7.340836,124,499.91534,10.085983,124,.90781552,.032465033,124,.90434432,.034132235,1847,298,651,124,629,651,193
TIMSS,2019,LTU,4,0,bul_ev_trad=0,1218,549.01245,3.349386,1218,548.48352,3.0438054,1218,.97793108,.0072595202,1218,.97663808,.0080871582,1847,298,651,124,629,651,193
TIMSS,2019,LTU,4,0,bul_ev_trad=1,629,520.87537,4.7213125,629,523.62488,4.4819593,629,.9534713,.013238381,629,.94069415,.012986763,1847,298,651,124,629,651,193
TIMSS,2019,LTU,4,0,bul_pv=0,1549,543.94391,3.0621884,1549,543.46991,2.8133566,1549,.97388464,.0068076793,1549,.97087842,.0081538195,1847,298,651,124,629,651,193
TIMSS,2019,LTU,4,0,bul_pv=1,298,516.71216,5.6963096,298,522.93298,5.771812,298,.94784689,.015395151,298,.93138862,.019005544,1847,298,651,124,629,651,193
TIMSS,2019,LTU,4,1,all,1894,544.38202,3.8207159,1894,535.88849,3.3503022,1894,.96038616,.0059875976,1894,.96008253,.00737195,1894,448,865,142,847,865,215
TIMSS,2019,LTU,4,1,bul_any=1,865,535.69153,4.4459143,865,528.9079,4.3573546,865,.94615573,.011744732,865,.94586915,.011690508,1894,448,865,142,847,865,215
TIMSS,2019,LTU,4,1,bul_c_all=0,1679,543.30542,4.2203121,1679,535.03424,3.6633968,1679,.95922363,.0060692453,1679,.9594512,.0078513362,1894,448,865,142,847,865,215
TIMSS,2019,LTU,4,1,bul_c_all=1,215,552.83685,12.200806,215,542.59711,11.958141,215,.96951574,.014841982,215,.96504033,.020034581,1894,448,865,142,847,865,215
TIMSS,2019,LTU,4,1,bul_ev_all=0,1029,551.60394,4.1975861,1029,541.68945,3.6381187,1029,.97221184,.0082539683,1029,.97189397,.0075928271,1894,448,865,142,847,865,215
TIMSS,2019,LTU,4,1,bul_ev_all=1,865,535.69153,4.4459143,865,528.9079,4.3573546,865,.94615573,.011744732,865,.94586915,.011690508,1894,448,865,142,847,865,215
TIMSS,2019,LTU,4,1,bul_ev_o=0,1752,547.35474,4.0104938,1752,539.1947,3.3131664,1752,.96768838,.0062348265,1752,.96609229,.0077987197,1894,448,865,142,847,865,215
TIMSS,2019,LTU,4,1,bul_ev_o=1,142,505.04657,8.8050175,142,492.13959,9.5090227,142,.86376095,.044240862,142,.88055903,.04060518,1894,448,865,142,847,865,215
TIMSS,2019,LTU,4,1,bul_ev_trad=0,1047,551.51575,4.1919088,1047,541.5285,3.6483872,1047,.97171497,.0084864693,1047,.97223645,.0074252142,1894,448,865,142,847,865,215
TIMSS,2019,LTU,4,1,bul_ev_trad=1,847,535.45459,4.5152674,847,528.83032,4.4570055,847,.94620866,.012142453,847,.94487238,.011925294,1894,448,865,142,847,865,215
TIMSS,2019,LTU,4,1,bul_pv=0,1446,548.59808,4.1697745,1446,539.57599,3.6109686,1446,.96713811,.0064427028,1446,.96801293,.0064451755,1894,448,865,142,847,865,215
TIMSS,2019,LTU,4,1,bul_pv=1,448,530.71423,4.7306399,448,523.93427,4.9443955,448,.93849754,.017056102,448,.93437338,.016535671,1894,448,865,142,847,865,215
TIMSS,2019,LTU,8,0,all,1929,519.43768,2.6496277,1929,535.03888,2.9442356,1929,.79257804,.014426213,1929,.71529049,.014012565,1929,209,625,111,603,639,188
TIMSS,2019,LTU,8,0,bul_any=1,639,511.94037,4.2065873,639,529.63159,4.5463061,639,.76601046,.023052258,639,.68042314,.0248318,1929,209,625,111,603,639,188
TIMSS,2019,LTU,8,0,bul_c_all=0,1741,518.03296,2.9668636,1741,533.19684,3.2228673,1741,.78621763,.01607351,1741,.7077142,.015666876,1929,209,625,111,603,639,188
TIMSS,2019,LTU,8,0,bul_c_all=1,188,530.52063,14.476248,188,549.57208,14.856069,188,.8427611,.042003371,188,.77506626,.052909449,1929,209,625,111,603,639,188
TIMSS,2019,LTU,8,0,bul_ev_all=0,1304,522.63098,3.0202653,1304,537.16626,3.0779154,1304,.80241126,.014584767,1304,.73028314,.015343373,1929,209,625,111,603,639,188
TIMSS,2019,LTU,8,0,bul_ev_all=1,625,512.90057,4.2149525,625,530.68372,4.5825996,625,.77244806,.024528354,625,.68459821,.025546148,1929,209,625,111,603,639,188
TIMSS,2019,LTU,8,0,bul_ev_o=0,1818,521.39154,2.6973829,1818,536.64758,2.8872547,1818,.79854506,.01403617,1818,.72472107,.013924628,1929,209,625,111,603,639,188
TIMSS,2019,LTU,8,0,bul_ev_o=1,111,484.70856,8.2994747,111,506.44437,9.9687099,111,.68651795,.059912022,111,.54766643,.068222538,1929,209,625,111,603,639,188
TIMSS,2019,LTU,8,0,bul_ev_trad=0,1326,522.953,2.9819355,1326,537.37317,3.0468397,1326,.80281532,.014329096,1326,.73074228,.015478225,1929,209,625,111,603,639,188
TIMSS,2019,LTU,8,0,bul_ev_trad=1,603,511.88205,4.165741,603,530.02155,4.5942459,603,.77057445,.024924394,603,.68207902,.026246188,1929,209,625,111,603,639,188
TIMSS,2019,LTU,8,0,bul_pv=0,1720,521.78046,2.6152809,1720,537.21783,2.854058,1720,.80400616,.013350368,1720,.73056513,.014480935,1929,209,625,111,603,639,188
TIMSS,2019,LTU,8,0,bul_pv=1,209,500.55872,6.9046431,209,517.47974,7.1035624,209,.7004844,.043951541,209,.59219939,.041790619,1929,209,625,111,603,639,188
TIMSS,2019,LTU,8,1,all,1897,521.44141,3.610199,1897,532.58936,3.546562,1897,.76561052,.01514523,1897,.70988363,.01661686,1897,301,624,97,614,635,212
TIMSS,2019,LTU,8,1,bul_any=1,635,517.4743,5.7917261,635,529.28168,5.5562506,635,.76890552,.026910922,635,.69369394,.032612529,1897,301,624,97,614,635,212
TIMSS,2019,LTU,8,1,bul_c_all=0,1685,520.07556,3.8771036,1685,531.5592,3.8176103,1685,.75842398,.016428171,1685,.70303082,.018792069,1897,301,624,97,614,635,212
TIMSS,2019,LTU,8,1,bul_c_all=1,212,530.9433,18.265287,212,539.7558,15.999212,212,.81560582,.04911565,212,.75755739,.063614137,1897,301,624,97,614,635,212
TIMSS,2019,LTU,8,1,bul_ev_all=0,1273,523.61945,3.5997581,1273,534.33417,3.40341,1273,.76616341,.015232977,1273,.71898878,.018145768,1897,301,624,97,614,635,212
TIMSS,2019,LTU,8,1,bul_ev_all=1,624,516.97583,5.8658786,624,529.01196,5.6914682,624,.7644769,.027180254,624,.69121552,.032291949,1897,301,624,97,614,635,212
TIMSS,2019,LTU,8,1,bul_ev_o=0,1800,521.93744,3.6210282,1800,533.30481,3.5542388,1800,.76762146,.014922226,1800,.70995772,.017438136,1897,301,624,97,614,635,212
TIMSS,2019,LTU,8,1,bul_ev_o=1,97,511.28912,10.896051,97,517.94556,10.082583,97,.72445238,.0640423,97,.70836729,.056253918,1897,301,624,97,614,635,212
TIMSS,2019,LTU,8,1,bul_ev_trad=0,1283,523.85468,3.7094827,1283,534.49896,3.5038145,1283,.76726973,.015255255,1283,.72016764,.018139077,1897,301,624,97,614,635,212
TIMSS,2019,LTU,8,1,bul_ev_trad=1,614,516.37543,5.7426758,614,528.58075,5.7040668,614,.76212734,.027627379,614,.68829536,.033281628,1897,301,624,97,614,635,212
TIMSS,2019,LTU,8,1,bul_pv=0,1596,523.12799,3.3713427,1596,534.72528,3.4953263,1596,.76933205,.014305718,1596,.71666735,.015331071,1897,301,624,97,614,635,212
TIMSS,2019,LTU,8,1,bul_pv=1,301,513.05383,7.5856018,301,521.9671,6.8470511,301,.7471028,.038946692,301,.67614758,.043547727,1897,301,624,97,614,635,212
TIMSS,2019,LVA,4,0,all,2263,543.82605,2.7622938,2263,544.15265,2.5171196,2263,.98132825,.0045488128,2263,.97623664,.004443747,2263,629,1201,269,1161,1201,212
TIMSS,2019,LVA,4,0,bul_any=1,1201,532.3526,3.1411121,1201,533.19598,2.8708797,1201,.97339261,.0075158104,1201,.96669835,.0074105719,2263,629,1201,269,1161,1201,212
TIMSS,2019,LVA,4,0,bul_c_all=0,2051,543.74493,2.9243026,2051,543.92542,2.730547,2051,.98138541,.0049172794,2051,.97679472,.0046430603,2263,629,1201,269,1161,1201,212
TIMSS,2019,LVA,4,0,bul_c_all=1,212,544.62531,10.479109,212,546.39081,8.6518383,212,.98076481,.013865221,212,.9707396,.014213129,2263,629,1201,269,1161,1201,212
TIMSS,2019,LVA,4,0,bul_ev_all=0,1062,556.83765,3.0309865,1062,556.57813,2.8969388,1062,.99032772,.0045471392,1062,.98705363,.0062917639,2263,629,1201,269,1161,1201,212
TIMSS,2019,LVA,4,0,bul_ev_all=1,1201,532.3526,3.1411121,1201,533.19598,2.8708797,1201,.97339261,.0075158104,1201,.96669835,.0074105719,2263,629,1201,269,1161,1201,212
TIMSS,2019,LVA,4,0,bul_ev_o=0,1994,546.68646,2.9038978,1994,547.1156,2.6033909,1994,.98566097,.0045554205,1994,.98003441,.0052494844,2263,629,1201,269,1161,1201,212
TIMSS,2019,LVA,4,0,bul_ev_o=1,269,522.81604,5.4040246,269,522.38922,4.9144139,269,.94950378,.019748518,269,.94834143,.028053652,2263,629,1201,269,1161,1201,212
TIMSS,2019,LVA,4,0,bul_ev_trad=0,1102,557.31445,2.9295406,1102,556.9079,2.7922904,1102,.99047756,.0043850741,1102,.98641545,.0062404573,2263,629,1201,269,1161,1201,212
TIMSS,2019,LVA,4,0,bul_ev_trad=1,1161,531.10211,3.1421618,1161,532.1203,2.8841417,1161,.9726975,.0076896981,1161,.96663469,.0076038889,2263,629,1201,269,1161,1201,212
TIMSS,2019,LVA,4,0,bul_pv=0,1634,551.07202,3.0535381,1634,552.51703,2.6101749,1634,.99076939,.0041172854,1634,.98356247,.0047523747,2263,629,1201,269,1161,1201,212
TIMSS,2019,LVA,4,0,bul_pv=1,629,525.55298,3.8962424,629,523.05902,3.835134,629,.95751923,.012114023,629,.95776218,.012139169,2263,629,1201,269,1161,1201,212
TIMSS,2019,LVA,4,1,all,2218,548.43365,2.8347433,2218,539.56964,2.9049325,2218,.97662747,.0082178432,2218,.97748822,.0059810518,2218,876,1446,350,1413,1446,231
TIMSS,2019,LVA,4,1,bul_any=1,1446,540.62286,3.1065331,1446,530.96521,3.1898906,1446,.96654165,.012251993,1446,.97105831,.0077460227,2218,876,1446,350,1413,1446,231
TIMSS,2019,LVA,4,1,bul_c_all=0,1987,549.37897,3.0755835,1987,540.29236,3.1263344,1987,.97731113,.0090247281,1987,.97829658,.0065427241,2218,876,1446,350,1413,1446,231
TIMSS,2019,LVA,4,1,bul_c_all=1,231,540.0965,9.6833334,231,533.19598,8.5038147,231,.9705981,.023135999,231,.97035903,.015525779,2218,876,1446,350,1413,1446,231
TIMSS,2019,LVA,4,1,bul_ev_all=0,772,562.71777,3.3466916,772,555.30518,3.4634838,772,.99507219,.0040609362,772,.98924708,.0076682447,2218,876,1446,350,1413,1446,231
TIMSS,2019,LVA,4,1,bul_ev_all=1,1446,540.62286,3.1065331,1446,530.96521,3.1898906,1446,.96654165,.012251993,1446,.97105831,.0077460227,2218,876,1446,350,1413,1446,231
TIMSS,2019,LVA,4,1,bul_ev_o=0,1868,553.33484,2.651943,1868,544.06458,2.6139235,1868,.9826268,.0059870477,1868,.98304385,.0065076835,2218,876,1446,350,1413,1446,231
TIMSS,2019,LVA,4,1,bul_ev_o=1,350,522.88934,5.9076233,350,516.14246,6.2623782,350,.94535983,.024810715,350,.94853306,.015983708,2218,876,1446,350,1413,1446,231
TIMSS,2019,LVA,4,1,bul_ev_trad=0,805,561.20746,3.4494922,805,554.19147,3.5194001,805,.99239677,.0070407204,805,.98647517,.0083328467,2218,876,1446,350,1413,1446,231
TIMSS,2019,LVA,4,1,bul_ev_trad=1,1413,540.95349,3.0997577,1413,531.00726,3.1586881,1413,.96739322,.0099025071,1413,.97222561,.0062607774,2218,876,1446,350,1413,1446,231
TIMSS,2019,LVA,4,1,bul_pv=0,1342,556.39325,2.7342651,1342,548.91107,2.6600931,1342,.99023676,.004124864,1342,.98863506,.0058660381,2218,876,1446,350,1413,1446,231
TIMSS,2019,LVA,4,1,bul_pv=1,876,536.16248,4.0134735,876,525.16809,4.214385,876,.95564628,.020005226,876,.96030331,.013556512,2218,876,1446,350,1413,1446,231
TIMSS,2019,MAR,4,0,all,3752,385.15646,4.8777246,3752,378.69434,6.552176,3752,.43328679,.025651557,3752,.42993683,.020035831,3752,1310,2265,400,2227,2265,1945
TIMSS,2019,MAR,4,0,bul_any=1,2265,375.59457,6.3925681,2265,368.14673,8.3636007,2265,.39708516,.031037552,2265,.39177045,.027203998,3752,1310,2265,400,2227,2265,1945
TIMSS,2019,MAR,4,0,bul_c_all=0,1807,390.7449,10.448744,1807,385.96741,12.257026,1807,.45829844,.041632954,1807,.44192135,.034910355,3752,1310,2265,400,2227,2265,1945
TIMSS,2019,MAR,4,0,bul_c_all=1,1945,380.11227,7.7101984,1945,372.12955,9.5873995,1945,.41071096,.031567346,1945,.41911945,.035632797,3752,1310,2265,400,2227,2265,1945
TIMSS,2019,MAR,4,0,bul_ev_all=0,1487,398.93582,5.1858988,1487,393.89413,6.4540186,1487,.48545572,.027860619,1487,.48493713,.026084915,3752,1310,2265,400,2227,2265,1945
TIMSS,2019,MAR,4,0,bul_ev_all=1,2265,375.59457,6.3925681,2265,368.14673,8.3636007,2265,.39708516,.031037552,2265,.39177045,.027203998,3752,1310,2265,400,2227,2265,1945
TIMSS,2019,MAR,4,0,bul_ev_o=0,3352,390.46249,4.8040147,3352,385.28336,6.2807884,3352,.45230919,.026289599,3352,.44868585,.021070164,3752,1310,2265,400,2227,2265,1945
TIMSS,2019,MAR,4,0,bul_ev_o=1,400,332.89822,11.058859,400,313.79993,16.4105,400,.24593808,.043654025,400,.24528077,.040726285,3752,1310,2265,400,2227,2265,1945
TIMSS,2019,MAR,4,0,bul_ev_trad=0,1525,397.94675,5.238234,1525,392.81149,6.4403429,1525,.4836908,.027461998,1525,.484276,.025984142,3752,1310,2265,400,2227,2265,1945
TIMSS,2019,MAR,4,0,bul_ev_trad=1,2227,375.91187,6.3855348,2227,368.49066,8.4471836,2227,.39685559,.031386238,2227,.39066139,.027251491,3752,1310,2265,400,2227,2265,1945
TIMSS,2019,MAR,4,0,bul_pv=0,2442,390.18823,4.7949343,2442,383.44205,6.3789554,2442,.44736338,.030162115,2442,.44449246,.021382211,3752,1310,2265,400,2227,2265,1945
TIMSS,2019,MAR,4,0,bul_pv=1,1310,375.38281,7.3792005,1310,369.47235,9.6818733,1310,.40594447,.031249491,1310,.40166405,.030770121,3752,1310,2265,400,2227,2265,1945
TIMSS,2019,MAR,4,1,all,3971,381.66812,4.2211146,3971,369.56433,5.9109821,3971,.4077698,.018212389,3971,.42627096,.019411335,3971,1866,2775,780,2728,2775,2071
TIMSS,2019,MAR,4,1,bul_any=1,2775,371.29941,4.775476,2775,358.17642,6.6118736,2775,.36717838,.021349153,2775,.38431767,.022631213,3971,1866,2775,780,2728,2775,2071
TIMSS,2019,MAR,4,1,bul_c_all=0,1900,388.19019,8.7077608,1900,374.43161,10.864499,1900,.4184764,.035891309,1900,.43920869,.034652233,3971,1866,2775,780,2728,2775,2071
TIMSS,2019,MAR,4,1,bul_c_all=1,2071,375.80923,7.0490727,2071,365.19193,9.1692333,2071,.39815184,.030854717,2071,.41464874,.031625442,3971,1866,2775,780,2728,2775,2071
TIMSS,2019,MAR,4,1,bul_ev_all=0,1196,402.93652,6.1275253,1196,392.92325,7.6537795,1196,.49103123,.033436392,1196,.51232588,.029898869,3971,1866,2775,780,2728,2775,2071
TIMSS,2019,MAR,4,1,bul_ev_all=1,2775,371.29941,4.775476,2775,358.17642,6.6118736,2775,.36717838,.021349153,2775,.38431767,.022631213,3971,1866,2775,780,2728,2775,2071
TIMSS,2019,MAR,4,1,bul_ev_o=0,3191,392.60107,4.3774958,3191,382.82538,5.9005599,3191,.4497174,.019360254,3191,.47035593,.020384438,3971,1866,2775,780,2728,2775,2071
TIMSS,2019,MAR,4,1,bul_ev_o=1,780,325.84561,6.6526031,780,301.85461,9.3673134,780,.19358933,.030144963,780,.20117728,.028885245,3971,1866,2775,780,2728,2775,2071
TIMSS,2019,MAR,4,1,bul_ev_trad=0,1243,400.89209,6.0506649,1243,390.5387,7.6856651,1243,.48190004,.032562185,1243,.50385451,.029843276,3971,1866,2775,780,2728,2775,2071
TIMSS,2019,MAR,4,1,bul_ev_trad=1,2728,371.75644,4.7942219,2728,358.75012,6.5920792,2728,.36954892,.020950824,2728,.3862696,.022471627,3971,1866,2775,780,2728,2775,2071
TIMSS,2019,MAR,4,1,bul_pv=0,2105,392.07843,4.9272408,2105,382.93658,6.5605793,2105,.45333177,.024350803,2105,.46842989,.023011347,3971,1866,2775,780,2728,2775,2071
TIMSS,2019,MAR,4,1,bul_pv=1,1866,368.76382,5.3322935,1866,352.98846,6.9982643,1866,.35129255,.025116351,1866,.37401202,.025930259,3971,1866,2775,780,2728,2775,2071
TIMSS,2019,MAR,8,0,all,4237,385.72241,2.356236,4237,394.91425,2.8740344,4237,.1750145,.010401358,4237,.11177994,.0078124413,4237,1922,2642,654,2580,2692,2277
TIMSS,2019,MAR,8,0,bul_any=1,2692,378.42258,2.7133803,2692,385.8855,3.1618469,2692,.14411058,.0098574599,2692,.091594905,.010366064,4237,1922,2642,654,2580,2692,2277
TIMSS,2019,MAR,8,0,bul_c_all=0,1960,382.65668,5.1163864,1960,389.80841,5.2593555,1960,.15799028,.019048538,1960,.10558815,.019404495,4237,1922,2642,654,2580,2692,2277
TIMSS,2019,MAR,8,0,bul_c_all=1,2277,388.14282,3.5303216,2277,398.94534,4.7152739,2277,.18845521,.017457761,2277,.1166684,.014151643,4237,1922,2642,654,2580,2692,2277
TIMSS,2019,MAR,8,0,bul_ev_all=0,1595,398.12796,3.6258645,1595,410.49997,4.3642116,1595,.22975262,.020925796,1595,.14545138,.015508088,4237,1922,2642,654,2580,2692,2277
TIMSS,2019,MAR,8,0,bul_ev_all=1,2642,378.44296,2.704381,2642,385.76874,3.0919559,2642,.14289483,.0097051775,2642,.092021964,.010466013,4237,1922,2642,654,2580,2692,2277
TIMSS,2019,MAR,8,0,bul_ev_o=0,3583,389.28122,2.5107567,3583,399.5228,2.9336858,3583,.19008677,.011816468,3583,.12090158,.0089175049,4237,1922,2642,654,2580,2692,2277
TIMSS,2019,MAR,8,0,bul_ev_o=1,654,366.26816,4.2751617,654,369.72177,5.294476,654,.092622332,.018369727,654,.061916765,.016914453,4237,1922,2642,654,2580,2692,2277
TIMSS,2019,MAR,8,0,bul_ev_trad=0,1657,397.86996,3.600636,1657,410.26321,4.3291144,1657,.2279788,.019673591,1657,.14377648,.015144659,4237,1922,2642,654,2580,2692,2277
TIMSS,2019,MAR,8,0,bul_ev_trad=1,2580,378.11136,2.759779,2580,385.29736,3.0616894,2580,.14182977,.0095924353,2580,.091732554,.010831282,4237,1922,2642,654,2580,2692,2277
TIMSS,2019,MAR,8,0,bul_pv=0,2315,391.75998,2.8609383,2315,404.06616,3.407438,2315,.20332615,.014948019,2315,.12192381,.011382605,4237,1922,2642,654,2580,2692,2277
TIMSS,2019,MAR,8,0,bul_pv=1,1922,378.51163,3.3584118,1922,383.98395,3.8288062,1922,.14120138,.01227221,1922,.099664949,.013303954,4237,1922,2642,654,2580,2692,2277
TIMSS,2019,MAR,8,1,all,4221,390.63065,2.5308669,4221,393.29303,2.9590101,4221,.17208517,.01136223,4221,.12062631,.011913108,4221,2244,2940,991,2869,2970,2261
TIMSS,2019,MAR,8,1,bul_any=1,2970,385.52835,2.2817044,2970,387.34613,3.0189667,2970,.14758974,.010365316,2970,.096356645,.01025835,4221,2244,2940,991,2869,2970,2261
TIMSS,2019,MAR,8,1,bul_c_all=0,1960,389.1619,4.5407176,1960,390.17715,6.1241608,1960,.16695434,.020885061,1960,.11796601,.018776994,4221,2244,2940,991,2869,2970,2261
TIMSS,2019,MAR,8,1,bul_c_all=1,2261,391.81561,3.7685502,2261,395.80685,4.3380966,2261,.17622457,.017444082,2261,.12277257,.017606061,4221,2244,2940,991,2869,2970,2261
TIMSS,2019,MAR,8,1,bul_ev_all=0,1281,402.70093,4.958674,1281,407.05103,4.6250687,1281,.22820926,.020864839,1281,.17793831,.024449756,4221,2244,2940,991,2869,2970,2261
TIMSS,2019,MAR,8,1,bul_ev_all=1,2940,385.44815,2.255142,2940,387.38589,3.004082,2940,.14798766,.010255584,2940,.096018769,.010196674,4221,2244,2940,991,2869,2970,2261
TIMSS,2019,MAR,8,1,bul_ev_o=0,3230,397.39496,2.8943546,3230,402.20709,3.1560757,3230,.19754897,.013000793,3230,.14089519,.015002625,4221,2244,2940,991,2869,2970,2261
TIMSS,2019,MAR,8,1,bul_ev_o=1,991,368.91043,2.8170605,991,364.66992,3.8676915,991,.090320662,.01249729,991,.055542771,.012736928,4221,2244,2940,991,2869,2970,2261
TIMSS,2019,MAR,8,1,bul_ev_trad=0,1352,401.50165,4.8853588,1352,405.75021,4.5540318,1352,.22344112,.020721113,1352,.17327155,.023734082,4221,2244,2940,991,2869,2970,2261
TIMSS,2019,MAR,8,1,bul_ev_trad=1,2869,385.58826,2.2559009,2869,387.51489,3.0640855,2869,.1482642,.010451471,2869,.096207313,.010135172,4221,2244,2940,991,2869,2970,2261
TIMSS,2019,MAR,8,1,bul_pv=0,1977,396.88535,3.8550739,1977,401.66455,4.1390195,1977,.20109615,.017315133,1977,.14994194,.019067269,4221,2244,2940,991,2869,2970,2261
TIMSS,2019,MAR,8,1,bul_pv=1,2244,385.26981,2.3404512,2244,386.11786,3.1134934,2244,.14722002,.011436917,2244,.095500052,.011336026,4221,2244,2940,991,2869,2970,2261
TIMSS,2019,MKD,4,0,all,1575,471.87112,5.7652621,1575,433.38132,6.3223367,1575,.65270537,.026771458,1575,.77612382,.02040612,1575,312,571,144,542,571,179
TIMSS,2019,MKD,4,0,bul_any=1,571,441.77359,8.0993958,571,401.03589,8.0552139,571,.53148305,.038837414,571,.67709571,.033218458,1575,312,571,144,542,571,179
TIMSS,2019,MKD,4,0,bul_c_all=0,1396,473.7883,5.7462554,1396,435.57733,6.3976598,1396,.65888667,.027046228,1396,.78281128,.020286927,1575,312,571,144,542,571,179
TIMSS,2019,MKD,4,0,bul_c_all=1,179,457.461,17.81041,179,416.87546,17.024282,179,.6062445,.077447034,179,.72585875,.078518271,1575,312,571,144,542,571,179
TIMSS,2019,MKD,4,0,bul_ev_all=0,1004,490.76154,5.3857841,1004,453.68259,6.158484,1004,.72878927,.027036753,1004,.83827782,.017764041,1575,312,571,144,542,571,179
TIMSS,2019,MKD,4,0,bul_ev_all=1,571,441.77359,8.0993958,571,401.03589,8.0552139,571,.53148305,.038837414,571,.67709571,.033218458,1575,312,571,144,542,571,179
TIMSS,2019,MKD,4,0,bul_ev_o=0,1431,479.29114,5.4849873,1431,441.74048,6.1082025,1431,.68640405,.026032267,1431,.80438018,.019017003,1575,312,571,144,542,571,179
TIMSS,2019,MKD,4,0,bul_ev_o=1,144,399.99997,13.270531,144,352.41367,12.490434,144,.32629609,.064253874,144,.5024296,.056803308,1575,312,571,144,542,571,179
TIMSS,2019,MKD,4,0,bul_ev_trad=0,1033,491.13535,5.3433585,1033,454.0943,6.0502257,1033,.7307263,.026074078,1033,.84050041,.017489685,1575,312,571,144,542,571,179
TIMSS,2019,MKD,4,0,bul_ev_trad=1,542,438.86627,8.3020391,542,397.89432,8.2504787,542,.51903409,.040001504,542,.66582912,.034193251,1575,312,571,144,542,571,179
TIMSS,2019,MKD,4,0,bul_pv=0,1263,481.53934,5.4180202,1263,443.26797,6.1368384,1263,.69011748,.025420677,1263,.81195915,.01875004,1575,312,571,144,542,571,179
TIMSS,2019,MKD,4,0,bul_pv=1,312,436.7558,11.605717,312,397.47256,10.769062,312,.51682281,.052656889,312,.64596844,.048229117,1575,312,571,144,542,571,179
TIMSS,2019,MKD,4,1,all,1695,471.58151,5.2411194,1695,419.31122,6.4293194,1695,.58573169,.029338913,1695,.78711736,.01668299,1695,514,869,281,828,869,203
TIMSS,2019,MKD,4,1,bul_any=1,869,461.73419,6.6482906,869,409.39456,7.4953713,869,.53847885,.034947921,869,.7595579,.023154858,1695,514,869,281,828,869,203
TIMSS,2019,MKD,4,1,bul_c_all=0,1492,473.52573,5.0295334,1492,421.45227,6.2589216,1492,.59523505,.030296896,1492,.79280794,.017193448,1695,514,869,281,828,869,203
TIMSS,2019,MKD,4,1,bul_c_all=1,203,456.73062,16.994499,203,402.95679,18.943279,203,.51314002,.068364762,203,.7436496,.061665908,1695,514,869,281,828,869,203
TIMSS,2019,MKD,4,1,bul_ev_all=0,826,482.41794,5.7123923,826,430.22394,7.0990467,826,.63773078,.031522598,826,.81744504,.020014664,1695,514,869,281,828,869,203
TIMSS,2019,MKD,4,1,bul_ev_all=1,869,461.73419,6.6482906,869,409.39456,7.4953713,869,.53847885,.034947921,869,.7595579,.023154858,1695,514,869,281,828,869,203
TIMSS,2019,MKD,4,1,bul_ev_o=0,1414,479.88303,5.1699176,1414,428.00647,6.3467531,1414,.62465632,.028141303,1414,.81556451,.016338203,1695,514,869,281,828,869,203
TIMSS,2019,MKD,4,1,bul_ev_o=1,281,431.15012,9.8912163,281,376.96207,10.832192,281,.39615405,.056985348,281,.64856929,.044518363,1695,514,869,281,828,869,203
TIMSS,2019,MKD,4,1,bul_ev_trad=0,867,481.30368,5.5473819,867,429.45251,6.9656386,867,.63429487,.031434234,867,.8148194,.019323474,1695,514,869,281,828,869,203
TIMSS,2019,MKD,4,1,bul_ev_trad=1,828,461.85071,6.7255974,828,409.16086,7.4791379,828,.53712511,.03509545,828,.75939065,.024508435,1695,514,869,281,828,869,203
TIMSS,2019,MKD,4,1,bul_pv=0,1181,478.87238,5.3818445,1181,426.19919,6.6748643,1181,.61362493,.030900367,1181,.81412256,.017293738,1695,514,869,281,828,869,203
TIMSS,2019,MKD,4,1,bul_pv=1,514,454.98578,7.4251876,514,403.63254,8.4340181,514,.52223998,.044871897,514,.72564715,.026575323,1695,514,869,281,828,869,203
TIMSS,2019,MLT,4,0,all,1778,505.33075,2.0337517,1778,493.32721,2.0904422,1778,.86779064,.0090626497,1778,.90962029,.0088835182,1778,531,836,149,783,836,177
TIMSS,2019,MLT,4,0,bul_any=1,836,493.16153,2.9553266,836,481.02493,3.0329115,836,.83125329,.012874988,836,.88171142,.015211098,1778,531,836,149,783,836,177
TIMSS,2019,MLT,4,0,bul_c_all=0,1601,508.4248,2.0185571,1601,496.12506,2.1461823,1601,.87602597,.0095028654,1601,.91665035,.0085312854,1778,531,836,149,783,836,177
TIMSS,2019,MLT,4,0,bul_c_all=1,177,477.90381,5.2828331,177,468.526,6.2749782,177,.79478949,.031774651,177,.8473025,.029429236,1778,531,836,149,783,836,177
TIMSS,2019,MLT,4,0,bul_ev_all=0,942,516.12927,2.4130468,942,504.2438,2.7718821,942,.90021253,.011114123,942,.93438548,.0099077849,1778,531,836,149,783,836,177
TIMSS,2019,MLT,4,0,bul_ev_all=1,836,493.16153,2.9553266,836,481.02493,3.0329115,836,.83125329,.012874988,836,.88171142,.015211098,1778,531,836,149,783,836,177
TIMSS,2019,MLT,4,0,bul_ev_o=0,1629,509.64276,2.0047348,1629,498.4202,1.9782101,1629,.88776535,.0082924189,1629,.92375684,.0084839147,1778,531,836,149,783,836,177
TIMSS,2019,MLT,4,0,bul_ev_o=1,149,458.37531,7.3029189,149,437.8674,8.0672169,149,.65027767,.051459093,149,.7556811,.043621544,1778,531,836,149,783,836,177
TIMSS,2019,MLT,4,0,bul_ev_trad=0,995,515.33832,2.485378,995,503.25055,2.8795404,995,.89765507,.011269161,995,.93321848,.010656207,1778,531,836,149,783,836,177
TIMSS,2019,MLT,4,0,bul_ev_trad=1,783,492.61453,2.9453199,783,480.71799,2.9283037,783,.8298431,.013218642,783,.87963492,.015276983,1778,531,836,149,783,836,177
TIMSS,2019,MLT,4,0,bul_pv=0,1247,511.56235,2.2765019,1247,500.41776,2.2534289,1247,.89100945,.0083556492,1247,.92901671,.0089568431,1778,531,836,149,783,836,177
TIMSS,2019,MLT,4,0,bul_pv=1,531,490.70456,3.5730915,531,476.68491,4.3631916,531,.8132937,.019087199,531,.86409473,.015125116,1778,531,836,149,783,836,177
TIMSS,2019,MLT,4,1,all,1852,512.78314,1.8536834,1852,498.16534,2.3628209,1852,.86127913,.011277425,1852,.90589362,.0083569316,1852,777,1120,254,1077,1120,267
TIMSS,2019,MLT,4,1,bul_any=1,1120,504.02466,2.4878492,1120,489.4574,3.0282767,1120,.84150821,.013089414,1120,.88691336,.011285537,1852,777,1120,254,1077,1120,267
TIMSS,2019,MLT,4,1,bul_c_all=0,1585,516.24677,1.8919877,1585,501.8757,2.4716368,1585,.87413841,.011279259,1585,.9131586,.0088401958,1852,777,1120,254,1077,1120,267
TIMSS,2019,MLT,4,1,bul_c_all=1,267,492.72665,4.9292302,267,476.68024,5.2351985,267,.7868163,.035082381,267,.86382484,.022519587,1852,777,1120,254,1077,1120,267
TIMSS,2019,MLT,4,1,bul_ev_all=0,732,526.17322,2.9837005,732,511.47827,3.2549019,732,.89150542,.016086407,732,.93491101,.013055451,1852,777,1120,254,1077,1120,267
TIMSS,2019,MLT,4,1,bul_ev_all=1,1120,504.02466,2.4878492,1120,489.4574,3.0282767,1120,.84150821,.013089414,1120,.88691336,.011285537,1852,777,1120,254,1077,1120,267
TIMSS,2019,MLT,4,1,bul_ev_o=0,1598,519.07117,2.045398,1598,505.30682,2.624553,1598,.88494897,.012070136,1598,.92388153,.0098381424,1852,777,1120,254,1077,1120,267
TIMSS,2019,MLT,4,1,bul_ev_o=1,254,473.06204,4.5082083,254,453.05331,6.3017087,254,.71175903,.030058455,254,.7922653,.026303368,1852,777,1120,254,1077,1120,267
TIMSS,2019,MLT,4,1,bul_ev_trad=0,775,525.59119,2.9222822,775,510.34348,3.0275939,775,.88800478,.013669488,775,.9331938,.012222792,1852,777,1120,254,1077,1120,267
TIMSS,2019,MLT,4,1,bul_ev_trad=1,1077,503.56894,2.4886367,1077,489.40436,3.0757895,1077,.84205264,.013880314,1077,.88625377,.011295686,1852,777,1120,254,1077,1120,267
TIMSS,2019,MLT,4,1,bul_pv=0,1075,518.9621,2.6083503,1075,504.78455,3.0435491,1075,.87782776,.015624683,1075,.91958684,.011055627,1852,777,1120,254,1077,1120,267
TIMSS,2019,MLT,4,1,bul_pv=1,777,504.21442,2.7359357,777,488.98615,3.5944452,777,.83833027,.013582843,777,.88690448,.012903576,1852,777,1120,254,1077,1120,267
TIMSS,2019,MNE,4,0,all,2363,450.14267,2.655597,2363,456.53033,2.9292729,2363,.77049345,.012623082,2363,.75441921,.012533083,2363,291,614,83,595,614,635
TIMSS,2019,MNE,4,0,bul_any=1,614,427.043,3.9958589,614,437.28833,4.7927523,614,.69602138,.027235487,614,.66505098,.020273471,2363,291,614,83,595,614,635
TIMSS,2019,MNE,4,0,bul_c_all=0,1728,450.88223,2.4822347,1728,457.41077,2.9663179,1728,.7739951,.014204476,1728,.75890929,.013443666,2363,291,614,83,595,614,635
TIMSS,2019,MNE,4,0,bul_c_all=1,635,448.13336,6.9168639,635,454.13837,6.4319491,635,.76098025,.02888809,635,.7422207,.027829891,2363,291,614,83,595,614,635
TIMSS,2019,MNE,4,0,bul_ev_all=0,1749,458.65393,2.6479638,1749,463.62021,2.8171694,1749,.79793334,.010934825,1749,.78734767,.013625241,2363,291,614,83,595,614,635
TIMSS,2019,MNE,4,0,bul_ev_all=1,614,427.043,3.9958589,614,437.28833,4.7927523,614,.69602138,.027235487,614,.66505098,.020273471,2363,291,614,83,595,614,635
TIMSS,2019,MNE,4,0,bul_ev_o=0,2280,451.93542,2.5223408,2280,458.38876,2.768255,2280,.77967834,.011841268,2280,.76294291,.012063181,2363,291,614,83,595,614,635
TIMSS,2019,MNE,4,0,bul_ev_o=1,83,404.88831,10.652948,83,409.61856,10.596339,83,.538643,.055871718,83,.53925925,.050276708,2363,291,614,83,595,614,635
TIMSS,2019,MNE,4,0,bul_ev_trad=0,1768,458.45825,2.6516421,1768,463.5083,2.8009264,1768,.79827106,.010823183,1768,.78794861,.014043737,2363,291,614,83,595,614,635
TIMSS,2019,MNE,4,0,bul_ev_trad=1,595,426.47507,4.056613,595,436.66983,4.9087601,595,.69143367,.028263886,595,.65898865,.021070264,2363,291,614,83,595,614,635
TIMSS,2019,MNE,4,0,bul_pv=0,2072,453.59802,2.5334148,2072,459.59073,2.8754568,2072,.78214216,.012078613,2072,.76783687,.012539704,2363,291,614,83,595,614,635
TIMSS,2019,MNE,4,0,bul_pv=1,291,427.26514,6.3431945,291,436.26764,6.5149732,291,.69336855,.034934953,291,.66558218,.030619802,2363,291,614,83,595,614,635
TIMSS,2019,MNE,4,1,all,2713,455.08997,2.4296424,2713,450.5108,2.795157,2713,.73675472,.01079793,2713,.75978744,.010841286,2713,526,936,233,893,936,732
TIMSS,2019,MNE,4,1,bul_any=1,936,437.5914,3.4894507,936,437.66098,4.3302727,936,.68162012,.018276513,936,.69119149,.019005269,2713,526,936,233,893,936,732
TIMSS,2019,MNE,4,1,bul_c_all=0,1981,456.11893,2.7970748,1981,451.39984,3.3290567,1981,.74011064,.013667824,1981,.76508182,.015113667,2713,526,936,233,893,936,732
TIMSS,2019,MNE,4,1,bul_c_all=1,732,452.31744,3.9300334,732,448.1153,4.1332145,732,.72771233,.021128509,732,.74552184,.022920724,2713,526,936,233,893,936,732
TIMSS,2019,MNE,4,1,bul_ev_all=0,1777,464.56985,2.8683321,1777,457.47223,3.2276983,1777,.76662409,.012163765,1777,.79694957,.014857518,2713,526,936,233,893,936,732
TIMSS,2019,MNE,4,1,bul_ev_all=1,936,437.5914,3.4894507,936,437.66098,4.3302727,936,.68162012,.018276513,936,.69119149,.019005269,2713,526,936,233,893,936,732
TIMSS,2019,MNE,4,1,bul_ev_o=0,2480,459.3598,2.4745398,2480,454.99081,2.8753133,2480,.75477856,.011301366,2480,.77725345,.011831167,2713,526,936,233,893,936,732
TIMSS,2019,MNE,4,1,bul_ev_o=1,233,411.05396,6.8488607,233,404.30731,8.1589842,233,.55087018,.043118127,233,.57965612,.037097938,2713,526,936,233,893,936,732
TIMSS,2019,MNE,4,1,bul_ev_trad=0,1820,464.34464,2.8094063,1820,457.32819,3.2099764,1820,.76726711,.012287743,1820,.79726726,.015009535,2713,526,936,233,893,936,732
TIMSS,2019,MNE,4,1,bul_ev_trad=1,893,436.82175,3.6122797,893,437.05365,4.4983668,893,.67652494,.018192228,893,.68580437,.020414148,2713,526,936,233,893,936,732
TIMSS,2019,MNE,4,1,bul_pv=0,2187,460.54312,2.8279698,2187,454.36099,3.0817034,2187,.7527433,.01161024,2187,.78228009,.01353747,2713,526,936,233,893,936,732
TIMSS,2019,MNE,4,1,bul_pv=1,526,433.18192,3.9828632,526,435.04269,4.7798071,526,.67252105,.024081172,526,.66942364,.020167125,2713,526,936,233,893,936,732
TIMSS,2019,MYS,8,0,all,3702,464.78342,2.9912238,3702,462.84439,3.3962662,3702,.47799882,.017028917,3702,.44242728,.015730357,3702,1815,2814,1322,2726,2834,305
TIMSS,2019,MYS,8,0,bul_any=1,2834,454.99234,3.1624959,2834,454.01855,3.7408073,2834,.44148257,.01817056,2834,.39941549,.01563319,3702,1815,2814,1322,2726,2834,305
TIMSS,2019,MYS,8,0,bul_c_all=0,3397,466.78128,3.3200369,3397,464.51373,3.7653744,3397,.48643196,.017890731,3397,.45000419,.017191401,3702,1815,2814,1322,2726,2834,305
TIMSS,2019,MYS,8,0,bul_c_all=1,305,444.44269,11.454973,305,445.84854,13.381357,305,.39213935,.073529214,305,.36528516,.064373709,3702,1815,2814,1322,2726,2834,305
TIMSS,2019,MYS,8,0,bul_ev_all=0,888,500.45761,5.5694203,888,495.07315,4.7417221,888,.61380351,.026607916,888,.60041159,.03072024,3702,1815,2814,1322,2726,2834,305
TIMSS,2019,MYS,8,0,bul_ev_all=1,2814,454.86554,3.1575308,2814,453.8844,3.7418594,2814,.44024339,.018101182,2814,.39850566,.015732115,3702,1815,2814,1322,2726,2834,305
TIMSS,2019,MYS,8,0,bul_ev_o=0,2380,471.7746,3.5108523,2380,470.49881,3.5499332,2380,.511576,.019231921,2380,.48033136,.019264037,3702,1815,2814,1322,2726,2834,305
TIMSS,2019,MYS,8,0,bul_ev_o=1,1322,452.9971,3.9907136,1322,449.93997,4.6429548,1322,.4213917,.020485256,1322,.37852556,.01864076,3702,1815,2814,1322,2726,2834,305
TIMSS,2019,MYS,8,0,bul_ev_trad=0,976,496.20935,5.4520307,976,491.0358,4.8027735,976,.59095752,.026520319,976,.5771265,.029499047,3702,1815,2814,1322,2726,2834,305
TIMSS,2019,MYS,8,0,bul_ev_trad=1,2726,454.70877,3.176331,2726,453.8067,3.783365,2726,.44178614,.018228017,2726,.39924493,.016263705,3702,1815,2814,1322,2726,2834,305
TIMSS,2019,MYS,8,0,bul_pv=0,1887,481.08963,3.9928908,1887,477.50412,4.1485476,1887,.54019505,.020401359,1887,.5142346,.021562405,3702,1815,2814,1322,2726,2834,305
TIMSS,2019,MYS,8,0,bul_pv=1,1815,449.54163,3.5609217,1815,449.14163,4.1718922,1815,.41986257,.021700751,1815,.37530732,.017218523,3702,1815,2814,1322,2726,2834,305
TIMSS,2019,MYS,8,1,all,3363,456.23596,4.115469,3363,457.55875,4.1937685,3363,.45249116,.019429419,3363,.39733407,.020060582,3363,1969,2719,1253,2661,2739,292
TIMSS,2019,MYS,8,1,bul_any=1,2739,451.9895,4.3598361,2739,452.90543,4.4595003,2739,.43208253,.020792203,2739,.37806851,.021050168,3363,1969,2719,1253,2661,2739,292
TIMSS,2019,MYS,8,1,bul_c_all=0,3071,458.67319,4.2279654,3071,459.79965,4.5135555,3071,.46233249,.021141661,3071,.40674543,.02105023,3363,1969,2719,1253,2661,2739,292
TIMSS,2019,MYS,8,1,bul_c_all=1,292,433.15781,13.574422,292,436.33951,16.286606,292,.35930341,.082727969,292,.30821761,.071339071,3363,1969,2719,1253,2661,2739,292
TIMSS,2019,MYS,8,1,bul_ev_all=0,644,478.3649,5.2716627,644,481.41721,5.3574591,644,.55697024,.026581023,644,.49630225,.031258069,3363,1969,2719,1253,2661,2739,292
TIMSS,2019,MYS,8,1,bul_ev_all=1,2719,451.65564,4.3963523,2719,452.62042,4.4788685,2719,.43086573,.020847876,2719,.37684932,.021172142,3363,1969,2719,1253,2661,2739,292
TIMSS,2019,MYS,8,1,bul_ev_o=0,2110,463.5361,4.5042696,2110,466.74713,4.3659954,2110,.4876495,.021203928,2110,.42850414,.021655863,3363,1969,2719,1253,2661,2739,292
TIMSS,2019,MYS,8,1,bul_ev_o=1,1253,444.86633,4.6748734,1253,443.24826,5.1796913,1253,.39773363,.025476042,1253,.34878808,.023453234,3363,1969,2719,1253,2661,2739,292
TIMSS,2019,MYS,8,1,bul_ev_trad=0,702,475.621,5.1297464,702,478.4924,5.7085352,702,.54526728,.026392246,702,.48379537,.028790632,3363,1969,2719,1253,2661,2739,292
TIMSS,2019,MYS,8,1,bul_ev_trad=1,2661,451.69965,4.4294052,2661,452.66003,4.5026727,2661,.43078056,.021320308,2661,.37710121,.021482043,3363,1969,2719,1253,2661,2739,292
TIMSS,2019,MYS,8,1,bul_pv=0,1394,462.20868,4.1601214,1394,464.08365,4.1524811,1394,.47300777,.021601852,1394,.42449275,.023095155,3363,1969,2719,1253,2661,2739,292
TIMSS,2019,MYS,8,1,bul_pv=1,1969,452.2735,4.8696699,1969,453.22995,5.3090386,1969,.43887994,.023759982,1969,.37931633,.023675246,3363,1969,2719,1253,2661,2739,292
TIMSS,2019,NIR,4,0,all,1737,564.05231,3.2220392,1737,519.14886,2.8200169,1737,.94692969,.0087967748,1737,.96029335,.0067826542,1737,345,657,137,628,657,460
TIMSS,2019,NIR,4,0,bul_any=1,657,543.32959,4.3293447,657,505.29889,3.8946102,657,.90876925,.018907441,657,.9254297,.016492566,1737,345,657,137,628,657,460
TIMSS,2019,NIR,4,0,bul_c_all=0,1277,567.83563,4.0588908,1277,521.44214,3.5879102,1277,.95265508,.010104831,1277,.96825129,.0057552927,1737,345,657,137,628,657,460
TIMSS,2019,NIR,4,0,bul_c_all=1,460,550.97546,8.0502539,460,511.22229,5.4658113,460,.9271403,.017592724,460,.93278706,.020822736,1737,345,657,137,628,657,460
TIMSS,2019,NIR,4,0,bul_ev_all=0,1080,576.10248,3.8768649,1080,527.20251,3.2861676,1080,.96911985,.0083456775,1080,.98056638,.0065255524,1737,345,657,137,628,657,460
TIMSS,2019,NIR,4,0,bul_ev_all=1,657,543.32959,4.3293447,657,505.29889,3.8946102,657,.90876925,.018907441,657,.9254297,.016492566,1737,345,657,137,628,657,460
TIMSS,2019,NIR,4,0,bul_ev_o=0,1600,568.31146,3.2808926,1600,522.77454,2.89663,1600,.95648444,.0084456857,1600,.96749681,.0066709649,1737,345,657,137,628,657,460
TIMSS,2019,NIR,4,0,bul_ev_o=1,137,515.02588,8.2099304,137,477.41367,8.5379391,137,.83694547,.053501479,137,.87737459,.03998417,1737,345,657,137,628,657,460
TIMSS,2019,NIR,4,0,bul_ev_trad=0,1109,575.87421,3.8151329,1109,527.14886,3.1788082,1109,.96803248,.0082793059,1109,.97934872,.0056386441,1737,345,657,137,628,657,460
TIMSS,2019,NIR,4,0,bul_ev_trad=1,628,542.29779,4.4780016,628,504.42728,3.9770017,628,.90809661,.019325184,628,.92522782,.017276233,1737,345,657,137,628,657,460
TIMSS,2019,NIR,4,0,bul_pv=0,1392,570.44128,3.5626783,1392,523.91876,2.9878409,1392,.96103424,.0070051635,1392,.97432166,.005710436,1737,345,657,137,628,657,460
TIMSS,2019,NIR,4,0,bul_pv=1,345,537.00989,6.3970451,345,498.95947,5.2982469,345,.8872298,.028815649,345,.90091598,.025798615,1737,345,657,137,628,657,460
TIMSS,2019,NIR,4,1,all,1760,567.5177,3.607156,1760,517.84473,2.6910634,1760,.93350995,.0096892016,1760,.95929635,.0096398313,1760,542,807,147,783,807,514
TIMSS,2019,NIR,4,1,bul_any=1,807,557.05133,4.585917,807,510.6615,3.8122811,807,.91852772,.015269685,807,.94996238,.01252091,1760,542,807,147,783,807,514
TIMSS,2019,NIR,4,1,bul_c_all=0,1246,571.22858,4.3822188,1246,520.08368,3.2197802,1246,.93597811,.010947214,1246,.96384066,.0087812953,1760,542,807,147,783,807,514
TIMSS,2019,NIR,4,1,bul_c_all=1,514,556.95386,7.8884163,514,511.47125,5.5022898,514,.92648393,.014605799,514,.94635993,.021544611,1760,542,807,147,783,807,514
TIMSS,2019,NIR,4,1,bul_ev_all=0,953,576.65131,4.0937567,953,524.11328,3.1562052,953,.9465844,.011890366,953,.96744174,.0095370626,1760,542,807,147,783,807,514
TIMSS,2019,NIR,4,1,bul_ev_all=1,807,557.05133,4.585917,807,510.6615,3.8122811,807,.91852772,.015269685,807,.94996238,.01252091,1760,542,807,147,783,807,514
TIMSS,2019,NIR,4,1,bul_ev_o=0,1613,571.6189,3.5434489,1613,521.65277,2.5854268,1613,.94404221,.010263637,1613,.9644767,.0090765255,1760,542,807,147,783,807,514
TIMSS,2019,NIR,4,1,bul_ev_o=1,147,521.72656,9.7751751,147,475.32663,11.117818,147,.81591332,.05426221,147,.90145546,.030701293,1760,542,807,147,783,807,514
TIMSS,2019,NIR,4,1,bul_ev_trad=0,977,576.17523,4.1085129,977,523.65948,3.0947287,977,.94597459,.011491287,977,.96609807,.010026606,1760,542,807,147,783,807,514
TIMSS,2019,NIR,4,1,bul_ev_trad=1,783,557.11505,4.5271039,783,510.85794,3.8342783,783,.91853291,.015649827,783,.9511236,.012159915,1760,542,807,147,783,807,514
TIMSS,2019,NIR,4,1,bul_pv=0,1218,574.2243,3.6344452,1218,523.48755,2.8797376,1218,.94692838,.010870265,1218,.96908563,.0084961588,1760,542,807,147,783,807,514
TIMSS,2019,NIR,4,1,bul_pv=1,542,552.80139,6.3902707,542,505.46265,4.8877368,542,.90406579,.020256391,542,.93781561,.015057543,1760,542,807,147,783,807,514
TIMSS,2019,NLD,4,0,all,1665,533.12598,2.1779535,1665,518.64624,2.9762967,1665,.96708506,.0065942998,1665,.98274332,.0061243661,1665,311,644,113,629,644,757
TIMSS,2019,NLD,4,0,bul_any=1,644,524.84076,2.5594618,644,508.961,3.553019,644,.94826919,.011637661,644,.98034614,.0061682388,1665,311,644,113,629,644,757
TIMSS,2019,NLD,4,0,bul_c_all=0,908,533.5874,3.1565433,908,519.94611,3.7003281,908,.96901816,.0097471466,908,.98222935,.0085708238,1665,311,644,113,629,644,757
TIMSS,2019,NLD,4,0,bul_c_all=1,757,532.49518,3.4722023,757,516.8692,4.5488563,757,.96444237,.011278679,757,.983446,.0078014536,1665,311,644,113,629,644,757
TIMSS,2019,NLD,4,0,bul_ev_all=0,1021,538.22516,2.6516643,1021,524.60706,3.5067515,1021,.97866541,.0057149581,1021,.98421866,.0085826777,1665,311,644,113,629,644,757
TIMSS,2019,NLD,4,0,bul_ev_all=1,644,524.84076,2.5594618,644,508.961,3.553019,644,.94826919,.011637661,644,.98034614,.0061682388,1665,311,644,113,629,644,757
TIMSS,2019,NLD,4,0,bul_ev_o=0,1552,535.73511,2.0948825,1552,521.39935,2.8165238,1552,.97324896,.006326654,1552,.98518866,.0061708023,1665,311,644,113,629,644,757
TIMSS,2019,NLD,4,0,bul_ev_o=1,113,494.02307,7.2596765,113,477.38541,9.5741739,113,.8747068,.039069556,113,.94609505,.036619879,1665,311,644,113,629,644,757
TIMSS,2019,NLD,4,0,bul_ev_trad=0,1036,538.10693,2.6718369,1036,524.01007,3.4083414,1036,.97868139,.0054844557,1036,.98452008,.0084318286,1665,311,644,113,629,644,757
TIMSS,2019,NLD,4,0,bul_ev_trad=1,629,524.60571,2.703707,629,509.4711,3.6331801,629,.94724882,.012279914,629,.97970408,.0063767186,1665,311,644,113,629,644,757
TIMSS,2019,NLD,4,0,bul_pv=0,1354,534.99084,2.3858135,1354,522.36462,2.9733737,1354,.97357357,.0069788811,1354,.98239303,.0067401831,1665,311,644,113,629,644,757
TIMSS,2019,NLD,4,0,bul_pv=1,311,524.83484,3.9251802,311,502.11478,5.0887609,311,.93823814,.021459645,311,.98430067,.0082280021,1665,311,644,113,629,644,757
TIMSS,2019,NLD,4,1,all,1690,541.67889,3.0572188,1690,518.30487,3.2773952,1690,.95007867,.0074710418,1690,.98266107,.0048927683,1690,491,806,112,787,806,764
TIMSS,2019,NLD,4,1,bul_any=1,806,537.01715,3.8778012,806,511.87958,4.5213604,806,.93731505,.013893258,806,.97840643,.007375564,1690,491,806,112,787,806,764
TIMSS,2019,NLD,4,1,bul_c_all=0,926,542.49341,3.6027172,926,518.25842,3.9030313,926,.95369959,.0091272118,926,.98474717,.0052113542,1690,491,806,112,787,806,764
TIMSS,2019,NLD,4,1,bul_c_all=1,764,540.49872,5.0375628,764,518.37219,5.8603258,764,.94483191,.013058682,764,.97963822,.010810261,1690,491,806,112,787,806,764
TIMSS,2019,NLD,4,1,bul_ev_all=0,884,546.0213,3.6170332,884,524.28998,3.8826036,884,.96196789,.0080763763,884,.98662424,.0050625922,1690,491,806,112,787,806,764
TIMSS,2019,NLD,4,1,bul_ev_all=1,806,537.01715,3.8778012,806,511.87958,4.5213604,806,.93731505,.013893258,806,.97840643,.007375564,1690,491,806,112,787,806,764
TIMSS,2019,NLD,4,1,bul_ev_o=0,1578,544.46045,2.975687,1578,521.49744,3.1015921,1578,.95876276,.0071623703,1578,.98519534,.0045546675,1690,491,806,112,787,806,764
TIMSS,2019,NLD,4,1,bul_ev_o=1,112,501.68692,8.0654278,112,472.40228,10.856137,112,.82521987,.046134215,112,.9462232,.028132765,1690,491,806,112,787,806,764
TIMSS,2019,NLD,4,1,bul_ev_trad=0,903,545.66992,3.5078492,903,523.8291,3.8128452,903,.96146452,.0079323277,903,.98647869,.0049187704,1690,491,806,112,787,806,764
TIMSS,2019,NLD,4,1,bul_ev_trad=1,787,537.2193,4.0237169,787,512.13202,4.5412679,787,.937356,.014124063,787,.97839522,.0075801164,1690,491,806,112,787,806,764
TIMSS,2019,NLD,4,1,bul_pv=0,1199,544.02313,3.1174729,1199,522.62115,3.1583908,1199,.9621399,.0077585564,1199,.98502529,.0046818671,1690,491,806,112,787,806,764
TIMSS,2019,NLD,4,1,bul_pv=1,491,536.16266,5.0796423,491,508.14798,5.7735991,491,.92169696,.015756644,491,.97709775,.0092656491,1690,491,806,112,787,806,764
TIMSS,2019,NOR,4,0,all,1958,540.362,2.7654788,1958,541.01025,2.5418169,1958,.98013979,.0067090988,1958,.96750283,.008318508,1958,291,620,103,594,620,846
TIMSS,2019,NOR,4,0,bul_any=1,620,530.61591,5.386416,620,534.27985,4.4786572,620,.97209769,.011745647,620,.94942188,.019851062,1958,291,620,103,594,620,846
TIMSS,2019,NOR,4,0,bul_c_all=0,1112,545.51221,3.6424263,1112,545.55969,3.2739871,1112,.98510236,.0074228803,1112,.97661245,.0080569917,1958,291,620,103,594,620,846
TIMSS,2019,NOR,4,0,bul_c_all=1,846,533.02155,4.6326914,846,534.526,4.3954315,846,.97306681,.0097384444,846,.95451909,.014957027,1958,291,620,103,594,620,846
TIMSS,2019,NOR,4,0,bul_ev_all=0,1338,544.91956,2.9744,1338,544.15759,2.8687861,1338,.98390055,.0064935139,1338,.97595805,.0080817165,1958,291,620,103,594,620,846
TIMSS,2019,NOR,4,0,bul_ev_all=1,620,530.61591,5.386416,620,534.27985,4.4786572,620,.97209769,.011745647,620,.94942188,.019851062,1958,291,620,103,594,620,846
TIMSS,2019,NOR,4,0,bul_ev_o=0,1855,541.94373,2.5844252,1855,541.92273,2.5532105,1855,.98156279,.0069565456,1855,.97036588,.0071795247,1958,291,620,103,594,620,846
TIMSS,2019,NOR,4,0,bul_ev_o=1,103,513.77185,14.098344,103,525.67023,8.8994665,103,.95621842,.027045174,103,.91937262,.05008788,1958,291,620,103,594,620,846
TIMSS,2019,NOR,4,0,bul_ev_trad=0,1364,544.95416,2.9701116,1364,544.13385,2.8422437,1364,.98360264,.0066342535,1364,.975802,.0079596722,1958,291,620,103,594,620,846
TIMSS,2019,NOR,4,0,bul_ev_trad=1,594,529.94397,5.604239,594,533.92383,4.6769829,594,.97228378,.011763222,594,.94867492,.020536292,1958,291,620,103,594,620,846
TIMSS,2019,NOR,4,0,bul_pv=0,1667,543.42847,2.8004625,1667,543.14905,2.6499653,1667,.98261678,.0068172566,1667,.97166151,.0067447759,1958,291,620,103,594,620,846
TIMSS,2019,NOR,4,0,bul_pv=1,291,523.62994,7.2585979,291,529.34009,5.7988253,291,.96662444,.014026801,291,.94481122,.030444171,1958,291,620,103,594,620,846
TIMSS,2019,NOR,4,1,all,1993,544.78638,2.9341772,1993,537.92572,3.1021008,1993,.96808398,.0074430853,1993,.96856886,.0073268968,1993,412,763,78,748,763,855
TIMSS,2019,NOR,4,1,bul_any=1,763,534.79584,3.6115816,763,527.35248,4.075841,763,.95749068,.010527473,763,.96617311,.01129673,1993,412,763,78,748,763,855
TIMSS,2019,NOR,4,1,bul_c_all=0,1138,547.84607,4.2271137,1138,541.05908,4.0938683,1138,.97253799,.010016117,1138,.9726302,.0091281272,1993,412,763,78,748,763,855
TIMSS,2019,NOR,4,1,bul_c_all=1,855,540.37201,4.2423253,855,533.40515,4.1077461,855,.96165806,.0095723877,855,.96270949,.010318263,1993,412,763,78,748,763,855
TIMSS,2019,NOR,4,1,bul_ev_all=0,1230,550.87659,3.5231545,1230,544.37122,3.3968368,1230,.97454166,.0091701793,1230,.97002935,.0087764775,1993,412,763,78,748,763,855
TIMSS,2019,NOR,4,1,bul_ev_all=1,763,534.79584,3.6115816,763,527.35248,4.075841,763,.95749068,.010527473,763,.96617311,.01129673,1993,412,763,78,748,763,855
TIMSS,2019,NOR,4,1,bul_ev_o=0,1915,546.52814,2.8089833,1915,539.64185,2.8819633,1915,.97287118,.0065345443,1915,.97256589,.0078596761,1993,412,763,78,748,763,855
TIMSS,2019,NOR,4,1,bul_ev_o=1,78,501.69153,12.606632,78,495.46463,16.0266,78,.84963661,.071628593,78,.86967289,.048942976,1993,412,763,78,748,763,855
TIMSS,2019,NOR,4,1,bul_ev_trad=0,1245,550.65021,3.4974508,1245,543.9798,3.3878236,1245,.97398198,.0089934738,1245,.96987849,.0087123048,1993,412,763,78,748,763,855
TIMSS,2019,NOR,4,1,bul_ev_trad=1,748,534.90344,3.6803722,748,527.72229,4.0983129,748,.95814353,.010736668,748,.9663617,.011026724,1993,412,763,78,748,763,855
TIMSS,2019,NOR,4,1,bul_pv=0,1581,548.38123,2.9986441,1581,541.33319,3.0342493,1581,.97230852,.007189496,1581,.97248775,.0072102705,1993,412,763,78,748,763,855
TIMSS,2019,NOR,4,1,bul_pv=1,412,530.92255,5.3647671,412,524.78455,5.6637654,412,.95179164,.014962692,412,.95345545,.019682609,1993,412,763,78,748,763,855
TIMSS,2019,NOR,8,0,all,2260,502.6626,2.6824272,2260,495.08844,3.4197814,2260,.61148745,.014400726,2260,.64121574,.017013486,2260,222,724,249,661,736,1157
TIMSS,2019,NOR,8,0,bul_any=1,736,495.48843,4.1818161,736,489.52954,4.5845628,736,.59857005,.021591464,736,.61051095,.026965154,2260,222,724,249,661,736,1157
TIMSS,2019,NOR,8,0,bul_c_all=0,1103,506.74094,4.41079,1103,500.56866,5.0079031,1103,.63102865,.022569193,1103,.65426117,.023910249,2260,222,724,249,661,736,1157
TIMSS,2019,NOR,8,0,bul_c_all=1,1157,498.49771,2.9566195,1157,489.49191,3.8272595,1157,.59153157,.017414015,1157,.62789357,.021404771,2260,222,724,249,661,736,1157
TIMSS,2019,NOR,8,0,bul_ev_all=0,1536,505.98233,2.9697433,1536,497.70535,3.8321869,1536,.61691648,.01659257,1536,.65506351,.018810455,2260,222,724,249,661,736,1157
TIMSS,2019,NOR,8,0,bul_ev_all=1,724,495.65085,4.214467,724,489.56119,4.6524801,724,.60002071,.021762619,724,.6119675,.027364859,2260,222,724,249,661,736,1157
TIMSS,2019,NOR,8,0,bul_ev_o=0,2011,503.97894,2.7789176,2011,495.54108,3.6006944,2011,.61126328,.015316424,2011,.64475459,.017462088,2260,222,724,249,661,736,1157
TIMSS,2019,NOR,8,0,bul_ev_o=1,249,491.22488,5.92098,249,491.15536,6.8069472,249,.61343521,.037390433,249,.61046731,.043372344,2260,222,724,249,661,736,1157
TIMSS,2019,NOR,8,0,bul_ev_trad=0,1599,506.0365,2.9551444,1599,498.09259,3.8522155,1599,.61776733,.016553123,1599,.65628803,.018662568,2260,222,724,249,661,736,1157
TIMSS,2019,NOR,8,0,bul_ev_trad=1,661,494.63177,4.5755467,661,487.93774,4.7141299,661,.5965395,.022479473,661,.60533959,.02900653,2260,222,724,249,661,736,1157
TIMSS,2019,NOR,8,0,bul_pv=0,2038,505.04263,2.8980219,2038,497.66888,3.6587391,2038,.62164378,.01464508,2038,.65202844,.017421298,2260,222,724,249,661,736,1157
TIMSS,2019,NOR,8,0,bul_pv=1,222,480.35461,7.3679705,222,470.9021,9.0102663,222,.51629323,.050135292,222,.53986984,.055223923,2260,222,724,249,661,736,1157
TIMSS,2019,NOR,8,1,all,2315,503.07156,2.840899,2315,495.79471,3.7423337,2315,.61035764,.020982683,2315,.65166974,.017421216,2315,324,680,175,652,700,1147
TIMSS,2019,NOR,8,1,bul_any=1,700,499.94208,3.8756726,700,491.66013,4.8562183,700,.59792143,.028650884,700,.64058131,.027239222,2315,324,680,175,652,700,1147
TIMSS,2019,NOR,8,1,bul_c_all=0,1168,511.17117,3.4984193,1168,506.99368,4.5700417,1168,.65504718,.022289691,1168,.68245518,.021943929,2315,324,680,175,652,700,1147
TIMSS,2019,NOR,8,1,bul_c_all=1,1147,494.2522,4.2652035,1147,483.60049,5.4519043,1147,.56169683,.031737644,1147,.61814857,.029225711,2315,324,680,175,652,700,1147
TIMSS,2019,NOR,8,1,bul_ev_all=0,1635,504.2887,3.2820687,1635,497.65451,4.2103367,1635,.61675435,.02404701,1635,.65718317,.019516014,2315,324,680,175,652,700,1147
TIMSS,2019,NOR,8,1,bul_ev_all=1,680,500.05545,3.9433286,680,491.18597,5.0760927,680,.59450632,.028181305,680,.63800722,.026752401,2315,324,680,175,652,700,1147
TIMSS,2019,NOR,8,1,bul_ev_o=0,2140,504.7442,2.7823222,2140,497.91278,3.5798032,2140,.61670625,.02036174,2140,.6587193,.016037313,2315,324,680,175,652,700,1147
TIMSS,2019,NOR,8,1,bul_ev_o=1,175,483.38065,11.495493,175,470.85974,12.99293,175,.53561962,.063340902,175,.56867951,.062282499,2315,324,680,175,652,700,1147
TIMSS,2019,NOR,8,1,bul_ev_trad=0,1663,504.77832,3.2867842,1663,497.93201,4.1991429,1663,.61926293,.02409577,1663,.66016978,.020517379,2315,324,680,175,652,700,1147
TIMSS,2019,NOR,8,1,bul_ev_trad=1,652,498.4935,3.9235737,652,490.06171,5.0244451,652,.58647084,.027163185,652,.62887001,.024778921,2315,324,680,175,652,700,1147
TIMSS,2019,NOR,8,1,bul_pv=0,1991,504.3801,2.8734219,1991,497.05576,3.7941597,1991,.61315131,.021355081,1991,.65879881,.018917141,2315,324,680,175,652,700,1147
TIMSS,2019,NOR,8,1,bul_pv=1,324,494.43094,6.3277431,324,487.4675,7.002203,324,.59191048,.039548367,324,.60459453,.037086464,2315,324,680,175,652,700,1147
TIMSS,2019,NZL,4,0,all,2435,484.36572,3.6972618,2435,504.92316,3.3015897,2435,.89704216,.010605467,2435,.83263487,.011096266,2435,851,1354,187,1319,1354,192
TIMSS,2019,NZL,4,0,bul_any=1,1354,472.5524,3.8432057,1354,493.81226,3.669961,1354,.87283337,.013944208,1354,.79909623,.014459018,2435,851,1354,187,1319,1354,192
TIMSS,2019,NZL,4,0,bul_c_all=0,2243,488.97055,3.8342879,2243,509.38025,3.5557859,2243,.90903771,.010068315,2243,.84797561,.012502065,2435,851,1354,187,1319,1354,192
TIMSS,2019,NZL,4,0,bul_c_all=1,192,435.84006,11.510066,192,457.95428,12.315867,192,.77063352,.07364843,192,.67097378,.048313126,2435,851,1354,187,1319,1354,192
TIMSS,2019,NZL,4,0,bul_ev_all=0,1081,499.30893,4.7377582,1081,518.97791,3.9706774,1081,.92766505,.01099086,1081,.87505949,.013343235,2435,851,1354,187,1319,1354,192
TIMSS,2019,NZL,4,0,bul_ev_all=1,1354,472.5524,3.8432057,1354,493.81226,3.669961,1354,.87283337,.013944208,1354,.79909623,.014459018,2435,851,1354,187,1319,1354,192
TIMSS,2019,NZL,4,0,bul_ev_o=0,2248,489.53296,3.4489996,2248,510.24326,3.1000295,2248,.91318524,.010358972,2248,.85270625,.010947712,2435,851,1354,187,1319,1354,192
TIMSS,2019,NZL,4,0,bul_ev_o=1,187,425.37476,10.381594,187,444.18741,7.9207973,187,.71274781,.043922305,187,.60349345,.049054425,2435,851,1354,187,1319,1354,192
TIMSS,2019,NZL,4,0,bul_ev_trad=0,1116,498.57724,4.7425399,1116,517.72455,4.044836,1116,.92634755,.010823051,1116,.8734535,.012868597,2435,851,1354,187,1319,1354,192
TIMSS,2019,NZL,4,0,bul_ev_trad=1,1319,472.41165,3.842119,1319,494.15527,3.7009039,1319,.87239194,.014387519,1319,.79830021,.014815239,2435,851,1354,187,1319,1354,192
TIMSS,2019,NZL,4,0,bul_pv=0,1584,494.05685,4.3133755,1584,514.11798,3.8227162,1584,.91919482,.011825327,1584,.86459762,.012382354,2435,851,1354,187,1319,1354,192
TIMSS,2019,NZL,4,0,bul_pv=1,851,466.74686,4.4115386,851,488.2067,4.0111933,851,.85676795,.017598419,851,.77452546,.023466898,2435,851,1354,187,1319,1354,192
TIMSS,2019,NZL,4,1,all,2584,489.77335,3.2827342,2584,500.38501,2.7835629,2584,.87281805,.010670855,2584,.82279038,.011119857,2584,1146,1660,297,1615,1660,229
TIMSS,2019,NZL,4,1,bul_any=1,1660,480.02078,3.1701677,1660,491.49289,2.7951975,1660,.85162544,.013124027,1660,.79541266,.015080177,2584,1146,1660,297,1615,1660,229
TIMSS,2019,NZL,4,1,bul_c_all=0,2355,493.79886,3.77281,2355,503.99811,3.2322843,2355,.88066137,.0119773,2355,.83286273,.011931344,2584,1146,1660,297,1615,1660,229
TIMSS,2019,NZL,4,1,bul_c_all=1,229,452.71561,8.3359137,229,467.12366,9.4324875,229,.80061436,.048895087,229,.73006672,.038080554,2584,1146,1660,297,1615,1660,229
TIMSS,2019,NZL,4,1,bul_ev_all=0,924,506.8945,5.3730559,924,515.99561,4.3618059,924,.91002274,.013208622,924,.87085348,.018689683,2584,1146,1660,297,1615,1660,229
TIMSS,2019,NZL,4,1,bul_ev_all=1,1660,480.02078,3.1701677,1660,491.49289,2.7951975,1660,.85162544,.013124027,1660,.79541266,.015080177,2584,1146,1660,297,1615,1660,229
TIMSS,2019,NZL,4,1,bul_ev_o=0,2287,498.30536,3.6617644,2287,508.73154,3.106636,2287,.90189862,.011014069,2287,.85240906,.011370116,2584,1146,1660,297,1615,1660,229
TIMSS,2019,NZL,4,1,bul_ev_o=1,297,421.39426,5.7891049,297,433.49255,4.9532275,297,.63975412,.032911938,297,.58541381,.044122335,2584,1146,1660,297,1615,1660,229
TIMSS,2019,NZL,4,1,bul_ev_trad=0,969,503.78705,5.2884092,969,513.56812,4.3347697,969,.90366572,.013334609,969,.86216623,.018506089,2584,1146,1660,297,1615,1660,229
TIMSS,2019,NZL,4,1,bul_ev_trad=1,1615,481.18582,3.2609091,1615,492.30646,2.8505189,1615,.85391468,.013265502,1615,.79866105,.015517361,2584,1146,1660,297,1615,1660,229
TIMSS,2019,NZL,4,1,bul_pv=0,1438,501.75345,4.2339039,1438,512.33276,3.4683757,1438,.9050495,.011253209,1438,.85822153,.012714568,2584,1146,1660,297,1615,1660,229
TIMSS,2019,NZL,4,1,bul_pv=1,1146,474.59149,3.4552815,1146,485.24414,3.120044,1146,.83197248,.015283857,1146,.77788997,.017412765,2584,1146,1660,297,1615,1660,229
TIMSS,2019,NZL,8,0,all,2937,478.522,3.6351197,2937,497.22665,3.8120122,2937,.6317625,.018665459,2937,.52751595,.019541532,2937,672,1405,546,1331,1417,914
TIMSS,2019,NZL,8,0,bul_any=1,1417,467.76865,4.647985,1417,485.50937,5.2376637,1417,.58061743,.024541223,1417,.47477004,.024667699,2937,672,1405,546,1331,1417,914
TIMSS,2019,NZL,8,0,bul_c_all=0,2023,492.06534,4.3766026,2023,509.92032,4.6366925,2023,.68894309,.023005251,2023,.59792894,.025880609,2937,672,1405,546,1331,1417,914
TIMSS,2019,NZL,8,0,bul_c_all=1,914,451.43811,8.5295162,914,471.84186,9.5396633,914,.51741266,.046266377,914,.38670412,.036424998,2937,672,1405,546,1331,1417,914
TIMSS,2019,NZL,8,0,bul_ev_all=0,1532,489.20023,3.9634228,1532,509.20779,3.94836,1532,.68259716,.022570981,1532,.58056164,.022641573,2937,672,1405,546,1331,1417,914
TIMSS,2019,NZL,8,0,bul_ev_all=1,1405,467.83215,4.7452211,1405,485.23236,5.2491465,1405,.58087218,.024535106,1405,.47441226,.025035081,2937,672,1405,546,1331,1417,914
TIMSS,2019,NZL,8,0,bul_ev_o=0,2391,483.36502,3.6690927,2391,502.48492,4.0651736,2391,.65597963,.020524558,2391,.55309749,.020326333,2937,672,1405,546,1331,1417,914
TIMSS,2019,NZL,8,0,bul_ev_o=1,546,459.40347,5.4568443,546,476.46866,4.7396994,546,.53616112,.02645177,546,.42652863,.030737266,2937,672,1405,546,1331,1417,914
TIMSS,2019,NZL,8,0,bul_ev_trad=0,1606,488.39905,4.103745,1606,507.95215,4.0516882,1606,.67631298,.021427523,1606,.57438397,.022941874,2937,672,1405,546,1331,1417,914
TIMSS,2019,NZL,8,0,bul_ev_trad=1,1331,467.5694,4.6992159,1331,485.33313,5.2256184,1331,.58236045,.024918053,1331,.47554404,.025159916,2937,672,1405,546,1331,1417,914
TIMSS,2019,NZL,8,0,bul_pv=0,2265,485.38321,3.6893802,2265,504.43762,3.8997569,2265,.6659984,.018865664,2265,.55647689,.022066813,2937,672,1405,546,1331,1417,914
TIMSS,2019,NZL,8,0,bul_pv=1,672,456.63889,5.5420175,672,474.22781,5.7877293,672,.52257007,.030447213,672,.43514767,.028966265,2937,672,1405,546,1331,1417,914
TIMSS,2019,NZL,8,1,all,3114,484.48257,4.7169275,3114,500.42783,4.6865201,3114,.62012553,.020013178,3114,.5375244,.02347601,3114,918,1483,342,1450,1513,913
TIMSS,2019,NZL,8,1,bul_any=1,1513,480.53812,5.7326522,1513,493.66782,5.9753699,1513,.59387499,.027135054,1513,.52642882,.029180996,3114,918,1483,342,1450,1513,913
TIMSS,2019,NZL,8,1,bul_c_all=0,2201,498.02628,5.6487026,2201,514.30634,5.6026254,2201,.67592597,.024174605,2201,.59582418,.028318405,3114,918,1483,342,1450,1513,913
TIMSS,2019,NZL,8,1,bul_c_all=1,913,453.74884,10.114242,913,468.9343,10.62903,913,.49350145,.043364763,913,.40522885,.046224639,3114,918,1483,342,1450,1513,913
TIMSS,2019,NZL,8,1,bul_ev_all=0,1631,488.29871,4.7173615,1631,506.95865,4.5279694,1631,.64585692,.020458508,1631,.54650456,.024878416,3114,918,1483,342,1450,1513,913
TIMSS,2019,NZL,8,1,bul_ev_all=1,1483,480.38107,5.8640585,1483,493.4086,6.1068296,1483,.59246981,.028102975,1483,.52787268,.030129479,3114,918,1483,342,1450,1513,913
TIMSS,2019,NZL,8,1,bul_ev_o=0,2772,488.02933,4.5288858,2772,504.7153,4.5170283,2772,.63566726,.020075617,2772,.55188525,.023273956,3114,918,1483,342,1450,1513,913
TIMSS,2019,NZL,8,1,bul_ev_o=1,342,458.00784,10.048963,342,468.4241,9.4372158,342,.50411427,.044232659,342,.43032789,.045643091,3114,918,1483,342,1450,1513,913
TIMSS,2019,NZL,8,1,bul_ev_trad=0,1664,487.98218,4.5674534,1664,506.60397,4.3794255,1664,.64585501,.019798724,1664,.5439052,.024283834,3114,918,1483,342,1450,1513,913
TIMSS,2019,NZL,8,1,bul_ev_trad=1,1450,480.55225,6.0155005,1450,493.49158,6.2890935,1450,.59122944,.029124832,1450,.53035831,.030205389,3114,918,1483,342,1450,1513,913
TIMSS,2019,NZL,8,1,bul_pv=0,2196,488.54922,4.5851688,2196,506.47321,4.2578306,2196,.64352822,.019438045,2196,.55331695,.024021141,3114,918,1483,342,1450,1513,913
TIMSS,2019,NZL,8,1,bul_pv=1,918,474.90753,7.0271802,918,486.19385,7.4004064,918,.56502306,.032859776,918,.50034034,.037678663,3114,918,1483,342,1450,1513,913
TIMSS,2019,OMN,4,0,all,3411,437.87796,3.5103786,3411,447.01648,3.8057868,3411,.67476332,.013840401,3411,.65480745,.015022012,3411,1410,2166,553,2095,2166,1381
TIMSS,2019,OMN,4,0,bul_any=1,2166,428.93753,4.0066056,2166,438.72147,4.6340132,2166,.64657694,.017446782,2166,.62177068,.015323526,3411,1410,2166,553,2095,2166,1381
TIMSS,2019,OMN,4,0,bul_c_all=0,2030,441.25598,4.6191936,2030,449.84271,5.237504,2030,.6916222,.021456003,2030,.67747551,.021185027,3411,1410,2166,553,2095,2166,1381
TIMSS,2019,OMN,4,0,bul_c_all=1,1381,433.74533,6.8240681,1381,443.5589,7.2608848,1381,.65413827,.021967828,1381,.62707549,.023636885,3411,1410,2166,553,2095,2166,1381
TIMSS,2019,OMN,4,0,bul_ev_all=0,1245,454.18222,5.1010494,1245,462.14371,4.7617583,1245,.72616547,.018527212,1245,.71505511,.024294186,3411,1410,2166,553,2095,2166,1381
TIMSS,2019,OMN,4,0,bul_ev_all=1,2166,428.93753,4.0066056,2166,438.72147,4.6340132,2166,.64657694,.017446782,2166,.62177068,.015323526,3411,1410,2166,553,2095,2166,1381
TIMSS,2019,OMN,4,0,bul_ev_o=0,2858,447.44159,3.7017088,2858,458.96301,3.9258678,2858,.71601313,.013288191,2858,.6946674,.015197741,3411,1410,2166,553,2095,2166,1381
TIMSS,2019,OMN,4,0,bul_ev_o=1,553,388.01251,5.1056466,553,384.72647,6.6138186,553,.45968384,.033329651,553,.44697478,.029422384,3411,1410,2166,553,2095,2166,1381
TIMSS,2019,OMN,4,0,bul_ev_trad=0,1316,453.15555,5.0209861,1316,460.58582,4.7339287,1316,.72014171,.018818663,1316,.70899969,.024824776,3411,1410,2166,553,2095,2166,1381
TIMSS,2019,OMN,4,0,bul_ev_trad=1,2095,428.73785,4.0592308,2095,438.89838,4.6316009,2095,.64761484,.017272646,2095,.62238592,.015033953,3411,1410,2166,553,2095,2166,1381
TIMSS,2019,OMN,4,0,bul_pv=0,2001,445.98389,3.9810851,2001,455.77802,4.1074805,2001,.70815629,.015106142,2001,.69315135,.01925825,3411,1410,2166,553,2095,2166,1381
TIMSS,2019,OMN,4,0,bul_pv=1,1410,427.12985,4.7222605,1410,435.39908,5.4642243,1410,.63048565,.02301144,1410,.60396504,.0182762,3411,1410,2166,553,2095,2166,1381
TIMSS,2019,OMN,4,1,all,3403,423.91022,4.3194633,3403,422.94269,5.0473986,3403,.57587236,.015684042,3403,.58130127,.015299154,3403,1753,2424,881,2375,2424,1406
TIMSS,2019,OMN,4,1,bul_any=1,2424,415.57077,4.2397494,2424,415.84106,5.3251228,2424,.55142546,.017010679,2424,.55125368,.016738651,3403,1753,2424,881,2375,2424,1406
TIMSS,2019,OMN,4,1,bul_c_all=0,1997,431.14163,5.3058352,1997,429.64868,6.5638747,1997,.60882479,.022958942,1997,.61367553,.020986367,3403,1753,2424,881,2375,2424,1406
TIMSS,2019,OMN,4,1,bul_c_all=1,1406,415.16336,7.6791615,1406,414.83136,8.3106041,1406,.53601414,.027408708,1406,.54214239,.026410541,3403,1753,2424,881,2375,2424,1406
TIMSS,2019,OMN,4,1,bul_ev_all=0,979,444.70163,6.7413774,979,440.64804,6.9858127,979,.63682181,.024710979,979,.65621406,.024031363,3403,1753,2424,881,2375,2424,1406
TIMSS,2019,OMN,4,1,bul_ev_all=1,2424,415.57077,4.2397494,2424,415.84106,5.3251228,2424,.55142546,.017010679,2424,.55125368,.016738651,3403,1753,2424,881,2375,2424,1406
TIMSS,2019,OMN,4,1,bul_ev_o=0,2522,439.21982,4.7661228,2522,441.07907,5.4289165,2522,.64284474,.018148014,2522,.6459915,.017724194,3403,1753,2424,881,2375,2424,1406
TIMSS,2019,OMN,4,1,bul_ev_o=1,881,380.78415,5.8452353,881,371.85379,6.5497513,881,.38721582,.023374205,881,.39907345,.022130951,3403,1753,2424,881,2375,2424,1406
TIMSS,2019,OMN,4,1,bul_ev_trad=0,1028,443.36417,6.7142906,1028,438.67734,7.0493507,1028,.62989998,.023755059,1028,.65340477,.023493238,3403,1753,2424,881,2375,2424,1406
TIMSS,2019,OMN,4,1,bul_ev_trad=1,2375,415.51678,4.1365151,2375,416.15396,5.246738,2375,.55256206,.017089868,2375,.55019212,.01636106,3403,1753,2424,881,2375,2424,1406
TIMSS,2019,OMN,4,1,bul_pv=0,1650,434.0159,5.2468662,1650,430.29132,5.8729391,1650,.60771149,.019024892,1650,.62301475,.019082973,3403,1753,2424,881,2375,2424,1406
TIMSS,2019,OMN,4,1,bul_pv=1,1753,414.69437,4.809123,1753,416.24115,5.7499738,1753,.54683673,.019562162,1753,.54326075,.018101228,3403,1753,2424,881,2375,2424,1406
TIMSS,2019,OMN,8,0,all,3342,431.62973,3.2487702,3342,485.1449,3.2278223,3342,.57040071,.015371513,3342,.34374014,.015282989,3342,1111,1722,324,1649,1751,880
TIMSS,2019,OMN,8,0,bul_any=1,1751,415.55078,3.6611757,1751,469.64502,3.6483066,1751,.50029409,.015973723,1751,.27290431,.016887605,3342,1111,1722,324,1649,1751,880
TIMSS,2019,OMN,8,0,bul_c_all=0,2462,436.43881,4.2615027,2462,488.94528,4.4848108,2462,.5883714,.021569617,2462,.36216688,.019952694,3342,1111,1722,324,1649,1751,880
TIMSS,2019,OMN,8,0,bul_c_all=1,880,417.69708,6.0515165,880,474.13464,5.6080437,880,.51833725,.026402656,880,.29035535,.027468486,3342,1111,1722,324,1649,1751,880
TIMSS,2019,OMN,8,0,bul_ev_all=0,1620,448.90683,3.1935778,1620,501.93057,3.4819727,1620,.64612871,.021360883,1620,.42004064,.016467763,3342,1111,1722,324,1649,1751,880
TIMSS,2019,OMN,8,0,bul_ev_all=1,1722,415.24515,3.7246833,1722,469.22635,3.6640003,1722,.49858481,.016269948,1722,.27138132,.017732693,3342,1111,1722,324,1649,1751,880
TIMSS,2019,OMN,8,0,bul_ev_o=0,3018,436.02716,3.1380415,3018,490.46259,3.0281427,3018,.59073466,.015798301,3018,.35739264,.015063472,3342,1111,1722,324,1649,1751,880
TIMSS,2019,OMN,8,0,bul_ev_o=1,324,388.42944,6.8325729,324,432.90402,7.2179613,324,.37064129,.031809051,324,.20961867,.034016244,3342,1111,1722,324,1649,1751,880
TIMSS,2019,OMN,8,0,bul_ev_trad=0,1693,447.24673,3.1216547,1693,500.26956,3.5171998,1693,.63873202,.021155477,1693,.41475463,.016087703,3342,1111,1722,324,1649,1751,880
TIMSS,2019,OMN,8,0,bul_ev_trad=1,1649,415.42923,3.960613,1649,469.45514,3.8589361,1649,.49951649,.017399637,1649,.27007249,.018218482,3342,1111,1722,324,1649,1751,880
TIMSS,2019,OMN,8,0,bul_pv=0,2231,443.97479,3.4315135,2231,496.01553,3.343653,2231,.61603564,.019057082,2231,.39770326,.015853664,3342,1111,1722,324,1649,1751,880
TIMSS,2019,OMN,8,0,bul_pv=1,1111,406.70749,4.2270403,1111,463.19922,4.6190858,1111,.478273,.020576555,1111,.23479947,.01913929,3342,1111,1722,324,1649,1751,880
TIMSS,2019,OMN,8,1,all,3409,390.92108,3.9131253,3409,430.87216,4.504858,3409,.35996753,.017141139,3409,.20894995,.011301006,3409,1554,2127,734,2070,2169,1088
TIMSS,2019,OMN,8,1,bul_any=1,2169,382.1051,4.6912065,2169,420.06635,5.4164863,2169,.31885031,.020127172,2169,.18266359,.01174874,3409,1554,2127,734,2070,2169,1088
TIMSS,2019,OMN,8,1,bul_c_all=0,2321,398.6731,4.755106,2321,437.84967,5.4613662,2321,.38356504,.021302406,2321,.23019667,.015243682,3409,1554,2127,734,2070,2169,1088
TIMSS,2019,OMN,8,1,bul_c_all=1,1088,374.44751,8.5102673,1088,416.04443,9.1586266,1088,.30982095,.030722553,1088,.16379905,.021805163,3409,1554,2127,734,2070,2169,1088
TIMSS,2019,OMN,8,1,bul_ev_all=0,1282,407.15271,4.4572163,1282,450.66809,4.7194538,1282,.43591827,.020239925,1282,.26008296,.017737284,3409,1554,2127,734,2070,2169,1088
TIMSS,2019,OMN,8,1,bul_ev_all=1,2127,381.3201,4.6527195,2127,419.1629,5.3848562,2127,.31504264,.01996436,2127,.17870478,.011373434,3409,1554,2127,734,2070,2169,1088
TIMSS,2019,OMN,8,1,bul_ev_o=0,2675,404.77829,3.6777956,2675,448.06613,4.1214452,2675,.41572252,.01717839,2675,.24295923,.012929073,3409,1554,2127,734,2070,2169,1088
TIMSS,2019,OMN,8,1,bul_ev_o=1,734,342.31839,6.2629418,734,370.56622,6.5012794,734,.16441275,.02256549,734,.089665972,.013791996,3409,1554,2127,734,2070,2169,1088
TIMSS,2019,OMN,8,1,bul_ev_trad=0,1339,405.36182,4.4457912,1339,448.02039,4.7871399,1339,.42608526,.020045664,1339,.25563508,.01750868,3409,1554,2127,734,2070,2169,1088
TIMSS,2019,OMN,8,1,bul_ev_trad=1,2070,381.70966,4.5485864,2070,419.93369,5.2780552,2070,.31779239,.019324558,2070,.17917047,.010889899,3409,1554,2127,734,2070,2169,1088
TIMSS,2019,OMN,8,1,bul_pv=0,1855,402.47513,3.9956319,1855,444.54446,4.1819549,1855,.40429711,.018118404,1855,.23918922,.015593177,3409,1554,2127,734,2070,2169,1088
TIMSS,2019,OMN,8,1,bul_pv=1,1554,377.12048,5.4746838,1554,414.54141,6.0128264,1554,.3070184,.023739081,1554,.17283091,.013648236,3409,1554,2127,734,2070,2169,1088
TIMSS,2019,PAK,4,0,all,1712,338.02615,14.908267,1712,310.82629,14.955297,1712,.24867736,.046575584,1712,.30513647,.060594585,1712,591,963,431,917,963,325
TIMSS,2019,PAK,4,0,bul_any=1,963,326.42636,15.23499,963,296.72894,15.427361,963,.20600179,.048537035,963,.25993547,.060021561,1712,591,963,431,917,963,325
TIMSS,2019,PAK,4,0,bul_c_all=0,1387,337.52222,17.466146,1387,312.99728,17.196793,1387,.25789008,.052566443,1387,.30864954,.07010638,1712,591,963,431,917,963,325
TIMSS,2019,PAK,4,0,bul_c_all=1,325,340.29858,20.095629,325,301.03653,22.052591,325,.20713384,.084910199,325,.28929475,.10209157,1712,591,963,431,917,963,325
TIMSS,2019,PAK,4,0,bul_ev_all=0,749,351.68448,17.16254,749,327.42538,16.855713,749,.2989262,.049622796,749,.35835898,.072793558,1712,591,963,431,917,963,325
TIMSS,2019,PAK,4,0,bul_ev_all=1,963,326.42636,15.23499,963,296.72894,15.427361,963,.20600179,.048537035,963,.25993547,.060021561,1712,591,963,431,917,963,325
TIMSS,2019,PAK,4,0,bul_ev_o=0,1281,348.40192,15.484554,1281,319.93063,16.287704,1281,.27778271,.053407732,1281,.34375653,.06170566,1712,591,963,431,917,963,325
TIMSS,2019,PAK,4,0,bul_ev_o=1,431,304.12753,15.899699,431,281.08148,14.49834,431,.15358719,.033434842,431,.17896086,.064362057,1712,591,963,431,917,963,325
TIMSS,2019,PAK,4,0,bul_ev_trad=0,795,351.23495,16.582035,795,327.29321,16.303429,795,.29609573,.04812384,795,.35433263,.070707336,1712,591,963,431,917,963,325
TIMSS,2019,PAK,4,0,bul_ev_trad=1,917,325.97412,15.728084,917,295.80145,15.966212,917,.20541155,.050188288,917,.2602486,.060789585,1712,591,963,431,917,963,325
TIMSS,2019,PAK,4,0,bul_pv=0,1121,347.54202,15.152795,1121,322.81076,14.362588,1121,.27691323,.048093885,1121,.33653507,.064414516,1712,591,963,431,917,963,325
TIMSS,2019,PAK,4,0,bul_pv=1,591,317.40573,16.83432,591,284.85654,19.282068,591,.18749158,.052324247,591,.23709726,.067713238,1712,591,963,431,917,963,325
TIMSS,2019,PAK,4,1,all,2268,319.1489,12.053754,2268,272.96487,14.251149,2268,.18468174,.033384684,2268,.24235977,.047001943,2268,965,1449,724,1411,1449,639
TIMSS,2019,PAK,4,1,bul_any=1,1449,320.15714,14.100802,1449,269.05719,16.461336,1449,.18403065,.0396952,1449,.25505406,.053071,2268,965,1449,724,1411,1449,639
TIMSS,2019,PAK,4,1,bul_c_all=0,1629,313.51721,14.067096,1629,263.27225,16.355,1629,.16844362,.038533315,1629,.22612195,.054551795,2268,965,1449,724,1411,1449,639
TIMSS,2019,PAK,4,1,bul_c_all=1,639,341.90411,17.928928,639,312.12842,20.924427,639,.25029269,.062906727,639,.30796954,.076919511,2268,965,1449,724,1411,1449,639
TIMSS,2019,PAK,4,1,bul_ev_all=0,819,316.84293,10.547761,819,281.9025,12.769343,819,.18617089,.037677202,819,.21332556,.045975134,2268,965,1449,724,1411,1449,639
TIMSS,2019,PAK,4,1,bul_ev_all=1,1449,320.15714,14.100802,1449,269.05719,16.461336,1449,.18403065,.0396952,1449,.25505406,.053071,2268,965,1449,724,1411,1449,639
TIMSS,2019,PAK,4,1,bul_ev_o=0,1544,322.84952,12.765158,1544,277.8284,15.963198,1544,.199101,.036654748,1544,.25770348,.047866911,2268,965,1449,724,1411,1449,639
TIMSS,2019,PAK,4,1,bul_ev_o=1,724,311.98944,14.705488,724,263.55551,17.016254,724,.15678513,.045660146,724,.21267463,.060090255,2268,965,1449,724,1411,1449,639
TIMSS,2019,PAK,4,1,bul_ev_trad=0,857,318.63885,10.774578,857,283.54861,12.957021,857,.18888973,.039490625,857,.21950483,.049580943,2268,965,1449,724,1411,1449,639
TIMSS,2019,PAK,4,1,bul_ev_trad=1,1411,319.38412,14.056265,1411,268.0842,16.399393,1411,.18274122,.039699052,1411,.25289938,.05185521,2268,965,1449,724,1411,1449,639
TIMSS,2019,PAK,4,1,bul_pv=0,1303,320.84583,11.083823,1303,281.93457,11.899787,1303,.18905833,.031245159,1303,.23625973,.045344263,2268,965,1449,724,1411,1449,639
TIMSS,2019,PAK,4,1,bul_pv=1,965,317.25958,15.281898,965,262.97809,19.720325,965,.17980888,.048118662,965,.24915151,.058642022,2268,965,1449,724,1411,1449,639
TIMSS,2019,PHL,4,0,all,2669,314.7511,6.5834951,2669,261.38257,7.8327107,2669,.14118391,.015790643,2669,.22794273,.021477448,2669,1948,2429,1514,2366,2429,251
TIMSS,2019,PHL,4,0,bul_any=1,2429,310.81323,6.5364628,2429,255.93475,7.8233128,2429,.12513639,.014760751,2429,.21216787,.021311374,2669,1948,2429,1514,2366,2429,251
TIMSS,2019,PHL,4,0,bul_c_all=0,2418,313.72479,6.513741,2418,259.37076,7.6563048,2418,.13418703,.0163527,2418,.22212756,.021841383,2669,1948,2429,1514,2366,2429,251
TIMSS,2019,PHL,4,0,bul_c_all=1,251,325.60828,22.873508,251,282.6655,27.948458,251,.21520381,.060922258,251,.28946134,.068630382,2669,1948,2429,1514,2366,2429,251
TIMSS,2019,PHL,4,0,bul_ev_all=0,240,355.34335,11.311599,240,317.5401,13.169773,240,.30660543,.047096968,240,.39055359,.046844367,2669,1948,2429,1514,2366,2429,251
TIMSS,2019,PHL,4,0,bul_ev_all=1,2429,310.81323,6.5364628,2429,255.93475,7.8233128,2429,.12513639,.014760751,2429,.21216787,.021311374,2669,1948,2429,1514,2366,2429,251
TIMSS,2019,PHL,4,0,bul_ev_o=0,1155,347.13705,7.1947589,1155,304.05203,8.6530104,1155,.24550611,.024348544,1155,.34223944,.030401422,2669,1948,2429,1514,2366,2429,251
TIMSS,2019,PHL,4,0,bul_ev_o=1,1514,289.38815,6.6404548,1514,227.96619,8.023881,1514,.059484478,.011055678,1514,.1384318,.017507352,2669,1948,2429,1514,2366,2429,251
TIMSS,2019,PHL,4,0,bul_ev_trad=0,303,347.37314,11.158135,303,308.01392,12.414642,303,.27705145,.039882522,303,.36534426,.041690085,2669,1948,2429,1514,2366,2429,251
TIMSS,2019,PHL,4,0,bul_ev_trad=1,2366,310.70068,6.5306373,2366,255.59276,7.7758784,2366,.1243144,.014641708,2366,.21088275,.021293808,2669,1948,2429,1514,2366,2429,251
TIMSS,2019,PHL,4,0,bul_pv=0,721,345.52142,8.0802631,721,304.32419,10.288211,721,.25540152,.03207586,721,.35129464,.036452115,2669,1948,2429,1514,2366,2429,251
TIMSS,2019,PHL,4,0,bul_pv=1,1948,303.31555,6.5410986,1948,245.42368,7.6659846,1948,.098735869,.013090882,1948,.1821,.019090507,2669,1948,2429,1514,2366,2429,251
TIMSS,2019,PHL,4,1,all,2846,279.85513,6.4474726,2846,237.51271,7.861443,2846,.11234801,.013907513,2846,.15599979,.01829863,2846,2219,2614,1817,2546,2614,284
TIMSS,2019,PHL,4,1,bul_any=1,2614,277.04593,6.2600307,2614,233.70357,7.8301926,2614,.10116717,.013151243,2614,.1443952,.017992297,2846,2219,2614,1817,2546,2614,284
TIMSS,2019,PHL,4,1,bul_c_all=0,2562,277.10855,6.6312852,2562,234.34641,7.9690366,2562,.10545081,.014298119,2562,.14800677,.018165613,2846,2219,2614,1817,2546,2614,284
TIMSS,2019,PHL,4,1,bul_c_all=1,284,307.60806,19.877867,284,269.50677,23.567739,284,.18204084,.049255766,284,.23676547,.069045924,2846,2219,2614,1817,2546,2614,284
TIMSS,2019,PHL,4,1,bul_ev_all=0,232,312.86905,14.136532,232,282.27774,14.937613,232,.24374506,.045594677,232,.29237682,.043366358,2846,2219,2614,1817,2546,2614,284
TIMSS,2019,PHL,4,1,bul_ev_all=1,2614,277.04593,6.2600307,2614,233.70357,7.8301926,2614,.10116717,.013151243,2614,.1443952,.017992297,2846,2219,2614,1817,2546,2614,284
TIMSS,2019,PHL,4,1,bul_ev_o=0,1029,310.0618,7.9248719,1029,279.13321,9.6771202,1029,.21533929,.025990909,1029,.26060006,.026072742,2846,2219,2614,1817,2546,2614,284
TIMSS,2019,PHL,4,1,bul_ev_o=1,1817,262.41803,6.2402868,1817,213.48685,7.5175748,1817,.05289524,.010369852,1817,.095618226,.016213266,2846,2219,2614,1817,2546,2614,284
TIMSS,2019,PHL,4,1,bul_ev_trad=0,300,299.62708,13.015482,300,268.64868,13.227711,300,.20905995,.03751345,300,.25835088,.035523575,2846,2219,2614,1817,2546,2614,284
TIMSS,2019,PHL,4,1,bul_ev_trad=1,2546,277.61038,6.2733707,2546,233.97777,7.791626,2546,.10136805,.012982014,2546,.14437962,.018088812,2846,2219,2614,1817,2546,2614,284
TIMSS,2019,PHL,4,1,bul_pv=0,627,299.43451,9.3857851,627,263.86295,9.9488401,627,.19068107,.027518962,627,.23709756,.030465245,2846,2219,2614,1817,2546,2614,284
TIMSS,2019,PHL,4,1,bul_pv=1,2219,274.36758,6.2868991,2219,230.12747,7.8801599,2219,.090393409,.01369741,2219,.13327032,.017350389,2846,2219,2614,1817,2546,2614,284
TIMSS,2019,POL,4,0,all,2382,516.04492,2.9479642,2382,532.32288,2.6791868,2382,.96017784,.0066378596,2382,.93265474,.0077665807,2382,337,756,158,741,756,684
TIMSS,2019,POL,4,0,bul_any=1,756,497.41013,4.0794363,756,515.93286,3.4172421,756,.93018866,.01457192,756,.89624238,.017191384,2382,337,756,158,741,756,684
TIMSS,2019,POL,4,0,bul_c_all=0,1698,518.24487,3.5926936,1698,533.37872,3.2061851,1698,.96601248,.0063861459,1698,.94085485,.0094397282,2382,337,756,158,741,756,684
TIMSS,2019,POL,4,0,bul_c_all=1,684,508.99234,5.1557331,684,528.93799,4.7096825,684,.94147319,.014381417,684,.90636677,.015638957,2382,337,756,158,741,756,684
TIMSS,2019,POL,4,0,bul_ev_all=0,1626,524.28528,3.2314231,1626,539.57056,3.173233,1626,.97343916,.0053664939,1626,.94875634,.0080456808,2382,337,756,158,741,756,684
TIMSS,2019,POL,4,0,bul_ev_all=1,756,497.41013,4.0794363,756,515.93286,3.4172421,756,.93018866,.01457192,756,.89624238,.017191384,2382,337,756,158,741,756,684
TIMSS,2019,POL,4,0,bul_ev_o=0,2224,519.29187,2.9277668,2224,535.55792,2.7086837,2224,.96885151,.0060785692,2224,.94304138,.0073853801,2382,337,756,158,741,756,684
TIMSS,2019,POL,4,0,bul_ev_o=1,158,468.17142,9.1281147,158,484.62503,7.9705725,158,.83229256,.039488386,158,.77951241,.043092307,2382,337,756,158,741,756,684
TIMSS,2019,POL,4,0,bul_ev_trad=0,1641,523.77417,3.1807671,1641,539.01794,3.0546868,1641,.97260296,.0058464073,1641,.94836169,.0081153484,2382,337,756,158,741,756,684
TIMSS,2019,POL,4,0,bul_ev_trad=1,741,497.90707,4.0855985,741,516.61182,3.4381335,741,.93102056,.013323957,741,.89579588,.017771933,2382,337,756,158,741,756,684
TIMSS,2019,POL,4,0,bul_pv=0,2045,520.11938,2.9645867,2045,535.78314,2.8169596,2045,.97022665,.0056211213,2045,.94485956,.0069223163,2382,337,756,158,741,756,684
TIMSS,2019,POL,4,0,bul_pv=1,337,491.00043,6.3004999,337,511.05356,5.7696447,337,.89841056,.025549533,337,.85763478,.031585291,2382,337,756,158,741,756,684
TIMSS,2019,POL,4,1,all,2500,524.14264,3.1257396,2500,529.3761,3.0979614,2500,.94152337,.0086712334,2500,.92927629,.0079797693,2500,666,1158,215,1134,1158,699
TIMSS,2019,POL,4,1,bul_any=1,1158,513.60767,3.5850787,1158,518.89124,3.5445256,1158,.91904199,.012608083,1158,.90891993,.013004147,2500,666,1158,215,1134,1158,699
TIMSS,2019,POL,4,1,bul_c_all=0,1801,523.0437,3.7339885,1801,528.48035,3.6224949,1801,.93824112,.010094563,1801,.92770064,.010183501,2500,666,1158,215,1134,1158,699
TIMSS,2019,POL,4,1,bul_c_all=1,699,527.7182,6.1732912,699,532.29047,5.756321,699,.95220244,.015179263,699,.93440276,.017610746,2500,666,1158,215,1134,1158,699
TIMSS,2019,POL,4,1,bul_ev_all=0,1342,533.05835,3.9028025,1342,538.24933,3.6065829,1342,.96054918,.0090177339,1342,.9465037,.008649352,2500,666,1158,215,1134,1158,699
TIMSS,2019,POL,4,1,bul_ev_all=1,1158,513.60767,3.5850787,1158,518.89124,3.5445256,1158,.91904199,.012608083,1158,.90891993,.013004147,2500,666,1158,215,1134,1158,699
TIMSS,2019,POL,4,1,bul_ev_o=0,2285,528.77765,3.0801408,2285,533.70667,3.0944352,2285,.95272493,.0087926053,2285,.94167364,.007368457,2500,666,1158,215,1134,1158,699
TIMSS,2019,POL,4,1,bul_ev_o=1,215,472.5965,8.2844629,215,481.21533,8.3697824,215,.81694973,.034964927,215,.79140419,.03869364,2500,666,1158,215,1134,1158,699
TIMSS,2019,POL,4,1,bul_ev_trad=0,1366,532.65393,3.8896201,1366,537.73962,3.5340302,1366,.95931298,.0090987459,1366,.94608474,.0087923799,2500,666,1158,215,1134,1158,699
TIMSS,2019,POL,4,1,bul_ev_trad=1,1134,513.73608,3.5609958,1134,519.15021,3.5558019,1134,.91977239,.013027788,1134,.9087249,.013225279,2500,666,1158,215,1134,1158,699
TIMSS,2019,POL,4,1,bul_pv=0,1834,528.46448,3.5059886,1834,533.54016,3.5824945,1834,.95234573,.010019758,1834,.93981147,.0081873937,2500,666,1158,215,1134,1158,699
TIMSS,2019,POL,4,1,bul_pv=1,666,512.22815,4.4838324,666,517.89648,4.1127934,666,.91168797,.013805794,666,.90023243,.014687635,2500,666,1158,215,1134,1158,699
TIMSS,2019,PRT,4,0,all,2092,516.16351,2.823499,2092,500.96487,3.2045305,2092,.93120259,.0068554939,2092,.93932575,.0098220585,2092,521,958,104,934,958,546
TIMSS,2019,PRT,4,0,bul_any=1,958,503.25,3.2606165,958,490.89609,4.0873809,958,.9109081,.010827876,958,.91709638,.014248158,2092,521,958,104,934,958,546
TIMSS,2019,PRT,4,0,bul_c_all=0,1546,519.58545,3.209574,1546,503.20251,3.3262789,1546,.93203592,.0081426222,1546,.94482559,.010246951,2092,521,958,104,934,958,546
TIMSS,2019,PRT,4,0,bul_c_all=1,546,505.77707,5.2779822,546,494.17307,5.1559052,546,.92867339,.017427579,546,.92263228,.016668599,2092,521,958,104,934,958,546
TIMSS,2019,PRT,4,0,bul_ev_all=0,1134,527.11237,3.7398605,1134,509.50177,3.7878401,1134,.94840944,.0098903244,1134,.95817304,.011105673,2092,521,958,104,934,958,546
TIMSS,2019,PRT,4,0,bul_ev_all=1,958,503.25,3.2606165,958,490.89609,4.0873809,958,.9109081,.010827876,958,.91709638,.014248158,2092,521,958,104,934,958,546
TIMSS,2019,PRT,4,0,bul_ev_o=0,1988,518.45685,2.777472,1988,503.34222,3.2216563,1988,.93942356,.0065968577,1988,.94658607,.0086198486,2092,521,958,104,934,958,546
TIMSS,2019,PRT,4,0,bul_ev_o=1,104,471.604,10.722584,104,454.77313,9.7104321,104,.771469,.048950966,104,.79825759,.064901367,2092,521,958,104,934,958,546
TIMSS,2019,PRT,4,0,bul_ev_trad=0,1158,526.24768,3.7575996,1158,508.64789,3.8814507,1158,.94636303,.010425402,1158,.95654237,.01101536,2092,521,958,104,934,958,546
TIMSS,2019,PRT,4,0,bul_ev_trad=1,934,503.7507,3.1700814,934,491.50763,3.954833,934,.91254121,.01118568,934,.91813338,.01459951,2092,521,958,104,934,958,546
TIMSS,2019,PRT,4,0,bul_pv=0,1571,523.60638,3.0770407,1571,506.79092,3.4212694,1571,.94416791,.008434644,1571,.95361483,.0092002125,2092,521,958,104,934,958,546
TIMSS,2019,PRT,4,0,bul_pv=1,521,493.23386,4.3824215,521,483.01611,4.4248009,521,.89125937,.016811557,521,.89530438,.019280916,2092,521,958,104,934,958,546
TIMSS,2019,PRT,4,1,all,2208,533.48444,2.8449776,2208,506.4946,2.6747797,2208,.93646467,.0077431407,2208,.95497674,.0081286477,2208,748,1272,160,1248,1272,589
TIMSS,2019,PRT,4,1,bul_any=1,1272,526.07727,3.1259091,1272,499.07889,2.9843493,1272,.92080647,.010965071,1272,.94342834,.013106648,2208,748,1272,160,1248,1272,589
TIMSS,2019,PRT,4,1,bul_c_all=0,1619,537.44177,3.0885227,1619,509.49042,2.8265371,1619,.94507819,.007990256,1619,.95986551,.0076529575,2208,748,1272,160,1248,1272,589
TIMSS,2019,PRT,4,1,bul_c_all=1,589,521.78717,5.8885221,589,497.63934,5.0207863,589,.91100407,.018624166,589,.94052619,.01859735,2208,748,1272,160,1248,1272,589
TIMSS,2019,PRT,4,1,bul_ev_all=0,936,543.34393,3.7206316,936,516.36542,3.328197,936,.95730686,.0086988155,936,.97034854,.0080375699,2208,748,1272,160,1248,1272,589
TIMSS,2019,PRT,4,1,bul_ev_all=1,1272,526.07727,3.1259091,1272,499.07889,2.9843493,1272,.92080647,.010965071,1272,.94342834,.013106648,2208,748,1272,160,1248,1272,589
TIMSS,2019,PRT,4,1,bul_ev_o=0,2048,537.75623,2.8082604,2048,510.67218,2.674181,2048,.95019096,.0072213653,2048,.96438384,.0079872599,2208,748,1272,160,1248,1272,589
TIMSS,2019,PRT,4,1,bul_ev_o=1,160,479.8736,7.1167479,160,454.06601,8.7505703,160,.76420027,.04092614,160,.83691829,.036496915,2208,748,1272,160,1248,1272,589
TIMSS,2019,PRT,4,1,bul_ev_trad=0,960,542.79047,3.6464219,960,515.82001,3.2075682,960,.95606005,.008494461,960,.97008979,.0077934759,2208,748,1272,160,1248,1272,589
TIMSS,2019,PRT,4,1,bul_ev_trad=1,1248,526.20544,3.1712151,1248,499.20041,3.029963,1248,.92113745,.011233348,1248,.94315559,.013140228,2208,748,1272,160,1248,1272,589
TIMSS,2019,PRT,4,1,bul_pv=0,1460,539.74475,3.0742817,1460,513.06403,2.8073289,1460,.95255065,.0071422914,1460,.96754962,.0067647807,2208,748,1272,160,1248,1272,589
TIMSS,2019,PRT,4,1,bul_pv=1,748,520.92969,4.2514634,748,493.31998,4.3388081,748,.90420508,.017992865,748,.92976254,.018245442,2208,748,1272,160,1248,1272,589
TIMSS,2019,PRT,8,0,all,1695,495.15039,3.421768,1695,515.50989,3.1136186,1695,.71639705,.017947974,1695,.59799564,.019053528,1695,197,522,74,508,529,445
TIMSS,2019,PRT,8,0,bul_any=1,529,485.14395,5.9639525,529,507.71204,4.9482975,529,.68272972,.029728569,529,.54887819,.031888358,1695,197,522,74,508,529,445
TIMSS,2019,PRT,8,0,bul_c_all=0,1250,499.01102,3.4935839,1250,518.78802,3.0654075,1250,.73113042,.021062618,1250,.62068123,.022181271,1695,197,522,74,508,529,445
TIMSS,2019,PRT,8,0,bul_c_all=1,445,485.72052,8.5614967,445,507.50281,8.1663666,445,.68040937,.048699692,445,.54258394,.047252208,1695,197,522,74,508,529,445
TIMSS,2019,PRT,8,0,bul_ev_all=0,1173,500.20383,3.5922506,1173,519.59796,3.5554411,1173,.73478925,.020324182,1173,.62466598,.020857846,1695,197,522,74,508,529,445
TIMSS,2019,PRT,8,0,bul_ev_all=1,522,484.76666,6.0587745,522,507.10977,5.0130534,522,.67860478,.030090695,522,.54319352,.032567929,1695,197,522,74,508,529,445
TIMSS,2019,PRT,8,0,bul_ev_o=0,1621,496.97968,3.4047751,1621,516.97852,3.1184847,1621,.72488964,.01799068,1621,.60893589,.01977515,1695,197,522,74,508,529,445
TIMSS,2019,PRT,8,0,bul_ev_o=1,74,456.78894,9.5811224,74,484.71176,8.6330328,74,.53830057,.066251576,74,.36857021,.061739128,1695,197,522,74,508,529,445
TIMSS,2019,PRT,8,0,bul_ev_trad=0,1187,499.66623,3.639468,1187,519.27136,3.6303022,1187,.73277336,.020630809,1187,.62175804,.020977437,1695,197,522,74,508,529,445
TIMSS,2019,PRT,8,0,bul_ev_trad=1,508,485.49454,6.0705676,508,507.46704,4.9951253,508,.68138087,.030234957,508,.54718643,.032798849,1695,197,522,74,508,529,445
TIMSS,2019,PRT,8,0,bul_pv=0,1498,498.88367,3.3304286,1498,518.84003,3.1480603,1498,.73347682,.01840887,1498,.61633945,.019545861,1695,197,522,74,508,529,445
TIMSS,2019,PRT,8,0,bul_pv=1,197,468.55707,6.7222281,197,491.78824,5.5920901,197,.59473151,.0427511,197,.46732602,.041978411,1695,197,522,74,508,529,445
TIMSS,2019,PRT,8,1,all,1682,505.47607,3.8362525,1682,521.95984,3.390775,1682,.74353814,.023827773,1682,.65688759,.019900138,1682,398,579,91,567,588,441
TIMSS,2019,PRT,8,1,bul_any=1,588,504.47455,5.3158131,588,519.91406,4.8638835,588,.73196715,.032588985,588,.64444304,.029357176,1682,398,579,91,567,588,441
TIMSS,2019,PRT,8,1,bul_c_all=0,1241,511.79041,3.9171047,1241,526.44464,3.7984955,1241,.7613458,.027186804,1241,.68538457,.021721676,1682,398,579,91,567,588,441
TIMSS,2019,PRT,8,1,bul_c_all=1,441,490.12643,8.6423178,441,511.05762,7.9313378,441,.70024925,.045690041,441,.58761376,.049091097,1682,398,579,91,567,588,441
TIMSS,2019,PRT,8,1,bul_ev_all=0,1103,506.23697,4.5141873,1103,523.25989,3.9417071,1103,.75078505,.025799278,1103,.66475761,.023042405,1682,398,579,91,567,588,441
TIMSS,2019,PRT,8,1,bul_ev_all=1,579,504.01675,5.3621936,579,519.46655,4.9071908,579,.72963953,.032996349,579,.64179379,.029604046,1682,398,579,91,567,588,441
TIMSS,2019,PRT,8,1,bul_ev_o=0,1591,505.54333,3.8238885,1591,522.68317,3.399946,1591,.74848878,.023991795,1591,.65944874,.020030519,1682,398,579,91,567,588,441
TIMSS,2019,PRT,8,1,bul_ev_o=1,91,504.26718,12.893725,91,508.96469,10.880152,91,.65459627,.056755751,91,.61087424,.064950034,1682,398,579,91,567,588,441
TIMSS,2019,PRT,8,1,bul_ev_trad=0,1115,506.93475,4.5336423,1115,523.75525,3.9021962,1115,.75277388,.025626317,1115,.66764444,.022884492,1682,398,579,91,567,588,441
TIMSS,2019,PRT,8,1,bul_ev_trad=1,567,502.59055,5.3427329,567,518.40833,4.9463711,567,.7252686,.03350376,567,.63560903,.029820878,1682,398,579,91,567,588,441
TIMSS,2019,PRT,8,1,bul_pv=0,1284,505.92267,4.335556,1284,523.11548,3.749459,1284,.74645191,.025307871,1284,.65786767,.022891032,1682,398,579,91,567,588,441
TIMSS,2019,PRT,8,1,bul_pv=1,398,504.03522,5.9581499,398,518.23169,5.3418827,398,.73413813,.035235807,398,.65372568,.035298184,1682,398,579,91,567,588,441
TIMSS,2019,QAT,4,0,all,2551,449.96536,5.3795676,2551,455.73257,5.8033228,2551,.71352547,.022831883,2551,.71042758,.021396842,2551,1056,1655,543,1605,1655,264
TIMSS,2019,QAT,4,0,bul_any=1,1655,437.52786,5.5549045,1655,441.1438,6.4287601,1655,.65626305,.027213935,1655,.65561569,.025543557,2551,1056,1655,543,1605,1655,264
TIMSS,2019,QAT,4,0,bul_c_all=0,2287,449.98578,5.5997334,2287,456.17932,6.0650129,2287,.71472263,.023531409,2287,.7086218,.021887127,2551,1056,1655,543,1605,1655,264
TIMSS,2019,QAT,4,0,bul_c_all=1,264,449.76514,13.55531,264,451.34647,13.189178,264,.70177191,.054684367,264,.72815615,.064445004,2551,1056,1655,543,1605,1655,264
TIMSS,2019,QAT,4,0,bul_ev_all=0,896,474.01007,6.183413,896,483.93613,5.3997302,896,.82422745,.019815242,896,.81639212,.022247978,2551,1056,1655,543,1605,1655,264
TIMSS,2019,QAT,4,0,bul_ev_all=1,1655,437.52786,5.5549045,1655,441.1438,6.4287601,1655,.65626305,.027213935,1655,.65561569,.025543557,2551,1056,1655,543,1605,1655,264
TIMSS,2019,QAT,4,0,bul_ev_o=0,2008,464.80609,5.254117,2008,474.72699,5.1846895,2008,.79155552,.018805498,2008,.77709627,.019786203,2551,1056,1655,543,1605,1655,264
TIMSS,2019,QAT,4,0,bul_ev_o=1,543,398.42474,5.669951,543,389.76648,7.1319671,543,.44253367,.040683806,543,.47889268,.038289584,2551,1056,1655,543,1605,1655,264
TIMSS,2019,QAT,4,0,bul_ev_trad=0,946,473.46283,6.3844032,946,483.36148,5.4808044,946,.81979543,.0190368,946,.81037635,.020574374,2551,1056,1655,543,1605,1655,264
TIMSS,2019,QAT,4,0,bul_ev_trad=1,1605,436.61356,5.5379052,1605,440.03317,6.460093,1605,.65314031,.027472675,1605,.65363431,.025953002,2551,1056,1655,543,1605,1655,264
TIMSS,2019,QAT,4,0,bul_pv=0,1495,462.43082,5.1480222,1495,471.26971,5.015286,1495,.78039849,.020038959,1495,.77040541,.018145733,2551,1056,1655,543,1605,1655,264
TIMSS,2019,QAT,4,0,bul_pv=1,1056,432.36911,6.3652439,1056,433.80029,7.3289609,1056,.61912733,.032480408,1056,.62576264,.035730809,2551,1056,1655,543,1605,1655,264
TIMSS,2019,QAT,4,1,all,2382,448.85092,3.2699814,2382,443.12393,3.6415846,2382,.64969593,.01520138,2382,.67989326,.014907427,2382,1247,1733,687,1698,1733,371
TIMSS,2019,QAT,4,1,bul_any=1,1733,440.23636,3.3000767,1733,433.74011,3.8037138,1733,.61176181,.015670409,1733,.64777535,.016059801,2382,1247,1733,687,1698,1733,371
TIMSS,2019,QAT,4,1,bul_c_all=0,2011,453.20972,3.6599586,2011,448.01266,4.1588387,2011,.66747475,.016627686,2011,.69725823,.017295983,2382,1247,1733,687,1698,1733,371
TIMSS,2019,QAT,4,1,bul_c_all=1,371,425.01218,11.190323,371,416.38687,9.4808722,371,.55246091,.050626785,371,.58492202,.059348382,2382,1247,1733,687,1698,1733,371
TIMSS,2019,QAT,4,1,bul_ev_all=0,649,471.80478,6.0560355,649,468.1275,5.9795871,649,.75077271,.03403854,649,.76547271,.025198298,2382,1247,1733,687,1698,1733,371
TIMSS,2019,QAT,4,1,bul_ev_all=1,1733,440.23636,3.3000767,1733,433.74011,3.8037138,1733,.61176181,.015670409,1733,.64777535,.016059801,2382,1247,1733,687,1698,1733,371
TIMSS,2019,QAT,4,1,bul_ev_o=0,1695,471.54251,3.9768589,1695,470.75375,4.0638103,1695,.75798178,.018927997,1695,.77330935,.016792169,2382,1247,1733,687,1698,1733,371
TIMSS,2019,QAT,4,1,bul_ev_o=1,687,391.46109,3.7672887,687,373.24469,4.1349587,687,.37582746,.019603375,687,.44363242,.026154377,2382,1247,1733,687,1698,1733,371
TIMSS,2019,QAT,4,1,bul_ev_trad=0,684,470.10385,5.8582268,684,466.32578,5.8451991,684,.745794,.033988886,684,.75921166,.025155028,2382,1247,1733,687,1698,1733,371
TIMSS,2019,QAT,4,1,bul_ev_trad=1,1698,440.3349,3.2845743,1698,433.827,3.8095942,1698,.61118954,.015518036,1698,.64811051,.016133031,2382,1247,1733,687,1698,1733,371
TIMSS,2019,QAT,4,1,bul_pv=0,1135,465.00781,5.0099235,1135,460.51044,5.0695691,1135,.71454966,.023726214,1135,.73857105,.021012165,2382,1247,1733,687,1698,1733,371
TIMSS,2019,QAT,4,1,bul_pv=1,1247,434.72546,3.6861513,1247,427.92346,4.0699682,1247,.59299624,.01815862,1247,.62859309,.018919745,2382,1247,1733,687,1698,1733,371
TIMSS,2019,QAT,8,0,all,1899,446.84439,4.9326954,1899,488.49762,5.2297621,1899,.55940276,.023421127,1899,.36843699,.024017327,1899,463,857,253,816,872,367
TIMSS,2019,QAT,8,0,bul_any=1,872,433.22342,5.4565797,872,470.87134,6.1702456,872,.4868499,.028335126,872,.32231665,.026361825,1899,463,857,253,816,872,367
TIMSS,2019,QAT,8,0,bul_c_all=0,1532,454.44995,6.3458328,1532,493.96741,6.5412107,1532,.58107531,.029848734,1532,.40156075,.028771808,1899,463,857,253,816,872,367
TIMSS,2019,QAT,8,0,bul_c_all=1,367,412.66083,7.5524669,367,463.91333,7.1158276,367,.46199441,.035296265,367,.21956047,.034185946,1899,463,857,253,816,872,367
TIMSS,2019,QAT,8,0,bul_ev_all=0,1042,458.34204,5.6749759,1042,503.28223,5.7436924,1042,.62024796,.028110856,1042,.40687233,.029852906,1899,463,857,253,816,872,367
TIMSS,2019,QAT,8,0,bul_ev_all=1,857,432.87509,5.5365777,857,470.53476,6.32479,857,.4854776,.028980188,857,.3217392,.026785584,1899,463,857,253,816,872,367
TIMSS,2019,QAT,8,0,bul_ev_o=0,1646,453.4079,5.1453953,1646,495.62622,5.3091707,1646,.58864409,.023596995,1646,.39101946,.026865169,1899,463,857,253,816,872,367
TIMSS,2019,QAT,8,0,bul_ev_o=1,253,404.52054,7.1538744,253,442.52966,7.1610346,253,.37084335,.04086905,253,.22281662,.043450829,1899,463,857,253,816,872,367
TIMSS,2019,QAT,8,0,bul_ev_trad=0,1083,457.04849,5.6499596,1083,501.88416,5.632257,1083,.61500806,.027846504,1083,.40240201,.028927,1899,463,857,253,816,872,367
TIMSS,2019,QAT,8,0,bul_ev_trad=1,816,433.4043,5.5040979,816,470.86581,6.4772639,816,.48616335,.029720841,816,.32370067,.026922787,1899,463,857,253,816,872,367
TIMSS,2019,QAT,8,0,bul_pv=0,1436,452.35248,5.3532701,1436,495.4173,5.4445467,1436,.5864774,.024975551,1436,.38753638,.026695035,1899,463,857,253,816,872,367
TIMSS,2019,QAT,8,0,bul_pv=1,463,430.10767,5.3814864,463,467.47162,7.1495309,463,.47713405,.033823159,463,.31040189,.02852371,1899,463,857,253,816,872,367
TIMSS,2019,QAT,8,1,all,1985,440.0199,5.4054117,1985,460.70816,6.1649041,1985,.46062401,.025219206,1985,.36623618,.026921248,1985,890,1228,496,1198,1247,183
TIMSS,2019,QAT,8,1,bul_any=1,1247,429.44266,5.0876718,1247,446.33401,6.6303611,1247,.40955797,.027740888,1247,.33050588,.025724459,1985,890,1228,496,1198,1247,183
TIMSS,2019,QAT,8,1,bul_c_all=0,1802,439.93839,5.4288268,1802,461.2916,6.2764926,1802,.46036828,.025033584,1802,.36694551,.026735144,1985,890,1228,496,1198,1247,183
TIMSS,2019,QAT,8,1,bul_c_all=1,183,441.11874,21.223511,183,452.84418,18.922272,183,.46407112,.11305793,183,.35667494,.12993197,1985,890,1228,496,1198,1247,183
TIMSS,2019,QAT,8,1,bul_ev_all=0,757,458.53458,7.4173942,757,485.77802,7.4671388,757,.54980183,.034312297,757,.42911658,.036000848,1985,890,1228,496,1198,1247,183
TIMSS,2019,QAT,8,1,bul_ev_all=1,1228,428.94339,5.1724458,1228,445.70999,6.7250848,1228,.40727296,.027837588,1228,.32861769,.026165064,1985,890,1228,496,1198,1247,183
TIMSS,2019,QAT,8,1,bul_ev_o=0,1489,456.46133,5.8497705,1489,480.85422,6.3636894,1489,.53309822,.028423421,1489,.41988242,.031594802,1985,890,1228,496,1198,1247,183
TIMSS,2019,QAT,8,1,bul_ev_o=1,496,393.50281,5.9501204,496,403.70972,7.5545106,496,.25557578,.031160315,496,.21445706,.02625937,1985,890,1228,496,1198,1247,183
TIMSS,2019,QAT,8,1,bul_ev_trad=0,787,458.64212,7.2210917,787,486.07428,7.3549471,787,.55209923,.033150658,787,.430242,.034926035,1985,890,1228,496,1198,1247,183
TIMSS,2019,QAT,8,1,bul_ev_trad=1,1198,428.18774,5.1855688,1198,444.59109,6.7531261,1198,.40250275,.027458502,1198,.32556832,.026384447,1985,890,1228,496,1198,1247,183
TIMSS,2019,QAT,8,1,bul_pv=0,1095,453.54294,7.3493457,1095,478.62784,7.7792163,1095,.52284586,.034333434,1095,.41580373,.036150444,1985,890,1228,496,1198,1247,183
TIMSS,2019,QAT,8,1,bul_pv=1,890,423.93658,5.0072575,890,439.39575,7.0336056,890,.38662177,.028408546,890,.30728406,.025774321,1985,890,1228,496,1198,1247,183
TIMSS,2019,ROM,8,0,all,2303,486.81223,4.4803653,2303,474.69882,4.354949,2303,.5142312,.024492579,2303,.56458288,.021711415,2303,525,991,235,956,1015,394
TIMSS,2019,ROM,8,0,bul_any=1,1015,470.99142,5.6147666,1015,463.29474,4.8213701,1015,.46326935,.033050075,1015,.49601647,.026100475,2303,525,991,235,956,1015,394
TIMSS,2019,ROM,8,0,bul_c_all=0,1909,489.69006,4.6869202,1909,477.30609,4.4994683,1909,.52654845,.024565702,1909,.57464457,.022424176,2303,525,991,235,956,1015,394
TIMSS,2019,ROM,8,0,bul_c_all=1,394,472.31583,12.235324,394,461.56537,11.687933,394,.45218644,.06487599,394,.5139001,.060609385,2303,525,991,235,956,1015,394
TIMSS,2019,ROM,8,0,bul_ev_all=0,1312,499.89673,4.6438909,1312,483.94107,5.0950503,1312,.55522579,.028396966,1312,.62126487,.028188391,2303,525,991,235,956,1015,394
TIMSS,2019,ROM,8,0,bul_ev_all=1,991,470.71164,5.7442932,991,463.32617,4.9305077,991,.46378708,.034545939,991,.49483529,.026842147,2303,525,991,235,956,1015,394
TIMSS,2019,ROM,8,0,bul_ev_o=0,2068,490.58359,4.462132,2068,478.17252,4.5210838,2068,.53125924,.025395911,2068,.58099574,.021982072,2303,525,991,235,956,1015,394
TIMSS,2019,ROM,8,0,bul_ev_o=1,235,456.61295,9.2545929,235,446.88309,8.0022907,235,.37787953,.052821107,235,.43315741,.049283996,2303,525,991,235,956,1015,394
TIMSS,2019,ROM,8,0,bul_ev_trad=0,1347,499.61627,4.6242266,1347,483.37827,5.0499492,1347,.55348063,.028027231,1347,.62191999,.028452573,2303,525,991,235,956,1015,394
TIMSS,2019,ROM,8,0,bul_ev_trad=1,956,470.08026,5.84691,956,463.35675,5.0666928,956,.46294123,.036483575,956,.48965651,.027054265,2303,525,991,235,956,1015,394
TIMSS,2019,ROM,8,0,bul_pv=0,1778,496.91049,4.5933509,1778,481.82922,4.5860558,1778,.54836619,.024726277,1778,.60712177,.02364633,2303,525,991,235,956,1015,394
TIMSS,2019,ROM,8,0,bul_pv=1,525,454.25516,6.2332616,525,451.71024,5.4879818,525,.40417939,.036666252,525,.42743671,.032547724,2303,525,991,235,956,1015,394
TIMSS,2019,ROM,8,1,all,2191,470.92917,4.715992,2191,464.73639,5.0352788,2191,.45859554,.023879891,2191,.48005843,.020613141,2191,781,1116,298,1079,1141,346
TIMSS,2019,ROM,8,1,bul_any=1,1141,461.00479,5.6569963,1141,457.52383,6.139533,1141,.42401427,.03068411,1141,.44109622,.024352802,2191,781,1116,298,1079,1141,346
TIMSS,2019,ROM,8,1,bul_c_all=0,1845,472.38196,4.9322429,1845,466.62457,5.3269434,1845,.46778041,.025014784,1845,.4854666,.021812946,2191,781,1116,298,1079,1141,346
TIMSS,2019,ROM,8,1,bul_c_all=1,346,461.9574,15.148102,346,453.07578,12.880553,346,.40187377,.067691691,346,.44665977,.064474471,2191,781,1116,298,1079,1141,346
TIMSS,2019,ROM,8,1,bul_ev_all=0,1075,481.1767,4.8079553,1075,472.3168,5.1266751,1075,.49443913,.027267035,1075,.51865894,.023585737,2191,781,1116,298,1079,1141,346
TIMSS,2019,ROM,8,1,bul_ev_all=1,1116,460.32092,5.7745233,1116,456.88916,6.2315431,1116,.42149022,.03138423,1116,.44009915,.024667909,2191,781,1116,298,1079,1141,346
TIMSS,2019,ROM,8,1,bul_ev_o=0,1893,475.91663,4.8868451,1893,470.42902,5.0830398,1893,.48139727,.024248263,1893,.49917778,.022084583,2191,781,1116,298,1079,1141,346
TIMSS,2019,ROM,8,1,bul_ev_o=1,298,440.72263,7.0211539,298,430.25885,8.214016,298,.32049611,.043617405,298,.36426133,.033767,2191,781,1116,298,1079,1141,346
TIMSS,2019,ROM,8,1,bul_ev_trad=0,1112,481.37036,4.7882366,1112,472.67825,5.0863194,1112,.49379763,.026823891,1112,.5187996,.023236956,2191,781,1116,298,1079,1141,346
TIMSS,2019,ROM,8,1,bul_ev_trad=1,1079,459.38498,5.7200484,1079,455.95557,6.1737967,1079,.41967469,.031358115,1079,.43722463,.024615373,2191,781,1116,298,1079,1141,346
TIMSS,2019,ROM,8,1,bul_pv=0,1410,476.58994,5.078372,1410,469.95129,4.9877419,1410,.48164833,.025685204,1410,.50450921,.023213174,2191,781,1116,298,1079,1141,346
TIMSS,2019,ROM,8,1,bul_pv=1,781,460.19067,5.8081908,781,454.84369,6.8669276,781,.41486412,.034753744,781,.43367496,.026129719,2191,781,1116,298,1079,1141,346
TIMSS,2019,RUS,4,0,all,2028,562.92664,3.608247,2028,566.70154,3.4768741,2028,.99148369,.0036664442,2028,.98791486,.0048225666,2028,600,1156,284,1118,1156,18
TIMSS,2019,RUS,4,0,bul_any=1,1156,552.39001,3.9758244,1156,557.42059,3.8007798,1156,.98615324,.0061885049,1156,.98085409,.0076201814,2028,600,1156,284,1118,1156,18
TIMSS,2019,RUS,4,0,bul_c_all=0,2010,563.13379,3.5611026,2010,566.6568,3.4623289,2010,.99137264,.0037142648,2010,.98775727,.0048869574,2028,600,1156,284,1118,1156,18
TIMSS,2019,RUS,4,0,bul_c_all=1,18,547.04199,25.50679,18,570.13354,18.524115,18,1,0,18,1,0,2028,600,1156,284,1118,1156,18
TIMSS,2019,RUS,4,0,bul_ev_all=0,872,577.50812,4.187995,872,579.54535,3.9326966,872,.99886048,.0015761262,872,.99768621,.0026454865,2028,600,1156,284,1118,1156,18
TIMSS,2019,RUS,4,0,bul_ev_all=1,1156,552.39001,3.9758244,1156,557.42059,3.8007798,1156,.98615324,.0061885049,1156,.98085409,.0076201814,2028,600,1156,284,1118,1156,18
TIMSS,2019,RUS,4,0,bul_ev_o=0,1744,565.88367,3.558603,1744,570.04675,3.3487194,1744,.99428016,.002537248,1744,.99083555,.0040735621,2028,600,1156,284,1118,1156,18
TIMSS,2019,RUS,4,0,bul_ev_o=1,284,544.48181,6.2304692,284,545.83557,6.5872364,284,.97404069,.013829172,284,.96969706,.016376937,2028,600,1156,284,1118,1156,18
TIMSS,2019,RUS,4,0,bul_ev_trad=0,910,576.42932,4.0787272,910,578.36493,3.939101,910,.998546,.0018691482,910,.99723941,.0025746666,2028,600,1156,284,1118,1156,18
TIMSS,2019,RUS,4,0,bul_ev_trad=1,1118,552.3526,3.8425598,1118,557.56793,3.7338846,1118,.98595315,.0064429017,1118,.98061275,.0079317344,2028,600,1156,284,1118,1156,18
TIMSS,2019,RUS,4,0,bul_pv=0,1428,569.16327,3.6846681,1428,571.68347,3.5880053,1428,.99503249,.0025355942,1428,.99156797,.0036519656,2028,600,1156,284,1118,1156,18
TIMSS,2019,RUS,4,0,bul_pv=1,600,548.39752,4.248055,600,555.09552,3.9716051,600,.98321629,.0078797331,600,.97940445,.010137221,2028,600,1156,284,1118,1156,18
TIMSS,2019,RUS,4,1,all,1994,571.09668,3.5879557,1994,567.82562,3.3693509,1994,.9926669,.0025143994,1994,.9870128,.0045887535,1994,689,1274,279,1245,1274,23
TIMSS,2019,RUS,4,1,bul_any=1,1274,564.86169,4.0560575,1274,562.90015,3.7435443,1274,.99035656,.0035260664,1274,.98139411,.0070079323,1994,689,1274,279,1245,1274,23
TIMSS,2019,RUS,4,1,bul_c_all=0,1971,570.87927,3.5667176,1971,567.49786,3.3185565,1971,.99256659,.0025421255,1971,.98683518,.0046505388,1994,689,1274,279,1245,1274,23
TIMSS,2019,RUS,4,1,bul_c_all=1,23,586.99164,23.179523,23,591.78357,15.14834,23,1,0,23,1,0,1994,689,1274,279,1245,1274,23
TIMSS,2019,RUS,4,1,bul_ev_all=0,720,582.65631,3.9941502,720,576.95734,3.9632025,720,.99695027,.0021324193,720,.99742991,.0026179403,1994,689,1274,279,1245,1274,23
TIMSS,2019,RUS,4,1,bul_ev_all=1,1274,564.86169,4.0560575,1274,562.90015,3.7435443,1274,.99035656,.0035260664,1274,.98139411,.0070079323,1994,689,1274,279,1245,1274,23
TIMSS,2019,RUS,4,1,bul_ev_o=0,1715,574.50195,3.4003532,1715,571.56787,3.3683472,1715,.99478716,.0020157599,1715,.98982328,.0038419256,1994,689,1274,279,1245,1274,23
TIMSS,2019,RUS,4,1,bul_ev_o=1,279,550.55255,6.5314059,279,545.24805,5.4680471,279,.97987521,.01158767,279,.97005701,.01740716,1994,689,1274,279,1245,1274,23
TIMSS,2019,RUS,4,1,bul_ev_trad=0,749,581.50739,4.0410886,749,575.80219,3.9952168,749,.99706924,.00204841,749,.99753016,.0025156683,1994,689,1274,279,1245,1274,23
TIMSS,2019,RUS,4,1,bul_ev_trad=1,1245,565.12268,3.9989307,1245,563.24835,3.7209475,1245,.99014074,.0036043471,1245,.98097759,.0071661198,1994,689,1274,279,1245,1274,23
TIMSS,2019,RUS,4,1,bul_pv=0,1305,574.79608,3.5998247,1305,569.95959,3.2101495,1305,.99552101,.0029423605,1305,.9916901,.003841704,1994,689,1274,279,1245,1274,23
TIMSS,2019,RUS,4,1,bul_pv=1,689,564.28278,4.7734699,689,563.89502,4.6823115,689,.98741001,.0045542573,689,.97839773,.0093852663,1994,689,1274,279,1245,1274,23
TIMSS,2019,RUS,8,0,all,1895,540.94983,4.652946,1895,539.38165,4.5484791,1895,.81346756,.023299145,1895,.79777509,.021698,1895,219,780,259,725,789,64
TIMSS,2019,RUS,8,0,bul_any=1,789,535.64124,5.3886013,789,534.00903,5.3011212,789,.79539692,.027421813,789,.77687395,.027505279,1895,219,780,259,725,789,64
TIMSS,2019,RUS,8,0,bul_c_all=0,1831,541.49756,4.510365,1831,539.96057,4.2449789,1831,.815615,.021874255,1831,.79981762,.021149825,1895,219,780,259,725,789,64
TIMSS,2019,RUS,8,0,bul_c_all=1,64,524.64197,34.979721,64,522.14368,32.468224,64,.74953049,.14843215,64,.7369597,.15249889,1895,219,780,259,725,789,64
TIMSS,2019,RUS,8,0,bul_ev_all=0,1115,544.56018,4.9571071,1115,543.12982,4.7083912,1115,.82582527,.02468206,1115,.81209826,.023941863,1895,219,780,259,725,789,64
TIMSS,2019,RUS,8,0,bul_ev_all=1,780,535.83771,5.2798204,780,534.07428,5.0971842,780,.79596931,.026664693,780,.7774936,.026773207,1895,219,780,259,725,789,64
TIMSS,2019,RUS,8,0,bul_ev_o=0,1636,540.82819,5.0184674,1636,539.7876,4.9036856,1636,.81450242,.025017075,1636,.79692435,.023601605,1895,219,780,259,725,789,64
TIMSS,2019,RUS,8,0,bul_ev_o=1,259,541.71954,5.4373064,259,536.81281,5.4360642,259,.80691975,.034901902,259,.80315793,.029068664,1895,219,780,259,725,789,64
TIMSS,2019,RUS,8,0,bul_ev_trad=0,1170,544.46405,4.9808679,1170,542.84521,4.6963987,1170,.82425791,.024378827,1170,.80942988,.025227096,1895,219,780,259,725,789,64
TIMSS,2019,RUS,8,0,bul_ev_trad=1,725,535.40076,5.3550496,725,533.91248,5.1992726,725,.79642916,.026970556,725,.77937156,.027539661,1895,219,780,259,725,789,64
TIMSS,2019,RUS,8,0,bul_pv=0,1676,542.92175,4.7733126,1676,541.03998,4.6307917,1676,.81960475,.024516758,1676,.80461568,.022762604,1895,219,780,259,725,789,64
TIMSS,2019,RUS,8,0,bul_pv=1,219,526.30951,6.1936584,219,527.06909,7.3365278,219,.76790208,.038336046,219,.74698693,.045012571,1895,219,780,259,725,789,64
TIMSS,2019,RUS,8,1,all,2006,545.88037,4.8844495,2006,546.12689,4.736671,2006,.81810355,.021525523,2006,.79536521,.020990694,2006,268,825,237,773,832,55
TIMSS,2019,RUS,8,1,bul_any=1,832,542.16919,4.668623,832,543.13495,4.7387581,832,.80717343,.023335001,832,.78196633,.025976663,2006,268,825,237,773,832,55
TIMSS,2019,RUS,8,1,bul_c_all=0,1951,546.00891,4.7792196,1951,546.36023,4.4427066,1951,.8188923,.020864269,1951,.79566938,.020529151,2006,268,825,237,773,832,55
TIMSS,2019,RUS,8,1,bul_c_all=1,55,541.17603,39.765808,55,537.58691,42.046242,55,.7892316,.16125378,55,.78423131,.16080779,2006,268,825,237,773,832,55
TIMSS,2019,RUS,8,1,bul_ev_all=0,1181,548.43927,5.6504831,1181,548.17395,5.4891901,1181,.82618964,.022793012,1181,.80484957,.025875796,2006,268,825,237,773,832,55
TIMSS,2019,RUS,8,1,bul_ev_all=1,825,542.284,4.7410212,825,543.24988,4.7840662,825,.80673921,.023991702,825,.78203571,.026257522,2006,268,825,237,773,832,55
TIMSS,2019,RUS,8,1,bul_ev_o=0,1769,546.81622,4.828546,1769,546.77081,4.8201413,1769,.82181388,.022365479,1769,.80164957,.021365037,2006,268,825,237,773,832,55
TIMSS,2019,RUS,8,1,bul_ev_o=1,237,538.74115,8.3058386,237,541.2149,6.8184547,237,.78979832,.030294672,237,.74742389,.041442588,2006,268,825,237,773,832,55
TIMSS,2019,RUS,8,1,bul_ev_trad=0,1233,548.76306,5.550981,1233,548.25806,5.4674582,1233,.82731634,.022602847,1233,.80582595,.024995727,2006,268,825,237,773,832,55
TIMSS,2019,RUS,8,1,bul_ev_trad=1,773,541.38788,4.7899003,773,542.8056,4.8221698,773,.80374599,.024117425,773,.77906281,.025610922,2006,268,825,237,773,832,55
TIMSS,2019,RUS,8,1,bul_pv=0,1738,547.61761,5.0711594,1738,547.24475,5.1008549,1738,.82360488,.022753637,1738,.80378228,.022324355,2006,268,825,237,773,832,55
TIMSS,2019,RUS,8,1,bul_pv=1,268,534.66663,7.4285407,268,538.91125,6.4151583,268,.78259379,.03979563,268,.74103469,.043526437,2006,268,825,237,773,832,55
TIMSS,2019,SAU,4,0,all,2746,411.81583,4.847249,2746,433.53955,4.6713395,2746,.65054154,.020862842,2746,.55336452,.020707713,2746,826,1422,339,1377,1422,802
TIMSS,2019,SAU,4,0,bul_any=1,1422,399.9509,5.1071086,1422,421.14517,5.3487725,1422,.59943527,.025695417,1422,.50076067,.025997745,2746,826,1422,339,1377,1422,802
TIMSS,2019,SAU,4,0,bul_c_all=0,1944,413.86588,5.2154546,1944,436.42825,5.209641,1944,.66097695,.023285348,1944,.56550235,.023929456,2746,826,1422,339,1377,1422,802
TIMSS,2019,SAU,4,0,bul_c_all=1,802,406.3074,8.5886011,802,425.77768,7.8116913,802,.62250179,.032526456,802,.52075034,.034610808,2746,826,1422,339,1377,1422,802
TIMSS,2019,SAU,4,0,bul_ev_all=0,1324,424.22598,5.8428264,1324,446.50351,5.5806737,1324,.70399636,.025242023,1324,.60838574,.025932344,2746,826,1422,339,1377,1422,802
TIMSS,2019,SAU,4,0,bul_ev_all=1,1422,399.9509,5.1071086,1422,421.14517,5.3487725,1422,.59943527,.025695417,1422,.50076067,.025997745,2746,826,1422,339,1377,1422,802
TIMSS,2019,SAU,4,0,bul_ev_o=0,2407,418.96548,4.8754601,2407,442.58276,4.7908149,2407,.68757367,.02165835,2407,.58376449,.02116267,2746,826,1422,339,1377,1422,802
TIMSS,2019,SAU,4,0,bul_ev_o=1,339,357.05032,7.3505006,339,364.26959,8.6277227,339,.36687991,.04142892,339,.32050443,.033905376,2746,826,1422,339,1377,1422,802
TIMSS,2019,SAU,4,0,bul_ev_trad=0,1369,423.44186,5.7490354,1369,445.27756,5.4678164,1369,.69830751,.02484725,1369,.60222101,.025847862,2746,826,1422,339,1377,1422,802
TIMSS,2019,SAU,4,0,bul_ev_trad=1,1377,399.95557,5.1181946,1377,421.56506,5.4032159,1377,.60181326,.025343765,1377,.50352365,.024844408,2746,826,1422,339,1377,1422,802
TIMSS,2019,SAU,4,0,bul_pv=0,1920,419.7764,5.2926807,1920,441.53143,4.9319415,1920,.68340504,.022808604,1920,.58668095,.022331571,2746,826,1422,339,1377,1422,802
TIMSS,2019,SAU,4,0,bul_pv=1,826,392.45773,5.9353456,826,414.10535,7.127192,826,.57062596,.033103175,826,.47234753,.03658542,2746,826,1422,339,1377,1422,802
TIMSS,2019,SAU,4,1,all,2707,385.33853,5.8736463,2707,373.14267,6.2831011,2707,.42957631,.019563317,2707,.47040257,.021215107,2707,1368,1948,698,1912,1948,802
TIMSS,2019,SAU,4,1,bul_any=1,1948,380.33392,5.1369615,1948,367.95111,5.4848504,1948,.40725064,.019593846,1948,.44819337,.019158999,2707,1368,1948,698,1912,1948,802
TIMSS,2019,SAU,4,1,bul_c_all=0,1905,390.98422,5.4096122,1905,377.63736,5.7401004,1905,.44405684,.022747628,1905,.49175262,.021779489,2707,1368,1948,698,1912,1948,802
TIMSS,2019,SAU,4,1,bul_c_all=1,802,371.38116,15.854709,802,362.03082,16.143263,802,.39377737,.045451213,802,.41762069,.053668745,2707,1368,1948,698,1912,1948,802
TIMSS,2019,SAU,4,1,bul_ev_all=0,759,397.70096,10.295101,759,385.96692,10.552139,759,.48472562,.037928265,759,.52526408,.037517965,2707,1368,1948,698,1912,1948,802
TIMSS,2019,SAU,4,1,bul_ev_all=1,1948,380.33392,5.1369615,1948,367.95111,5.4848504,1948,.40725064,.019593846,1948,.44819337,.019158999,2707,1368,1948,698,1912,1948,802
TIMSS,2019,SAU,4,1,bul_ev_o=0,2009,400.14185,6.5587373,2009,392.35236,6.7098012,2009,.50294513,.023166461,2009,.53039962,.023621649,2707,1368,1948,698,1912,1948,802
TIMSS,2019,SAU,4,1,bul_ev_o=1,698,341.02646,6.8618207,698,315.64059,7.8524389,698,.20995513,.023776667,698,.29080811,.026807502,2707,1368,1948,698,1912,1948,802
TIMSS,2019,SAU,4,1,bul_ev_trad=0,795,398.18063,10.014221,795,386.35269,10.26013,795,.48678073,.037194561,795,.52610785,.036991201,2707,1368,1948,698,1912,1948,802
TIMSS,2019,SAU,4,1,bul_ev_trad=1,1912,379.85428,5.2107897,1912,367.50128,5.6088204,1912,.40514705,.019987103,1912,.44661349,.019264212,2707,1368,1948,698,1912,1948,802
TIMSS,2019,SAU,4,1,bul_pv=0,1339,390.29526,7.5718584,1339,379.42133,7.8706541,1339,.45566681,.02711801,1339,.49691576,.025485922,2707,1368,1948,698,1912,1948,802
TIMSS,2019,SAU,4,1,bul_pv=1,1368,380.30325,5.4322968,1368,366.7645,5.6443706,1368,.40307242,.020161504,1368,.44346926,.023388876,2707,1368,1948,698,1912,1948,802
TIMSS,2019,SAU,8,0,all,2884,402.51965,3.2097991,2884,455.47385,3.0161514,2884,.41972542,.016258162,2884,.16751099,.013046396,2884,629,1184,404,1093,1223,887
TIMSS,2019,SAU,8,0,bul_any=1,1223,390.73746,4.1531754,1223,440.75137,3.5110686,1223,.34269127,.02035526,1223,.13337645,.01785701,2884,629,1184,404,1093,1223,887
TIMSS,2019,SAU,8,0,bul_c_all=0,1997,407.73648,3.579742,1997,460.29272,3.4480262,1997,.44499412,.020854138,1997,.18440479,.015627045,2884,629,1184,404,1093,1223,887
TIMSS,2019,SAU,8,0,bul_c_all=1,887,389.7034,6.2806158,887,443.63528,6.060297,887,.35764751,.037706114,887,.1260078,.026799129,2884,629,1184,404,1093,1223,887
TIMSS,2019,SAU,8,0,bul_ev_all=0,1700,410.86224,3.3286605,1700,465.81363,3.6667762,1700,.47376257,.023443986,1700,.19117041,.01512633,2884,629,1184,404,1093,1223,887
TIMSS,2019,SAU,8,0,bul_ev_all=1,1184,390.08926,4.1212134,1184,440.06766,3.5170453,1184,.33921063,.020758335,1184,.13225868,.017644752,2884,629,1184,404,1093,1223,887
TIMSS,2019,SAU,8,0,bul_ev_o=0,2480,406.69614,3.2790823,2480,461.54498,3.1695757,2480,.44808754,.018559007,2480,.17936209,.013343303,2884,629,1184,404,1093,1223,887
TIMSS,2019,SAU,8,0,bul_ev_o=1,404,375.36072,7.0674853,404,415.99457,7.3551731,404,.23529218,.033751804,404,.090445675,.024201365,2884,629,1184,404,1093,1223,887
TIMSS,2019,SAU,8,0,bul_ev_trad=0,1791,409.88281,3.1603997,1791,464.45416,3.438493,1791,.46405569,.022021096,1791,.18628667,.014788412,2884,629,1184,404,1093,1223,887
TIMSS,2019,SAU,8,0,bul_ev_trad=1,1093,390.04108,4.276082,1093,440.25464,3.5730913,1093,.34459752,.021407153,1093,.13569124,.018718993,2884,629,1184,404,1093,1223,887
TIMSS,2019,SAU,8,0,bul_pv=0,2255,405.24384,3.3436332,2255,459.29617,3.2884638,2255,.43667179,.019108543,2255,.17286952,.014148553,2884,629,1184,404,1093,1223,887
TIMSS,2019,SAU,8,0,bul_pv=1,629,391.79071,4.6929116,629,440.41989,4.6844296,629,.3529835,.026696807,629,.14640684,.022467848,2884,629,1184,404,1093,1223,887
TIMSS,2019,SAU,8,1,all,2796,385.24948,3.3944585,2796,408.10196,3.763763,2796,.23784092,.013066712,2796,.13525787,.0090348506,2796,946,1556,711,1474,1581,817
TIMSS,2019,SAU,8,1,bul_any=1,1581,376.61429,3.9268222,1581,395.92896,4.3283324,1581,.20044638,.015419513,1581,.12143958,.010502332,2796,946,1556,711,1474,1581,817
TIMSS,2019,SAU,8,1,bul_c_all=0,1979,386.07501,3.5522227,1979,409.0726,4.0867796,1979,.23880763,.015061526,1979,.13598275,.010882338,2796,946,1556,711,1474,1581,817
TIMSS,2019,SAU,8,1,bul_c_all=1,817,383.21548,7.1950784,817,405.71039,7.3929386,817,.23545906,.026907204,817,.1334718,.020744607,2796,946,1556,711,1474,1581,817
TIMSS,2019,SAU,8,1,bul_ev_all=0,1240,396.08578,3.8092742,1240,423.65466,4.2856665,1240,.28488466,.01868776,1240,.15208137,.012382859,2796,946,1556,711,1474,1581,817
TIMSS,2019,SAU,8,1,bul_ev_all=1,1556,376.33182,3.9626596,1556,395.30292,4.402751,1556,.19912648,.015652074,1556,.12141304,.010659783,2796,946,1556,711,1474,1581,817
TIMSS,2019,SAU,8,1,bul_ev_o=0,2085,395.16592,3.4026055,2085,422.89725,3.740629,2085,.27940136,.015664114,2085,.15542442,.011462551,2796,946,1556,711,1474,1581,817
TIMSS,2019,SAU,8,1,bul_ev_o=1,711,357.34387,5.4021916,711,366.46689,5.8874164,711,.12088667,.018480582,711,.078507647,.013174487,2796,946,1556,711,1474,1581,817
TIMSS,2019,SAU,8,1,bul_ev_trad=0,1322,394.3949,3.6056013,1322,421.34109,4.0737772,1322,.27435043,.01693671,1322,.14795524,.012195905,2796,946,1556,711,1474,1581,817
TIMSS,2019,SAU,8,1,bul_ev_trad=1,1474,376.65393,3.9615662,1474,395.65878,4.3683305,1474,.20352642,.015474465,1474,.12332389,.011032542,2796,946,1556,711,1474,1581,817
TIMSS,2019,SAU,8,1,bul_pv=0,1850,390.96017,3.6350067,1850,416.49521,4.1511321,1850,.25859964,.016354103,1850,.14377651,.011831363,2796,946,1556,711,1474,1581,817
TIMSS,2019,SAU,8,1,bul_pv=1,946,373.20206,4.3609643,946,390.39526,5.1625772,946,.19404759,.017755583,946,.11728664,.012299812,2796,946,1556,711,1474,1581,817
TIMSS,2019,SGP,4,0,all,2974,621.409,4.0555458,2974,590.57007,3.5628903,2974,.98454583,.0039075678,2974,.99377728,.0025010596,2974,726,1319,231,1268,1319,55
TIMSS,2019,SGP,4,0,bul_any=1,1319,602.44067,4.4298644,1319,574.4245,4.1129708,1319,.97330314,.0066970489,1319,.98775047,.0046681627,2974,726,1319,231,1268,1319,55
TIMSS,2019,SGP,4,0,bul_c_all=0,2919,621.24939,4.1648726,2919,590.41754,3.6774626,2919,.98422903,.0039831623,2919,.99364972,.0025523973,2974,726,1319,231,1268,1319,55
TIMSS,2019,SGP,4,0,bul_c_all=1,55,629.19781,21.022633,55,598.01038,22.59284,55,1,0,55,1,0,2974,726,1319,231,1268,1319,55
TIMSS,2019,SGP,4,0,bul_ev_all=0,1655,636.29883,4.0885425,1655,603.24402,3.5671318,1655,.99337107,.0027831488,1655,.99850821,.0018230429,2974,726,1319,231,1268,1319,55
TIMSS,2019,SGP,4,0,bul_ev_all=1,1319,602.44067,4.4298644,1319,574.4245,4.1129708,1319,.97330314,.0066970489,1319,.98775047,.0046681627,2974,726,1319,231,1268,1319,55
TIMSS,2019,SGP,4,0,bul_ev_o=0,2743,626.43146,3.8540061,2743,595.52985,3.3204591,2743,.99128902,.0022487168,2743,.99708664,.001530666,2974,726,1319,231,1268,1319,55
TIMSS,2019,SGP,4,0,bul_ev_o=1,231,560.61584,8.3035078,231,530.53564,9.102952,231,.90292341,.03191432,231,.95371968,.020387625,2974,726,1319,231,1268,1319,55
TIMSS,2019,SGP,4,0,bul_ev_trad=0,1706,635.50476,4.0828695,1706,602.57605,3.563396,1706,.99356604,.0026980825,1706,.99855208,.0017691575,2974,726,1319,231,1268,1319,55
TIMSS,2019,SGP,4,0,bul_ev_trad=1,1268,602.1651,4.4756331,1268,574.1792,4.1889844,1268,.97223115,.0069696093,1268,.98725861,.0048584491,2974,726,1319,231,1268,1319,55
TIMSS,2019,SGP,4,0,bul_pv=0,2248,630.57178,3.7864363,2248,598.73578,3.3016863,2248,.99318296,.002331659,2248,.99759567,.0015500826,2974,726,1319,231,1268,1319,55
TIMSS,2019,SGP,4,0,bul_pv=1,726,592.28467,5.8864937,726,564.61493,5.6819286,726,.95709211,.01253012,726,.98164028,.008164634,2974,726,1319,231,1268,1319,55
TIMSS,2019,SGP,4,1,all,3012,629.32001,4.3657656,3012,598.36102,3.8343849,3012,.97942305,.0045695626,3012,.98950016,.0033956913,3012,1134,1777,288,1729,1777,135
TIMSS,2019,SGP,4,1,bul_any=1,1777,618.14056,4.9292035,1777,589.2182,4.5135012,1777,.96933568,.0067952373,1777,.98374301,.0047925455,3012,1134,1777,288,1729,1777,135
TIMSS,2019,SGP,4,1,bul_c_all=0,2877,628.00128,4.5892653,2877,597.10522,4.0263152,2877,.97834688,.0048120515,2877,.98895103,.0035738712,3012,1134,1777,288,1729,1777,135
TIMSS,2019,SGP,4,1,bul_c_all=1,135,654.53522,13.4148,135,622.37195,13.463595,135,1,0,135,1,0,3012,1134,1777,288,1729,1777,135
TIMSS,2019,SGP,4,1,bul_ev_all=0,1235,645.04437,4.2138314,1235,611.2207,3.8191106,1235,.99361128,.0025609394,1235,.99759787,.0020709257,3012,1134,1777,288,1729,1777,135
TIMSS,2019,SGP,4,1,bul_ev_all=1,1777,618.14056,4.9292035,1777,589.2182,4.5135012,1777,.96933568,.0067952373,1777,.98374301,.0047925455,3012,1134,1777,288,1729,1777,135
TIMSS,2019,SGP,4,1,bul_ev_o=0,2724,636.00861,4.0321083,2724,604.88959,3.5454063,2724,.98836201,.0021220932,2724,.99547142,.001434088,3012,1134,1777,288,1729,1777,135
TIMSS,2019,SGP,4,1,bul_ev_o=1,288,562.19122,10.753652,288,532.8382,10.093156,288,.88970852,.036089577,288,.92957091,.027973678,3012,1134,1777,288,1729,1777,135
TIMSS,2019,SGP,4,1,bul_ev_trad=0,1283,643.47223,4.1399117,1283,609.74133,3.7229726,1283,.99216413,.0027627074,1283,.99682486,.0024406991,3012,1134,1777,288,1729,1777,135
TIMSS,2019,SGP,4,1,bul_ev_trad=1,1729,618.60992,4.9937296,1729,589.7486,4.5472474,1729,.9697808,.0068061436,1729,.98395705,.004831098,3012,1134,1777,288,1729,1777,135
TIMSS,2019,SGP,4,1,bul_pv=0,1878,639.95227,4.1217108,1878,607.26776,3.7773023,1878,.98789185,.0027820605,1878,.99448478,.0023934443,3012,1134,1777,288,1729,1777,135
TIMSS,2019,SGP,4,1,bul_pv=1,1134,611.0318,5.3546395,1134,583.04077,4.9461322,1134,.96485609,.010151501,1134,.98092633,.0075798729,3012,1134,1777,288,1729,1777,135
TIMSS,2019,SGP,8,0,all,2366,617.49127,4.4414887,2366,604.21802,4.4819822,2366,.91844171,.01379897,2366,.93227702,.01113426,2366,335,918,292,820,925,102
TIMSS,2019,SGP,8,0,bul_any=1,925,598.37549,5.8462629,925,584.95532,6.0894437,925,.87315494,.023649199,925,.89569771,.02004239,2366,335,918,292,820,925,102
TIMSS,2019,SGP,8,0,bul_c_all=0,2264,617.91492,4.5928783,2264,604.70477,4.6167698,2264,.91712576,.014292567,2264,.93098587,.011517895,2366,335,918,292,820,925,102
TIMSS,2019,SGP,8,0,bul_c_all=1,102,606.04626,19.161745,102,591.06934,21.675182,102,.95399129,.042691879,102,.96715611,.02770748,2366,335,918,292,820,925,102
TIMSS,2019,SGP,8,0,bul_ev_all=0,1448,629.27551,4.362432,1448,616.20581,4.314045,1448,.94680136,.0098777292,1448,.95519257,.0086388169,2366,335,918,292,820,925,102
TIMSS,2019,SGP,8,0,bul_ev_all=1,918,598.26349,5.8717818,918,584.6582,6.1285257,918,.87216884,.02382751,918,.89488691,.020184312,2366,335,918,292,820,925,102
TIMSS,2019,SGP,8,0,bul_ev_o=0,2074,619.41949,4.3403893,2074,606.0401,4.5424023,2074,.92102498,.013779575,2074,.93550092,.010864631,2366,335,918,292,820,925,102
TIMSS,2019,SGP,8,0,bul_ev_o=1,292,603.42389,7.1022153,292,590.92542,6.6463327,292,.89959586,.018745974,292,.90875751,.01888985,2366,335,918,292,820,925,102
TIMSS,2019,SGP,8,0,bul_ev_trad=0,1546,629.45282,4.4434175,1546,616.13977,4.2771449,1546,.94850671,.0094537959,1546,.95670056,.0082228947,2366,335,918,292,820,925,102
TIMSS,2019,SGP,8,0,bul_ev_trad=1,820,594.12805,6.0422816,820,580.93262,6.4195571,820,.85971922,.026244078,820,.88457322,.022441518,2366,335,918,292,820,925,102
TIMSS,2019,SGP,8,0,bul_pv=0,2031,622.60486,4.088716,2031,609.1886,4.2276888,2031,.93210113,.01188913,2031,.94521129,.0089453887,2366,335,918,292,820,925,102
TIMSS,2019,SGP,8,0,bul_pv=1,335,585.78119,9.0565767,335,573.3952,8.9686794,335,.83373833,.037546601,335,.85207039,.034093328,2366,335,918,292,820,925,102
TIMSS,2019,SGP,8,1,all,2487,614.11743,4.3464236,2487,610.74237,4.5569153,2487,.90859985,.013099548,2487,.90469199,.013057489,2487,915,1416,471,1358,1429,147
TIMSS,2019,SGP,8,1,bul_any=1,1429,603.93756,4.6778212,1429,602.4931,5.0723286,1429,.8856225,.017279245,1429,.88140327,.016937951,2487,915,1416,471,1358,1429,147
TIMSS,2019,SGP,8,1,bul_c_all=0,2340,615.33514,4.4508018,2340,611.76013,4.6744394,2340,.90660608,.013579657,2340,.90293735,.013566135,2487,915,1416,471,1358,1429,147
TIMSS,2019,SGP,8,1,bul_c_all=1,147,592.46997,18.713612,147,592.64954,19.518072,147,.9440425,.053379066,147,.93588382,.049165327,2487,915,1416,471,1358,1429,147
TIMSS,2019,SGP,8,1,bul_ev_all=0,1071,627.56952,4.5835342,1071,621.53461,4.5497313,1071,.93824685,.010002452,1071,.93499327,.01085244,2487,915,1416,471,1358,1429,147
TIMSS,2019,SGP,8,1,bul_ev_all=1,1416,603.81738,4.6861939,1416,602.47888,5.087122,1416,.88589966,.017296897,1416,.88149083,.016994568,2487,915,1416,471,1358,1429,147
TIMSS,2019,SGP,8,1,bul_ev_o=0,2016,615.85687,4.5146961,2016,612.54889,4.6711645,2016,.91633821,.012253046,2016,.91036695,.012883642,2487,915,1416,471,1358,1429,147
TIMSS,2019,SGP,8,1,bul_ev_o=1,471,606.51825,6.6877508,471,602.84991,6.9117012,471,.87479281,.023386603,471,.87989932,.021376675,2487,915,1416,471,1358,1429,147
TIMSS,2019,SGP,8,1,bul_ev_trad=0,1129,628.32043,4.4225607,1129,622.2926,4.4217601,1129,.93872422,.0095809735,1129,.93592596,.010606545,2487,915,1416,471,1358,1429,147
TIMSS,2019,SGP,8,1,bul_ev_trad=1,1358,602.10699,4.7882991,1358,600.97516,5.2144799,1358,.8831259,.017990118,1358,.87827975,.017634174,2487,915,1416,471,1358,1429,147
TIMSS,2019,SGP,8,1,bul_pv=0,1572,623.64117,4.3017387,1572,618.93561,4.6530166,1572,.92676729,.011559224,1572,.92450184,.011864207,2487,915,1416,471,1358,1429,147
TIMSS,2019,SGP,8,1,bul_pv=1,915,597.22241,5.3170514,915,596.20758,5.4800124,915,.87637115,.020140367,915,.86954963,.01953515,2487,915,1416,471,1358,1429,147
TIMSS,2019,SRB,4,0,all,2167,508.73315,3.2919016,2167,520.62512,3.6168311,2167,.93090528,.0097166933,2167,.90759057,.011289963,2167,260,531,101,519,531,427
TIMSS,2019,SRB,4,0,bul_any=1,531,489.14703,5.9708557,531,500.51569,5.9843831,531,.87308484,.022147663,531,.84004843,.026339188,2167,260,531,101,519,531,427
TIMSS,2019,SRB,4,0,bul_c_all=0,1740,508.12292,3.7864146,1740,520.31055,4.1590886,1740,.92988056,.010783255,1740,.90494263,.012815473,2167,260,531,101,519,531,427
TIMSS,2019,SRB,4,0,bul_c_all=1,427,511.6402,6.8150396,427,522.12378,7.015018,427,.93578678,.020317802,427,.92020446,.026035445,2167,260,531,101,519,531,427
TIMSS,2019,SRB,4,0,bul_ev_all=0,1636,514.85175,3.3330398,1636,526.90723,3.6707957,1636,.94896811,.0088276248,1636,.92869037,.011371663,2167,260,531,101,519,531,427
TIMSS,2019,SRB,4,0,bul_ev_all=1,531,489.14703,5.9708557,531,500.51569,5.9843831,531,.87308484,.022147663,531,.84004843,.026339188,2167,260,531,101,519,531,427
TIMSS,2019,SRB,4,0,bul_ev_o=0,2066,510.57892,3.2939582,2066,522.7204,3.5916774,2066,.93868846,.0088512488,2066,.91623652,.010612027,2167,260,531,101,519,531,427
TIMSS,2019,SRB,4,0,bul_ev_o=1,101,465.79449,11.475634,101,471.88217,11.703578,101,.74984354,.055388935,101,.70645761,.07143335,2167,260,531,101,519,531,427
TIMSS,2019,SRB,4,0,bul_ev_trad=0,1648,514.8338,3.2987101,1648,526.87573,3.6476798,1648,.94926739,.0087849544,1648,.92910856,.011321496,2167,260,531,101,519,531,427
TIMSS,2019,SRB,4,0,bul_ev_trad=1,519,488.71121,6.1199441,519,500.11121,6.0942507,519,.87064224,.022605632,519,.83696997,.02694713,2167,260,531,101,519,531,427
TIMSS,2019,SRB,4,0,bul_pv=0,1907,512.35883,3.223743,1907,524.18945,3.5472505,1907,.94118023,.0094401361,1907,.92171389,.011088917,2167,260,531,101,519,531,427
TIMSS,2019,SRB,4,0,bul_pv=1,260,481.24371,8.4428215,260,493.60083,9.2097445,260,.85300106,.029802008,260,.80050826,.043876037,2167,260,531,101,519,531,427
TIMSS,2019,SRB,4,1,all,2213,507.03088,4.1876826,2213,513.19812,4.1804771,2213,.90486538,.013932624,2213,.87461472,.016048992,2213,461,770,165,747,770,443
TIMSS,2019,SRB,4,1,bul_any=1,770,500.01129,5.3976731,770,508.15872,5.7293682,770,.89495653,.019292282,770,.86048514,.020945646,2213,461,770,165,747,770,443
TIMSS,2019,SRB,4,1,bul_c_all=0,1770,506.82056,4.8520584,1770,513.37,4.8056245,1770,.90480393,.015251239,1770,.87279141,.018749053,2213,461,770,165,747,770,443
TIMSS,2019,SRB,4,1,bul_c_all=1,443,507.97827,8.2056847,443,512.42365,8.0455914,443,.90514195,.025415491,443,.8828283,.030944526,2213,461,770,165,747,770,443
TIMSS,2019,SRB,4,1,bul_ev_all=0,1443,510.51089,4.8600845,1443,515.69641,4.7000842,1443,.90977776,.016386461,1443,.88161963,.018115362,2213,461,770,165,747,770,443
TIMSS,2019,SRB,4,1,bul_ev_all=1,770,500.01129,5.3976731,770,508.15872,5.7293682,770,.89495653,.019292282,770,.86048514,.020945646,2213,461,770,165,747,770,443
TIMSS,2019,SRB,4,1,bul_ev_o=0,2048,509.02325,4.3785038,2048,515.36694,4.2853184,2048,.91056049,.014193239,2048,.88027519,.016677082,2213,461,770,165,747,770,443
TIMSS,2019,SRB,4,1,bul_ev_o=1,165,480.06308,10.328371,165,483.84189,10.168891,165,.82777983,.04755887,165,.79799825,.040972382,2213,461,770,165,747,770,443
TIMSS,2019,SRB,4,1,bul_ev_trad=0,1466,510.55438,4.8553391,1466,515.65985,4.7055006,1466,.90988034,.016337512,1466,.8820709,.017904885,2213,461,770,165,747,770,443
TIMSS,2019,SRB,4,1,bul_ev_trad=1,747,499.65771,5.2997074,747,508.04675,5.6320386,747,.89437121,.019309543,747,.85901237,.020744007,2213,461,770,165,747,770,443
TIMSS,2019,SRB,4,1,bul_pv=0,1752,509.4653,4.4020376,1752,514.69641,4.241272,1752,.90836543,.014937878,1752,.87705714,.017110389,2213,461,770,165,747,770,443
TIMSS,2019,SRB,4,1,bul_pv=1,461,497.3551,6.498796,461,507.24301,7.535902,461,.89095408,.02459651,461,.86490721,.028014692,2213,461,770,165,747,770,443
TIMSS,2019,SVK,4,0,all,2087,503.47586,3.3384545,2087,517.95984,3.6073871,2087,.91954839,.014060576,2087,.90935016,.012468031,2087,412,870,156,852,870,279
TIMSS,2019,SVK,4,0,bul_any=1,870,486.41736,4.9635243,870,499.78989,6.0872393,870,.878218,.02652866,870,.86549067,.02573589,2087,412,870,156,852,870,279
TIMSS,2019,SVK,4,0,bul_c_all=0,1808,509.15057,3.4397051,1808,524.81885,3.5466888,1808,.94111085,.011817671,1808,.93201154,.011957176,2087,412,870,156,852,870,279
TIMSS,2019,SVK,4,0,bul_c_all=1,279,469.62805,10.573791,279,477.04834,12.618121,279,.79093575,.054448929,279,.77418309,.045341555,2087,412,870,156,852,870,279
TIMSS,2019,SVK,4,0,bul_ev_all=0,1217,516.51062,3.1094365,1217,531.84393,3.2055027,1217,.95112985,.0097705591,1217,.94286418,.0087049054,2087,412,870,156,852,870,279
TIMSS,2019,SVK,4,0,bul_ev_all=1,870,486.41736,4.9635243,870,499.78989,6.0872393,870,.878218,.02652866,870,.86549067,.02573589,2087,412,870,156,852,870,279
TIMSS,2019,SVK,4,0,bul_ev_o=0,1931,506.23462,3.3786235,1931,521.40234,3.5285728,1931,.92939782,.012772407,1931,.91768491,.011262951,2087,412,870,156,852,870,279
TIMSS,2019,SVK,4,0,bul_ev_o=1,156,470.71646,8.6123705,156,477.08167,9.7397766,156,.80258965,.052835662,156,.81037825,.055036627,2087,412,870,156,852,870,279
TIMSS,2019,SVK,4,0,bul_ev_trad=0,1235,516.42432,3.0754902,1235,531.79095,3.153909,1235,.95167792,.0096618673,1235,.94249368,.0086032022,2087,412,870,156,852,870,279
TIMSS,2019,SVK,4,0,bul_ev_trad=1,852,485.95193,5.0343451,852,499.24149,6.1894088,852,.87606573,.02700372,852,.86449522,.025857665,2087,412,870,156,852,870,279
TIMSS,2019,SVK,4,0,bul_pv=0,1675,509.96356,3.0392623,1675,523.96375,3.2434263,1675,.93623412,.011512761,1675,.93126696,.010010459,2087,412,870,156,852,870,279
TIMSS,2019,SVK,4,0,bul_pv=1,412,477.11539,6.6929455,412,493.5654,8.8781099,412,.85175198,.033538878,412,.82029933,.033878628,2087,412,870,156,852,870,279
TIMSS,2019,SVK,4,1,all,2160,515.94855,4.2265153,2160,523.39215,4.3994722,2160,.92032516,.014245701,2160,.91365325,.015255,2160,619,1057,178,1036,1057,295
TIMSS,2019,SVK,4,1,bul_any=1,1057,503.52194,4.972321,1057,510.00073,5.8062553,1057,.88023031,.021049077,1057,.87736523,.020029947,2160,619,1057,178,1036,1057,295
TIMSS,2019,SVK,4,1,bul_c_all=0,1865,521.35669,4.7682528,1865,529.95361,4.9584861,1865,.93751001,.016138319,1865,.92847806,.016851766,2160,619,1057,178,1036,1057,295
TIMSS,2019,SVK,4,1,bul_c_all=1,295,484.35739,10.898978,295,485.06433,10.800827,295,.81994241,.038697474,295,.82705647,.041354626,2160,619,1057,178,1036,1057,295
TIMSS,2019,SVK,4,1,bul_ev_all=0,1103,528.19299,5.1987224,1103,536.58734,4.5543079,1103,.95983249,.012916997,1103,.94940948,.016409826,2160,619,1057,178,1036,1057,295
TIMSS,2019,SVK,4,1,bul_ev_all=1,1057,503.52194,4.972321,1057,510.00073,5.8062553,1057,.88023031,.021049077,1057,.87736523,.020029947,2160,619,1057,178,1036,1057,295
TIMSS,2019,SVK,4,1,bul_ev_o=0,1982,520.96289,4.1256795,1982,529.47644,4.3038878,1982,.93700713,.012836719,1982,.93006259,.013974925,2160,619,1057,178,1036,1057,295
TIMSS,2019,SVK,4,1,bul_ev_o=1,178,463.6351,11.149927,178,459.91641,9.6912594,178,.7462877,.051278371,178,.74245977,.053273313,2160,619,1057,178,1036,1057,295
TIMSS,2019,SVK,4,1,bul_ev_trad=0,1124,527.2619,5.2052922,1124,535.92303,4.6412973,1124,.95774239,.012827794,1124,.94677687,.016272806,2160,619,1057,178,1036,1057,295
TIMSS,2019,SVK,4,1,bul_ev_trad=1,1036,503.98172,4.9343081,1036,510.13751,5.8454938,1036,.8807469,.021486415,1036,.87861657,.019978991,2160,619,1057,178,1036,1057,295
TIMSS,2019,SVK,4,1,bul_pv=0,1541,520.23944,4.10185,1541,529.4967,3.9574897,1541,.9407891,.011031231,1541,.92605954,.013113176,2160,619,1057,178,1036,1057,295
TIMSS,2019,SVK,4,1,bul_pv=1,619,505.61481,6.5543599,619,508.69052,7.769268,619,.87104201,.029762203,619,.88377529,.026487719,2160,619,1057,178,1036,1057,295
TIMSS,2019,SWE,4,0,all,1952,517.67371,3.0726995,1952,538.33698,3.5122321,1952,.96161437,.0055451542,1952,.94142574,.0069452072,1952,427,814,198,786,814,996
TIMSS,2019,SWE,4,0,bul_any=1,814,502.68839,3.6333239,814,525.92529,4.1827803,814,.94643784,.0098353811,814,.91692489,.015432326,1952,427,814,198,786,814,996
TIMSS,2019,SWE,4,0,bul_c_all=0,956,524.06964,4.6164155,956,545.1687,4.6450062,956,.9727456,.0071671191,956,.95467103,.011506659,1952,427,814,198,786,814,996
TIMSS,2019,SWE,4,0,bul_c_all=1,996,510.83209,3.9277456,996,531.02905,4.7877941,996,.94970739,.0097296676,996,.92725742,.011215127,1952,427,814,198,786,814,996
TIMSS,2019,SWE,4,0,bul_ev_all=0,1138,529.12097,3.2937379,1138,547.81818,3.7319512,1138,.97320765,.0062395683,1138,.9601419,.010568718,1952,427,814,198,786,814,996
TIMSS,2019,SWE,4,0,bul_ev_all=1,814,502.68839,3.6333239,814,525.92529,4.1827803,814,.94643784,.0098353811,814,.91692489,.015432326,1952,427,814,198,786,814,996
TIMSS,2019,SWE,4,0,bul_ev_o=0,1754,521.40125,3.2718298,1754,541.38037,3.6505203,1754,.96500105,.0058363662,1754,.94801247,.0071871481,1952,427,814,198,786,814,996
TIMSS,2019,SWE,4,0,bul_ev_o=1,198,486.65436,8.3813858,198,513.01044,7.9925346,198,.9334318,.020047463,198,.88661337,.040377025,1952,427,814,198,786,814,996
TIMSS,2019,SWE,4,0,bul_ev_trad=0,1166,528.62244,3.3036759,1166,547.12335,3.7139893,1166,.97313732,.0062943669,1166,.95895457,.010835116,1952,427,814,198,786,814,996
TIMSS,2019,SWE,4,0,bul_ev_trad=1,786,502.56097,3.6673651,786,526.20892,4.2582788,786,.94570905,.0099704899,786,.91723037,.016829286,1952,427,814,198,786,814,996
TIMSS,2019,SWE,4,0,bul_pv=0,1525,524.03302,3.2402306,1525,544.03094,3.6620016,1525,.97111064,.0063897199,1525,.95247537,.0074321046,1952,427,814,198,786,814,996
TIMSS,2019,SWE,4,0,bul_pv=1,427,495.98419,4.7647114,427,518.91675,5.3140574,427,.9292258,.014947482,427,.90373927,.020784525,1952,427,814,198,786,814,996
TIMSS,2019,SWE,4,1,all,2013,524.7796,3.1487679,2013,536.13123,3.6901765,2013,.9580462,.008599475,2013,.94694495,.009407768,2013,541,933,134,919,933,1040
TIMSS,2019,SWE,4,1,bul_any=1,933,514.12305,3.5288212,933,525.42365,4.3568535,933,.94541407,.013219997,933,.93189692,.015658638,2013,541,933,134,919,933,1040
TIMSS,2019,SWE,4,1,bul_c_all=0,973,533.7608,4.9865055,973,544.34766,5.5188451,973,.9649663,.013514117,973,.96129441,.012079925,2013,541,933,134,919,933,1040
TIMSS,2019,SWE,4,1,bul_c_all=1,1040,515.24774,4.3005652,1040,527.41107,4.7943392,1040,.95070183,.011058703,1040,.93171567,.016101744,2013,541,933,134,919,933,1040
TIMSS,2019,SWE,4,1,bul_ev_all=0,1080,533.93243,3.5945799,1080,545.32788,4.0433888,1080,.96889585,.0091871945,1080,.95986956,.010905114,2013,541,933,134,919,933,1040
TIMSS,2019,SWE,4,1,bul_ev_all=1,933,514.12305,3.5288212,933,525.42365,4.3568535,933,.94541407,.013219997,933,.93189692,.015658638,2013,541,933,134,919,933,1040
TIMSS,2019,SWE,4,1,bul_ev_o=0,1879,527.8139,3.0537961,1879,539.41187,3.5441046,1879,.96647716,.0080127288,1879,.95492679,.0085255457,2013,541,933,134,919,933,1040
TIMSS,2019,SWE,4,1,bul_ev_o=1,134,480.13181,9.9496069,134,487.85822,10.447069,134,.83398944,.060098819,134,.82949668,.063931927,2013,541,933,134,919,933,1040
TIMSS,2019,SWE,4,1,bul_ev_trad=0,1094,533.3446,3.5536597,1094,544.89258,4.0093451,1094,.96929747,.0090627223,1094,.9602645,.010672979,2013,541,933,134,919,933,1040
TIMSS,2019,SWE,4,1,bul_ev_trad=1,919,514.52075,3.6262035,919,525.63721,4.4605761,919,.94456989,.01340228,919,.93099123,.015783258,2013,541,933,134,919,933,1040
TIMSS,2019,SWE,4,1,bul_pv=0,1472,528.71448,3.1855094,1472,540.13922,3.7351513,1472,.9675954,.010133374,1472,.95654315,.0092563741,2013,541,933,134,919,933,1040
TIMSS,2019,SWE,4,1,bul_pv=1,541,513.78448,4.8593769,541,524.93176,5.4635425,541,.93136317,.020411931,541,.92012501,.022211559,2013,541,933,134,919,933,1040
TIMSS,2019,SWE,8,0,all,1946,503.93509,3.0808456,1946,526.93396,3.5582616,1946,.7415477,.015987746,1946,.65483004,.017030777,1946,241,693,204,669,698,1037
TIMSS,2019,SWE,8,0,bul_any=1,698,491.388,4.2115545,698,513.25354,4.6968331,698,.69300997,.021348026,698,.59271866,.026454221,1946,241,693,204,669,698,1037
TIMSS,2019,SWE,8,0,bul_c_all=0,909,514.40253,5.1747069,909,536.24054,6.1649294,909,.77298409,.02277793,909,.69839954,.025627267,1946,241,693,204,669,698,1037
TIMSS,2019,SWE,8,0,bul_c_all=1,1037,493.42102,3.5474799,1037,517.58594,4.5390806,1037,.70997131,.025814347,1037,.6110664,.023376971,1946,241,693,204,669,698,1037
TIMSS,2019,SWE,8,0,bul_ev_all=0,1253,510.35837,3.2670207,1253,533.95636,3.7971826,1253,.76661664,.017424421,1253,.68645996,.017301291,1946,241,693,204,669,698,1037
TIMSS,2019,SWE,8,0,bul_ev_all=1,693,491.44815,4.120337,693,513.28229,4.6378756,693,.69281352,.021137305,693,.59334105,.026084967,1946,241,693,204,669,698,1037
TIMSS,2019,SWE,8,0,bul_ev_o=0,1742,506.71857,3.1088927,1742,529.58673,3.5474658,1742,.74895054,.016310295,1742,.6687057,.017215775,1946,241,693,204,669,698,1037
TIMSS,2019,SWE,8,0,bul_ev_o=1,204,479.38437,5.9338241,204,503.53604,9.0974588,204,.67625362,.03637965,204,.53244454,.049312346,1946,241,693,204,669,698,1037
TIMSS,2019,SWE,8,0,bul_ev_trad=0,1277,510.68839,3.3809559,1277,534.31006,3.8056006,1277,.76696354,.017292041,1277,.68580389,.017541727,1946,241,693,204,669,698,1037
TIMSS,2019,SWE,8,0,bul_ev_trad=1,669,490.10019,3.9574728,669,511.82315,4.6412477,669,.6894806,.021692848,669,.59137672,.026412494,1946,241,693,204,669,698,1037
TIMSS,2019,SWE,8,0,bul_pv=0,1705,507.24539,3.1332088,1705,530.89673,3.5878048,1705,.75543118,.01638433,1705,.67303073,.016727462,1946,241,693,204,669,698,1037
TIMSS,2019,SWE,8,0,bul_pv=1,241,480.31781,7.0267744,241,498.66187,8.8413153,241,.64249688,.036171317,241,.52497745,.047805067,1946,241,693,204,669,698,1037
TIMSS,2019,SWE,8,1,all,2050,501.14505,2.8247316,2050,516.04077,3.8468716,2050,.68326098,.017700907,2050,.6301021,.016096743,2050,353,687,158,670,706,1085
TIMSS,2019,SWE,8,1,bul_any=1,706,493.65805,3.4936817,706,508.63974,5.1464796,706,.66746014,.028965712,706,.59047443,.020619873,2050,353,687,158,670,706,1085
TIMSS,2019,SWE,8,1,bul_c_all=0,965,507.50479,4.5386868,965,524.64667,5.9499421,965,.71839428,.023681667,965,.65989721,.025013838,2050,353,687,158,670,706,1085
TIMSS,2019,SWE,8,1,bul_c_all=1,1085,495.05643,3.8844733,1085,507.80182,5.6395102,1085,.64962554,.025382493,1085,.60157722,.023439039,2050,353,687,158,670,706,1085
TIMSS,2019,SWE,8,1,bul_ev_all=0,1363,505.1756,3.3565457,1363,520.30499,4.5243969,1363,.6944657,.019513607,1363,.65256667,.018991284,2050,353,687,158,670,706,1085
TIMSS,2019,SWE,8,1,bul_ev_all=1,687,493.35968,3.5830619,687,507.80414,5.320261,687,.66161817,.029953649,687,.58670992,.020740565,2050,353,687,158,670,706,1085
TIMSS,2019,SWE,8,1,bul_ev_o=0,1892,502.97443,2.7829516,1892,518.49359,3.7600994,1892,.69226491,.017858768,1892,.63720506,.016366147,2050,353,687,158,670,706,1085
TIMSS,2019,SWE,8,1,bul_ev_o=1,158,478.37231,9.8047094,158,485.5072,13.604553,158,.57117754,.056299109,158,.5416826,.050714374,2050,353,687,158,670,706,1085
TIMSS,2019,SWE,8,1,bul_ev_trad=0,1380,505.45526,3.3266783,1380,520.76422,4.4992614,1380,.69527954,.019400163,1380,.65299171,.018876225,2050,353,687,158,670,706,1085
TIMSS,2019,SWE,8,1,bul_ev_trad=1,670,492.5108,3.5778959,670,506.5787,5.2979126,670,.65918535,.030438535,670,.58424944,.020323075,2050,353,687,158,670,706,1085
TIMSS,2019,SWE,8,1,bul_pv=0,1697,503.75861,3.0740509,1697,518.30737,4.1411905,1697,.68848598,.018031096,1697,.64140737,.01777822,2050,353,687,158,670,706,1085
TIMSS,2019,SWE,8,1,bul_pv=1,353,489.0921,4.1740465,353,505.58798,6.0404806,353,.65916502,.034034718,353,.57796568,.028066076,2050,353,687,158,670,706,1085
TIMSS,2019,TUR,4,0,all,2108,521.06976,4.5589633,2108,523.63959,4.3362994,2108,.90548301,.01263797,2108,.88789743,.013487318,2108,566,1150,201,1112,1150,791
TIMSS,2019,TUR,4,0,bul_any=1,1150,502.22186,5.0818028,1150,509.5155,5.3079576,1150,.87717122,.018477542,1150,.85358167,.019995281,2108,566,1150,201,1112,1150,791
TIMSS,2019,TUR,4,0,bul_c_all=0,1317,531.59454,5.5466561,1317,533.4079,5.1531701,1317,.92581403,.012012793,1317,.91234195,.013920247,2108,566,1150,201,1112,1150,791
TIMSS,2019,TUR,4,0,bul_c_all=1,791,501.88208,8.5861101,791,505.83099,8.3658371,791,.86841774,.02950909,791,.84333289,.030124096,2108,566,1150,201,1112,1150,791
TIMSS,2019,TUR,4,0,bul_ev_all=0,958,543.31775,5.3607745,958,540.31158,4.8299747,958,.9389022,.0099807279,958,.92840368,.011200109,2108,566,1150,201,1112,1150,791
TIMSS,2019,TUR,4,0,bul_ev_all=1,1150,502.22186,5.0818028,1150,509.5155,5.3079576,1150,.87717122,.018477542,1150,.85358167,.019995281,2108,566,1150,201,1112,1150,791
TIMSS,2019,TUR,4,0,bul_ev_o=0,1907,528.4801,4.3644638,1907,530.60596,4.027247,1907,.92697304,.010778067,1907,.90930885,.011554409,2108,566,1150,201,1112,1150,791
TIMSS,2019,TUR,4,0,bul_ev_o=1,201,449.51367,9.0697308,201,456.37054,10.157827,201,.69797128,.047921542,201,.68114465,.041896116,2108,566,1150,201,1112,1150,791
TIMSS,2019,TUR,4,0,bul_ev_trad=0,996,542.3916,5.3908958,996,539.53748,4.8883781,996,.93757105,.010683433,996,.92650133,.011138469,2108,566,1150,201,1112,1150,791
TIMSS,2019,TUR,4,0,bul_ev_trad=1,1112,501.3204,5.0244684,1112,508.91415,5.2719264,1112,.87576151,.018790793,1112,.85214061,.020221721,2108,566,1150,201,1112,1150,791
TIMSS,2019,TUR,4,0,bul_pv=0,1542,532.30707,4.7482166,1542,532.76282,4.2384624,1542,.92697543,.010837564,1542,.91261405,.011555942,2108,566,1150,201,1112,1150,791
TIMSS,2019,TUR,4,0,bul_pv=1,566,490.80554,5.8184972,566,499.06891,6.7803721,566,.8476001,.022380732,566,.82133102,.022978196,2108,566,1150,201,1112,1150,791
TIMSS,2019,TUR,4,1,all,1920,524.83636,5.7448764,1920,529.36487,5.0936265,1920,.8963176,.013224102,1920,.86763579,.016849149,1920,738,1276,317,1245,1276,745
TIMSS,2019,TUR,4,1,bul_any=1,1276,516.10608,6.327003,1276,523.55963,5.8011336,1276,.88342601,.016793413,1276,.84785962,.019809484,1920,738,1276,317,1245,1276,745
TIMSS,2019,TUR,4,1,bul_c_all=0,1175,537.18439,7.8157711,1175,540.08557,7.1955309,1175,.92644221,.015844513,1175,.90286672,.019724533,1920,738,1276,317,1245,1276,745
TIMSS,2019,TUR,4,1,bul_c_all=1,745,504.00897,9.1669655,745,511.28217,8.7711315,745,.84550637,.023295738,745,.80821174,.026500473,1920,738,1276,317,1245,1276,745
TIMSS,2019,TUR,4,1,bul_ev_all=0,644,541.74463,6.6238599,644,540.60803,5.8367558,644,.92128527,.016009187,644,.90593719,.018688528,1920,738,1276,317,1245,1276,745
TIMSS,2019,TUR,4,1,bul_ev_all=1,1276,516.10608,6.327003,1276,523.55963,5.8011336,1276,.88342601,.016793413,1276,.84785962,.019809484,1920,738,1276,317,1245,1276,745
TIMSS,2019,TUR,4,1,bul_ev_o=0,1603,537.4538,4.9679022,1603,540.99976,4.4043841,1603,.93260086,.0095060607,1603,.90599173,.013468224,1920,738,1276,317,1245,1276,745
TIMSS,2019,TUR,4,1,bul_ev_o=1,317,459.46686,10.491267,317,469.08603,9.878212,317,.70833868,.041479126,317,.66891855,.038968187,1920,738,1276,317,1245,1276,745
TIMSS,2019,TUR,4,1,bul_ev_trad=0,675,541.05566,6.7885418,675,540.62103,5.8020797,675,.92061383,.015238234,675,.90536606,.017707244,1920,738,1276,317,1245,1276,745
TIMSS,2019,TUR,4,1,bul_ev_trad=1,1245,515.79895,6.1343889,1245,523.0929,5.7670903,1245,.88277972,.016847562,1245,.84661245,.019803306,1920,738,1276,317,1245,1276,745
TIMSS,2019,TUR,4,1,bul_pv=0,1182,537.74249,5.5563478,1182,539.46906,4.9852953,1182,.92673039,.011494044,1182,.90342426,.015825395,1920,738,1276,317,1245,1276,745
TIMSS,2019,TUR,4,1,bul_pv=1,738,504.13797,7.6827722,738,513.1601,7.441927,738,.8475427,.022805583,738,.81023967,.024632182,1920,738,1276,317,1245,1276,745
TIMSS,2019,TUR,8,0,all,2032,501.11682,4.2962499,2032,520.48871,3.6575115,2032,.6916104,.016845057,2032,.59047604,.018220702,2032,601,1061,114,975,1076,494
TIMSS,2019,TUR,8,0,bul_any=1,1076,483.65414,5.5612612,1076,503.82425,4.6822,1076,.62077785,.02263603,1076,.51958841,.024941716,2032,601,1061,114,975,1076,494
TIMSS,2019,TUR,8,0,bul_c_all=0,1538,505.47241,4.7820911,1538,523.69427,4.045238,1538,.70061922,.018345295,1538,.60430282,.020530412,2032,601,1061,114,975,1076,494
TIMSS,2019,TUR,8,0,bul_c_all=1,494,486.42242,11.258489,494,509.67413,10.188754,494,.66121739,.045043088,494,.54382849,.045080498,2032,601,1061,114,975,1076,494
TIMSS,2019,TUR,8,0,bul_ev_all=0,971,520.73285,5.2276211,971,539.11365,4.6761065,971,.77202445,.022081634,971,.6718924,.022749886,2032,601,1061,114,975,1076,494
TIMSS,2019,TUR,8,0,bul_ev_all=1,1061,482.51617,5.5721431,1061,502.82782,4.7008657,1061,.61535883,.022632355,1061,.51327401,.02501614,2032,601,1061,114,975,1076,494
TIMSS,2019,TUR,8,0,bul_ev_o=0,1918,503.86615,4.3600888,1918,523.46515,3.6801407,1918,.70519018,.017210443,1918,.60137147,.018244337,2032,601,1061,114,975,1076,494
TIMSS,2019,TUR,8,0,bul_ev_o=1,114,451.22217,10.926936,114,466.47141,11.076175,114,.44516483,.062095411,114,.39274538,.055998482,2032,601,1061,114,975,1076,494
TIMSS,2019,TUR,8,0,bul_ev_trad=0,1057,517.73572,5.2504063,1057,535.93616,4.6215467,1057,.75739408,.019863334,1057,.65902287,.022882445,2032,601,1061,114,975,1076,494
TIMSS,2019,TUR,8,0,bul_ev_trad=1,975,482.49033,5.6533155,975,503.17511,4.765975,975,.61787975,.023287339,975,.51364839,.026466923,2032,601,1061,114,975,1076,494
TIMSS,2019,TUR,8,0,bul_pv=0,1431,513.21716,4.5730047,1431,532.34094,4.094696,1431,.74504399,.018656014,1431,.6388095,.019690633,2032,601,1061,114,975,1076,494
TIMSS,2019,TUR,8,0,bul_pv=1,601,471.34943,6.8774352,601,491.3317,5.6992216,601,.56016147,.029950561,601,.47157353,.031452119,2032,601,1061,114,975,1076,494
TIMSS,2019,TUR,8,1,all,2045,490.05511,5.7862892,2045,510.40811,5.0209775,2045,.63512647,.019804196,2045,.53627676,.020168776,2045,822,1282,226,1209,1298,548
TIMSS,2019,TUR,8,1,bul_any=1,1298,483.47827,5.9659786,1298,502.68851,5.2833848,1298,.60909772,.021346422,1298,.51209378,.022586377,2045,822,1282,226,1209,1298,548
TIMSS,2019,TUR,8,1,bul_c_all=0,1497,496.69183,7.0255523,1497,515.3493,6.0215235,1497,.65051687,.023249554,1497,.55350608,.023985444,2045,822,1282,226,1209,1298,548
TIMSS,2019,TUR,8,1,bul_c_all=1,548,469.8623,13.761495,548,495.37402,13.317497,548,.58829993,.051936008,548,.48385513,.050484046,2045,822,1282,226,1209,1298,548
TIMSS,2019,TUR,8,1,bul_ev_all=0,763,501.92032,6.2381678,763,524.32269,5.5645261,763,.68439811,.024912747,763,.58275223,.024936683,2045,822,1282,226,1209,1298,548
TIMSS,2019,TUR,8,1,bul_ev_all=1,1282,482.85699,6.0142045,1282,501.96671,5.2885695,1282,.60523552,.021581057,1282,.50808209,.022703376,2045,822,1282,226,1209,1298,548
TIMSS,2019,TUR,8,1,bul_ev_o=0,1819,496.08783,5.5482216,1819,517.09033,4.6702318,1819,.65965223,.020016046,1819,.55629998,.01998827,2045,822,1282,226,1209,1298,548
TIMSS,2019,TUR,8,1,bul_ev_o=1,226,440.4118,12.968141,226,455.4201,11.729845,226,.43330353,.038376894,226,.37150529,.038525183,2045,822,1282,226,1209,1298,548
TIMSS,2019,TUR,8,1,bul_ev_trad=0,836,502.42676,6.3553481,836,523.53516,5.5864124,836,.68182701,.025123881,836,.58245438,.02535677,2045,822,1282,226,1209,1298,548
TIMSS,2019,TUR,8,1,bul_ev_trad=1,1209,481.20795,6.0729523,1209,501.02072,5.4524493,1209,.60173017,.022381837,1209,.50325441,.023734905,2045,822,1282,226,1209,1298,548
TIMSS,2019,TUR,8,1,bul_pv=0,1223,494.64102,5.888082,1223,517.22034,5.3209748,1223,.66112912,.022336019,1223,.54942107,.022708161,2045,822,1282,226,1209,1298,548
TIMSS,2019,TUR,8,1,bul_pv=1,822,483.19498,7.1191134,822,500.21759,6.1108108,822,.59622878,.025284685,822,.51661408,.027770516,2045,822,1282,226,1209,1298,548
TIMSS,2019,USA,4,0,all,4341,529.01746,2.9631011,4341,535.83411,2.9015434,4341,.93590087,.0075807893,4341,.92889529,.0077825608,4341,990,1857,269,1781,1857,830
TIMSS,2019,USA,4,0,bul_any=1,1857,514.00952,3.9079387,1857,521.18719,3.8126962,1857,.91040325,.011747554,1857,.89965039,.011310196,4341,990,1857,269,1781,1857,830
TIMSS,2019,USA,4,0,bul_c_all=0,3511,533.07141,3.3526926,3511,540.28491,3.246654,3511,.94274807,.0075926306,3511,.93518519,.0080766836,4341,990,1857,269,1781,1857,830
TIMSS,2019,USA,4,0,bul_c_all=1,830,513.10699,6.6231136,830,518.36603,6.4953718,830,.90902764,.018922579,830,.90420932,.019011032,4341,990,1857,269,1781,1857,830
TIMSS,2019,USA,4,0,bul_ev_all=0,2484,540.09076,2.9909143,2484,546.64105,2.8625951,2484,.95471376,.006793865,2484,.95047313,.0077572563,4341,990,1857,269,1781,1857,830
TIMSS,2019,USA,4,0,bul_ev_all=1,1857,514.00952,3.9079387,1857,521.18719,3.8126962,1857,.91040325,.011747554,1857,.89965039,.011310196,4341,990,1857,269,1781,1857,830
TIMSS,2019,USA,4,0,bul_ev_o=0,4072,532.60339,2.8968658,4072,539.29895,2.7858193,4072,.94532067,.0070317052,4072,.9386729,.0070688943,4341,990,1857,269,1781,1857,830
TIMSS,2019,USA,4,0,bul_ev_o=1,269,476.62036,8.50776,269,485.20721,9.4778414,269,.79826152,.035076842,269,.78602785,.035931993,4341,990,1857,269,1781,1857,830
TIMSS,2019,USA,4,0,bul_ev_trad=0,2560,539.38831,2.9719963,2560,546.18146,2.8425148,2560,.95351577,.0068322145,2560,.94894296,.0074925744,4341,990,1857,269,1781,1857,830
TIMSS,2019,USA,4,0,bul_ev_trad=1,1781,513.91461,3.9227629,1781,520.7655,3.829237,1781,.91024858,.011855733,1781,.89970028,.011656054,4341,990,1857,269,1781,1857,830
TIMSS,2019,USA,4,0,bul_pv=0,3351,537.2251,2.8484874,3351,543.30109,2.8242865,3351,.94989073,.0066325818,3351,.94503856,.0066450043,4341,990,1857,269,1781,1857,830
TIMSS,2019,USA,4,0,bul_pv=1,990,501.60773,4.6041999,990,510.89783,4.8096609,990,.88918108,.016563142,990,.87498426,.016446579,4341,990,1857,269,1781,1857,830
TIMSS,2019,USA,4,1,all,4435,540.17853,2.8909576,4435,541.31897,3.1215463,4435,.93484557,.0067664571,4435,.9342615,.0065190978,4435,1277,2171,394,2108,2171,832
TIMSS,2019,USA,4,1,bul_any=1,2171,529.40509,3.1899519,2171,530.26508,3.5353024,2171,.91069871,.010288365,2171,.91134369,.0099833626,4435,1277,2171,394,2108,2171,832
TIMSS,2019,USA,4,1,bul_c_all=0,3603,543.24683,3.5860269,3603,544.71204,3.7952256,3603,.93779898,.0083978176,3603,.93882841,.0083252052,4435,1277,2171,394,2108,2171,832
TIMSS,2019,USA,4,1,bul_c_all=1,832,527.36377,6.3120413,832,527.14825,6.197577,832,.92251086,.015624075,832,.91518801,.018382376,4435,1277,2171,394,2108,2171,832
TIMSS,2019,USA,4,1,bul_ev_all=0,2264,550.05853,3.4771199,2264,551.45618,3.5790529,2264,.95699,.0068014846,2264,.95527881,.0063499329,4435,1277,2171,394,2108,2171,832
TIMSS,2019,USA,4,1,bul_ev_all=1,2171,529.40509,3.1899519,2171,530.26508,3.5353024,2171,.91069871,.010288365,2171,.91134369,.0099833626,4435,1277,2171,394,2108,2171,832
TIMSS,2019,USA,4,1,bul_ev_o=0,4041,546.11652,2.740504,4041,547.61053,3.0135534,4041,.95130223,.0063482635,4041,.95021534,.0053493748,4435,1277,2171,394,2108,2171,832
TIMSS,2019,USA,4,1,bul_ev_o=1,394,478.51816,5.7774925,394,475.98761,6.9955659,394,.76395983,.029908594,394,.76859742,.029169757,4435,1277,2171,394,2108,2171,832
TIMSS,2019,USA,4,1,bul_ev_trad=0,2327,549.08221,3.3841493,2327,550.39703,3.4684865,2327,.95619178,.0068831658,2327,.95485872,.0061687557,4435,1277,2171,394,2108,2171,832
TIMSS,2019,USA,4,1,bul_ev_trad=1,2108,529.96436,3.2989159,2108,530.90485,3.693404,2108,.91035771,.010220647,2108,.91063285,.010300284,4435,1277,2171,394,2108,2171,832
TIMSS,2019,USA,4,1,bul_pv=0,3158,547.50165,3.5071104,3158,548.70404,3.6643267,3158,.94864768,.0066991099,3158,.94670552,.0067635411,4435,1277,2171,394,2108,2171,832
TIMSS,2019,USA,4,1,bul_pv=1,1277,521.59625,3.3273211,1277,522.57971,3.560513,1277,.89982331,.01167963,1277,.90268528,.011381429,4435,1277,2171,394,2108,2171,832
TIMSS,2019,USA,8,0,all,4349,517.20538,3.9175148,4349,524.70209,3.8645055,4349,.71758687,.01639566,4349,.67293376,.017030602,4349,880,2012,689,1934,2024,1509
TIMSS,2019,USA,8,0,bul_any=1,2024,502.75925,4.0009007,2024,511.80136,4.3216124,2024,.66988438,.022357186,2024,.62005973,.019759826,4349,880,2012,689,1934,2024,1509
TIMSS,2019,USA,8,0,bul_c_all=0,2840,529.37994,4.6953239,2840,536.16339,4.526289,2840,.76753938,.019078549,2840,.72665679,.020871995,4349,880,2012,689,1934,2024,1509
TIMSS,2019,USA,8,0,bul_c_all=1,1509,492.92923,7.0971432,1509,501.8483,6.7943096,1509,.61798161,.028583948,1509,.56580991,.02839553,4349,880,2012,689,1934,2024,1509
TIMSS,2019,USA,8,0,bul_ev_all=0,2337,529.58447,4.6274943,2337,535.80682,4.4360323,2337,.75791895,.018638734,2337,.7177397,.020808054,4349,880,2012,689,1934,2024,1509
TIMSS,2019,USA,8,0,bul_ev_all=1,2012,502.60373,4.0458484,2012,511.6037,4.3681889,2012,.67001379,.022652712,2012,.62008351,.019847358,4349,880,2012,689,1934,2024,1509
TIMSS,2019,USA,8,0,bul_ev_o=0,3660,522.07635,3.9261787,3660,529.38397,3.7683389,3660,.73205262,.015209315,3660,.68994665,.016488876,4349,880,2012,689,1934,2024,1509
TIMSS,2019,USA,8,0,bul_ev_o=1,689,492.16705,5.9129663,689,500.63596,6.8483801,689,.64322841,.035707355,689,.58548182,.0302583,4349,880,2012,689,1934,2024,1509
TIMSS,2019,USA,8,0,bul_ev_trad=0,2415,529.43457,4.5560851,2415,535.71051,4.3876271,2415,.75834727,.018408945,2415,.7176438,.020688126,4349,880,2012,689,1934,2024,1509
TIMSS,2019,USA,8,0,bul_ev_trad=1,1934,501.61179,4.1383176,1934,510.66519,4.4634805,1934,.66561282,.022890711,1934,.6159234,.020044032,4349,880,2012,689,1934,2024,1509
TIMSS,2019,USA,8,0,bul_pv=0,3469,525.23096,4.0316887,3469,532.34387,3.8215983,3469,.74825996,.015335266,3469,.70388627,.01714519,4349,880,2012,689,1934,2024,1509
TIMSS,2019,USA,8,0,bul_pv=1,880,486.26587,5.0470061,880,495.24237,5.9464374,880,.59933931,.03235238,880,.5536086,.024933189,4349,880,2012,689,1934,2024,1509
TIMSS,2019,USA,8,1,all,4349,513.71771,5.7903042,4349,520.0354,6.2245932,4349,.68572146,.023714695,4349,.64550251,.024430132,4349,995,1875,405,1841,1897,1615
TIMSS,2019,USA,8,1,bul_any=1,1897,507.24329,5.3722157,1897,515.35736,5.2578392,1897,.67226183,.023177151,1897,.62029564,.024204861,4349,995,1875,405,1841,1897,1615
TIMSS,2019,USA,8,1,bul_c_all=0,2734,525.11957,7.6833997,2734,530.90656,8.2981062,2734,.73373932,.031003879,2734,.69686633,.030638961,4349,995,1875,405,1841,1897,1615
TIMSS,2019,USA,8,1,bul_c_all=1,1615,491.88733,7.8723326,1615,499.22119,7.824584,1615,.59378469,.03148149,1615,.54715943,.034095105,4349,995,1875,405,1841,1897,1615
TIMSS,2019,USA,8,1,bul_ev_all=0,2474,518.49896,7.1272202,2474,523.4361,7.9605494,2474,.6956268,.030065572,2474,.66473138,.02908832,4349,995,1875,405,1841,1897,1615
TIMSS,2019,USA,8,1,bul_ev_all=1,1875,507.18991,5.4268403,1875,515.39252,5.3391109,1875,.67219776,.023640826,1875,.61924952,.024383647,4349,995,1875,405,1841,1897,1615
TIMSS,2019,USA,8,1,bul_ev_o=0,3944,515.96204,5.9588261,3944,522.74121,6.4901881,3944,.69570822,.024719346,3944,.65445548,.0252527,4349,995,1875,405,1841,1897,1615
TIMSS,2019,USA,8,1,bul_ev_o=1,405,491.37186,8.5253992,405,493.09451,8.4609718,405,.58628583,.038442612,405,.55636042,.036484234,4349,995,1875,405,1841,1897,1615
TIMSS,2019,USA,8,1,bul_ev_trad=0,2508,519.07471,7.1006503,2508,523.84698,7.9054627,2508,.69687825,.029700676,2508,.66683877,.028981693,4349,995,1875,405,1841,1897,1615
TIMSS,2019,USA,8,1,bul_ev_trad=1,1841,506.20181,5.4247069,1841,514.68781,5.3464942,1841,.67006838,.023778612,1841,.61556768,.024500623,4349,995,1875,405,1841,1897,1615
TIMSS,2019,USA,8,1,bul_pv=0,3354,517.41315,6.5024829,3354,522.83563,7.1793008,3354,.69526529,.027042843,3354,.66055965,.026507447,4349,995,1875,405,1841,1897,1615
TIMSS,2019,USA,8,1,bul_pv=1,995,500.91956,5.7741494,995,510.33759,5.5694289,995,.65266895,.027068825,995,.59335631,.028152671,4349,995,1875,405,1841,1897,1615
TIMSS,2019,XKX,4,0,all,2205,442.026,3.2458298,2205,419.759,4.4349775,2205,.61689097,.023103395,2205,.71434039,.01725886,2205,239,534,97,520,534,682
TIMSS,2019,XKX,4,0,bul_any=1,534,419.4577,5.4992204,534,392.65509,7.624207,534,.48563418,.039601874,534,.59902287,.03333275,2205,239,534,97,520,534,682
TIMSS,2019,XKX,4,0,bul_c_all=0,1523,440.8399,4.2699156,1523,416.93176,5.3713183,1523,.60280216,.029071553,1523,.71020555,.0234513,2205,239,534,97,520,534,682
TIMSS,2019,XKX,4,0,bul_c_all=1,682,444.91614,4.4475999,682,426.64816,6.642807,682,.65122145,.03155354,682,.72441572,.026118426,2205,239,534,97,520,534,682
TIMSS,2019,XKX,4,0,bul_ev_all=0,1671,449.5094,3.2621677,1671,428.74637,4.27389,1671,.66041428,.022766044,1671,.75257838,.017339202,2205,239,534,97,520,534,682
TIMSS,2019,XKX,4,0,bul_ev_all=1,534,419.4577,5.4992204,534,392.65509,7.624207,534,.48563418,.039601874,534,.59902287,.03333275,2205,239,534,97,520,534,682
TIMSS,2019,XKX,4,0,bul_ev_o=0,2108,446.54385,3.1224253,2108,424.83972,4.2492332,2108,.63944441,.023195162,2108,.73670989,.016856138,2205,239,534,97,520,534,682
TIMSS,2019,XKX,4,0,bul_ev_o=1,97,362.51602,11.319147,97,330.3429,14.850032,97,.21997117,.056081068,97,.32065722,.072062016,2205,239,534,97,520,534,682
TIMSS,2019,XKX,4,0,bul_ev_trad=0,1685,449.23035,3.2803659,1685,428.40228,4.2612987,1685,.65831482,.022799419,1685,.7516681,.017581422,2205,239,534,97,520,534,682
TIMSS,2019,XKX,4,0,bul_ev_trad=1,520,419.63742,5.5112467,520,392.89862,7.6337733,520,.48816007,.038945213,520,.59833866,.034362506,2205,239,534,97,520,534,682
TIMSS,2019,XKX,4,0,bul_pv=0,1966,446.96887,3.1418192,1966,425.7117,4.1256938,1966,.64277154,.021982741,1966,.7389695,.016915122,2205,239,534,97,520,534,682
TIMSS,2019,XKX,4,0,bul_pv=1,239,404.60135,8.6112127,239,374.68839,11.032896,239,.42093718,.055910986,239,.52786189,.057057086,2205,239,534,97,520,534,682
TIMSS,2019,XKX,4,1,all,2291,446.54941,3.686028,2291,406.73953,4.2902999,2291,.55518353,.019991655,2291,.73546976,.017906705,2291,384,824,188,799,824,740
TIMSS,2019,XKX,4,1,bul_any=1,824,431.7179,4.9165025,824,387.98724,6.3412948,824,.47575593,.030452693,824,.66791099,.026466336,2291,384,824,188,799,824,740
TIMSS,2019,XKX,4,1,bul_c_all=0,1551,442.18188,4.7023845,1551,401.94873,5.6833229,1551,.53436363,.025550721,1551,.71267354,.025305659,2291,384,824,188,799,824,740
TIMSS,2019,XKX,4,1,bul_c_all=1,740,456.52151,5.5447984,740,417.67807,6.1449661,740,.60272002,.034044746,740,.78751874,.025034316,2291,384,824,188,799,824,740
TIMSS,2019,XKX,4,1,bul_ev_all=0,1467,454.86023,3.8206894,1467,417.24734,4.0295477,1467,.5996905,.022285907,1467,.7733261,.018766919,2291,384,824,188,799,824,740
TIMSS,2019,XKX,4,1,bul_ev_all=1,824,431.7179,4.9165025,824,387.98724,6.3412948,824,.47575593,.030452693,824,.66791099,.026466336,2291,384,824,188,799,824,740
TIMSS,2019,XKX,4,1,bul_ev_o=0,2103,451.7265,3.6510024,2103,413.2193,3.9744365,2103,.57982749,.019880638,2103,.75898433,.017504338,2291,384,824,188,799,824,740
TIMSS,2019,XKX,4,1,bul_ev_o=1,188,389.64108,8.5909901,188,335.51202,10.763306,188,.28428847,.045560166,188,.47698939,.050841741,2291,384,824,188,799,824,740
TIMSS,2019,XKX,4,1,bul_ev_trad=0,1492,454.36713,3.8424366,1492,416.64301,4.0601821,1492,.59676874,.022380074,1492,.77004451,.018860471,2291,384,824,188,799,824,740
TIMSS,2019,XKX,4,1,bul_ev_trad=1,799,431.93875,4.983511,799,388.23077,6.3917904,799,.47746402,.030730357,799,.67085236,.027101517,2291,384,824,188,799,824,740
TIMSS,2019,XKX,4,1,bul_pv=0,1907,450.81274,3.7088807,1907,411.6788,4.0950918,1907,.57451439,.020508049,1907,.75311208,.018059019,2291,384,824,188,799,824,740
TIMSS,2019,XKX,4,1,bul_pv=1,384,424.72433,5.7001925,384,381.45413,8.0672741,384,.4562234,.033552129,384,.645154,.033128008,2291,384,824,188,799,824,740
TIMSS,2019,ZAF,4,0,all,5892,383.72501,4.0608344,5892,334.7063,5.4008746,5892,.30842242,.017044906,5892,.414361,.019010782,5892,3295,4734,2192,4647,4734,2735
TIMSS,2019,ZAF,4,0,bul_any=1,4734,370.76733,3.9732137,4734,317.36172,5.4035892,4734,.26079324,.016918981,4734,.36313969,.019083181,5892,3295,4734,2192,4647,4734,2735
TIMSS,2019,ZAF,4,0,bul_c_all=0,3157,395.1481,5.7821975,3157,350.27936,7.8227644,3157,.34854069,.025295844,3157,.45417765,.026983272,5892,3295,4734,2192,4647,4734,2735
TIMSS,2019,ZAF,4,0,bul_c_all=1,2735,370.18823,5.7390127,2735,316.25171,8.2145338,2735,.26088089,.023923606,2735,.36717692,.02448562,5892,3295,4734,2192,4647,4734,2735
TIMSS,2019,ZAF,4,0,bul_ev_all=0,1158,435.58536,6.2459564,1158,404.12436,8.1251659,1158,.49904826,.027327524,1158,.61936361,.02828856,5892,3295,4734,2192,4647,4734,2735
TIMSS,2019,ZAF,4,0,bul_ev_all=1,4734,370.76733,3.9732137,4734,317.36172,5.4035892,4734,.26079324,.016918981,4734,.36313969,.019083181,5892,3295,4734,2192,4647,4734,2735
TIMSS,2019,ZAF,4,0,bul_ev_o=0,3700,406.39355,4.3635015,3700,367.16977,5.8739042,3700,.39910644,.02019194,3700,.51261365,.023312686,5892,3295,4734,2192,4647,4734,2735
TIMSS,2019,ZAF,4,0,bul_ev_o=1,2192,340.32648,4.0479336,2192,272.55557,5.421576,2192,.13480949,.013882391,2192,.22625813,.016544014,5892,3295,4734,2192,4647,4734,2735
TIMSS,2019,ZAF,4,0,bul_ev_trad=0,1245,432.04849,6.1768231,1245,399.51141,8.1673441,1245,.48732722,.027080528,1245,.60361004,.027025115,5892,3295,4734,2192,4647,4734,2735
TIMSS,2019,ZAF,4,0,bul_ev_trad=1,4647,370.64954,3.9931524,4647,317.17123,5.4443846,4647,.26001406,.017254788,4647,.3631537,.019206377,5892,3295,4734,2192,4647,4734,2735
TIMSS,2019,ZAF,4,0,bul_pv=0,2597,408.97211,4.9023805,2597,369.4653,6.3785558,2597,.40028802,.021145888,2597,.51281065,.022898195,5892,3295,4734,2192,4647,4734,2735
TIMSS,2019,ZAF,4,0,bul_pv=1,3295,362.94568,4.1566734,3295,306.09836,5.7769346,3295,.23281361,.017795194,3295,.33333328,.019948555,5892,3295,4734,2192,4647,4734,2735
TIMSS,2019,ZAF,4,1,all,5999,363.51294,3.7253013,5999,313.87326,5.2583709,5999,.25033394,.016626017,5999,.33205774,.016261429,5999,3741,5098,2867,4995,5098,2829
TIMSS,2019,ZAF,4,1,bul_any=1,5098,354.73401,3.4345145,5098,302.48471,4.9221687,5098,.21717604,.015425604,5098,.2951009,.015917042,5999,3741,5098,2867,4995,5098,2829
TIMSS,2019,ZAF,4,1,bul_c_all=0,3170,373.25156,5.8426142,3170,325.99783,8.0572405,3170,.28710714,.025968444,3170,.37107465,.024675075,5999,3741,5098,2867,4995,5098,2829
TIMSS,2019,ZAF,4,1,bul_c_all=1,2829,351.90411,5.44698,2829,299.42032,7.7496309,2829,.20649889,.023742789,2829,.28554815,.023845784,5999,3741,5098,2867,4995,5098,2829
TIMSS,2019,ZAF,4,1,bul_ev_all=0,901,407.52402,7.0144339,901,370.96729,9.2915802,901,.41656363,.033376459,901,.51733261,.034094352,5999,3741,5098,2867,4995,5098,2829
TIMSS,2019,ZAF,4,1,bul_ev_all=1,5098,354.73401,3.4345145,5098,302.48471,4.9221687,5098,.21717604,.015425604,5098,.2951009,.015917042,5999,3741,5098,2867,4995,5098,2829
TIMSS,2019,ZAF,4,1,bul_ev_o=0,3132,388.50266,4.6187654,3132,349.74014,6.5031114,3132,.35509107,.021532204,3132,.43686861,.019941142,5999,3741,5098,2867,4995,5098,2829
TIMSS,2019,ZAF,4,1,bul_ev_o=1,2867,331.41821,3.0298293,2867,267.80881,4.1876984,2867,.11579256,.013942716,2867,.19744737,.01496278,5999,3741,5098,2867,4995,5098,2829
TIMSS,2019,ZAF,4,1,bul_ev_trad=0,1004,403.00925,6.7389107,1004,364.60095,8.9609261,1004,.39455688,.031412106,1004,.49666303,.031677041,5999,3741,5098,2867,4995,5098,2829
TIMSS,2019,ZAF,4,1,bul_ev_trad=1,4995,354.61206,3.4351926,4995,302.44131,4.9526744,4995,.21783197,.015634073,4995,.29496244,.015891708,5999,3741,5098,2867,4995,5098,2829
TIMSS,2019,ZAF,4,1,bul_pv=0,2258,388.21591,4.8224773,2258,346.17337,6.8540626,2258,.33973461,.022907645,2258,.43815085,.02248417,5999,3741,5098,2867,4995,5098,2829
TIMSS,2019,ZAF,4,1,bul_pv=1,3741,347.36832,3.7960353,3741,292.76355,5.0995388,3741,.19190615,.016651709,3741,.26272064,.0170571,5999,3741,5098,2867,4995,5098,2829
TIMSS,2019,ZAF,8,0,all,11098,392.5535,2.4990659,11098,375.75565,3.2031114,11098,.16379069,.0090505667,11098,.14052618,.0081148706,11098,7508,9020,2777,8924,9081,5554
TIMSS,2019,ZAF,8,0,bul_any=1,9081,386.3833,2.5576837,9081,366.80505,3.204361,9081,.13540012,.0093128253,9081,.1151993,.0080272146,11098,7508,9020,2777,8924,9081,5554
TIMSS,2019,ZAF,8,0,bul_c_all=0,5544,400.15021,3.689451,5544,384.3158,4.9253569,5544,.2086834,.015945755,5544,.18288386,.013432907,11098,7508,9020,2777,8924,9081,5554
TIMSS,2019,ZAF,8,0,bul_c_all=1,5554,383.53732,2.8857439,5554,365.59607,3.8057714,5554,.11050994,.0097688073,5554,.090254121,.009844196,11098,7508,9020,2777,8924,9081,5554
TIMSS,2019,ZAF,8,0,bul_ev_all=0,2078,422.76276,3.8181827,2078,419.60538,5.277606,2078,.30345982,.019190263,2078,.26514184,.017741933,11098,7508,9020,2777,8924,9081,5554
TIMSS,2019,ZAF,8,0,bul_ev_all=1,9020,386.44382,2.5718923,9020,366.88727,3.2133281,9020,.13554333,.0093521606,9020,.1153233,.0080522988,11098,7508,9020,2777,8924,9081,5554
TIMSS,2019,ZAF,8,0,bul_ev_o=0,8321,403.65332,2.4744501,8321,393.00488,3.3361099,8321,.19463094,.010519034,8321,.16813743,.0090710707,11098,7508,9020,2777,8924,9081,5554
TIMSS,2019,ZAF,8,0,bul_ev_o=1,2777,362.12692,2.9532044,2777,328.47253,3.5486717,2777,.079252236,.0084705194,2777,.064838946,.0069448566,11098,7508,9020,2777,8924,9081,5554
TIMSS,2019,ZAF,8,0,bul_ev_trad=0,2174,420.38611,3.8708005,2174,416.64417,5.3341413,2174,.29675123,.019017044,2174,.25753075,.017396068,11098,7508,9020,2777,8924,9081,5554
TIMSS,2019,ZAF,8,0,bul_ev_trad=1,8924,386.58783,2.5581319,8924,366.99158,3.208041,8924,.13529189,.009314524,8924,.11544738,.0081462087,11098,7508,9020,2777,8924,9081,5554
TIMSS,2019,ZAF,8,0,bul_pv=0,3590,417.14795,3.2570696,3590,411.05502,4.1590729,3590,.27679679,.014966646,3590,.24534711,.013977666,11098,7508,9020,2777,8924,9081,5554
TIMSS,2019,ZAF,8,0,bul_pv=1,7508,381.97684,2.7934756,7508,360.57541,3.5735633,7508,.11519329,.010109469,7508,.095448732,.0087280292,11098,7508,9020,2777,8924,9081,5554
TIMSS,2019,ZAF,8,1,all,9731,386.13901,2.5201232,9731,363.69592,3.5935104,9731,.14516117,.0087914681,9731,.12170199,.0075091198,9731,6600,7940,2821,7817,7984,4968
TIMSS,2019,ZAF,8,1,bul_any=1,7984,381.31354,2.6237178,7984,355.96246,3.5634263,7984,.12361407,.0082289251,7984,.1025715,.0075438204,9731,6600,7940,2821,7817,7984,4968
TIMSS,2019,ZAF,8,1,bul_c_all=0,4763,392.00125,3.6497087,4763,369.51807,5.3045564,4763,.17702949,.015315115,4763,.15392846,.012503707,9731,6600,7940,2821,7817,7984,4968
TIMSS,2019,ZAF,8,1,bul_c_all=1,4968,379.41992,3.252882,4968,357.0228,4.7088456,4968,.10863478,.011108356,4968,.084765151,.0086898562,9731,6600,7940,2821,7817,7984,4968
TIMSS,2019,ZAF,8,1,bul_ev_all=0,1791,410.65088,4.0973916,1791,403.04276,5.7948799,1791,.25324801,.018149879,1791,.21708977,.016686052,9731,6600,7940,2821,7817,7984,4968
TIMSS,2019,ZAF,8,1,bul_ev_all=1,7940,381.2377,2.6252165,7940,355.82825,3.5548089,7940,.12354843,.0082599297,7940,.10262853,.0075443485,9731,6600,7940,2821,7817,7984,4968
TIMSS,2019,ZAF,8,1,bul_ev_o=0,6910,401.72849,2.4560909,6910,388.62878,3.5233309,6910,.19145496,.010984818,6910,.15978104,.0095167048,9731,6600,7940,2821,7817,7984,4968
TIMSS,2019,ZAF,8,1,bul_ev_o=1,2821,352.25476,3.130368,2821,309.50351,4.0985594,2821,.044539973,.0056747142,2821,.038935881,.0053615845,9731,6600,7940,2821,7817,7984,4968
TIMSS,2019,ZAF,8,1,bul_ev_trad=0,1914,408.74246,3.964747,1914,400.53229,5.4517946,1914,.24567345,.017594734,1914,.21008493,.016305421,9731,6600,7940,2821,7817,7984,4968
TIMSS,2019,ZAF,8,1,bul_ev_trad=1,7817,381.26276,2.6168976,7817,355.74921,3.6028831,7817,.12347759,.0083294734,7817,.10263509,.007631158,9731,6600,7940,2821,7817,7984,4968
TIMSS,2019,ZAF,8,1,bul_pv=0,3131,401.41098,3.3262386,3131,387.84027,4.7451057,3131,.20833026,.014148151,3131,.18215327,.012539769,9731,6600,7940,2821,7817,7984,4968
TIMSS,2019,ZAF,8,1,bul_pv=1,6600,379.49265,2.6590199,6600,353.18826,3.6786933,6600,.1176699,.0088322032,6600,.095393531,.008073003,9731,6600,7940,2821,7817,7984,4968
