countrycode,countryname,region,regionname,adminregion,adminregionname,incomelevel,incomelevelname,lendingtype,lendingtypename,grade,male,year,bullying_pv25,bullying_pv50,bullying_pv75,bullying_ev_all25,bullying_ev_all50,bullying_ev_all75,bullying_ev_online25,bullying_ev_online50,bullying_ev_online75,bullying_ev_trad25,bullying_ev_trad50,bullying_ev_trad75,bullying_c_all,violence_c_all,violence_c_cp,violence_c_teach,bullying_index,bullying_pv,bullying_ev_all,bullying_ev_online,bullying_ev_trad
ALB,Albania,ECS,Europe and Central Asia,ECA,Europe and Central Asia (excluding high income),UMC,Upper middle income,IBD,IBRD,4,-9,2019,.1497006,.0059880242,0,.48502994,.095808387,.0059880242,.011976048,0,0,.44311377,.089820363,.0059880242,.048590653,1,.032253843,1,11.26800608965171,.14116915,.27490747,.034652423,.26646692
ALB,Albania,ECS,Europe and Central Asia,ECA,Europe and Central Asia (excluding high income),UMC,Upper middle income,IBD,IBRD,4,0,2019,,,,,,,,,,,,,.05708288,1,.037542477,1,11.55724068004038,.10292651,.21362494,.019789068,.20736927
ALB,Albania,ECS,Europe and Central Asia,ECA,Europe and Central Asia (excluding high income),UMC,Upper middle income,IBD,IBRD,4,1,2019,,,,,,,,,,,,,.04056754,1,.027257355,1,10.9907832400698,.17775638,.33353728,.048872393,.32300645
ALB,Albania,ECS,Europe and Central Asia,ECA,Europe and Central Asia (excluding high income),UMC,Upper middle income,IBD,IBRD,4,-9,2023,.19444445,.0092592593,0,.41666666,.2037037,.018518519,.064814813,.0092592593,0,.42592594,.17592593,.018518519,.11872839,1,.11872839,1,11.14645515458285,.14745319,.31477064,.090085834,.30514017
ALB,Albania,ECS,Europe and Central Asia,ECA,Europe and Central Asia (excluding high income),UMC,Upper middle income,IBD,IBRD,4,0,2023,,,,,,,,,,,,,.1326353,1,.1326353,1,11.35755591065149,.12378825,.28231141,.07712806,.27285919
ALB,Albania,ECS,Europe and Central Asia,ECA,Europe and Central Asia (excluding high income),UMC,Upper middle income,IBD,IBRD,4,1,2023,,,,,,,,,,,,,.10578881,1,.10578881,1,10.93964227648612,.1695037,.34501553,.10215963,.33521891
ARE,United Arab Emirates,MEA,Middle East and North Africa,,,HIC,High income,LNX,Not classified,4,-9,2019,.50581396,.26162791,.023255814,.17732558,.53488374,.21947674,.26017442,.04360465,.0014534884,.20203489,.53488374,.19040698,.23380454,1,.18780459,1,9.502811192955827,.39318773,.59630573,.18595381,.58087277
ARE,United Arab Emirates,MEA,Middle East and North Africa,,,HIC,High income,LNX,Not classified,4,0,2019,,,,,,,,,,,,,.21894996,1,.18331252,1,9.850827915798806,.32719493,.53645861,.142087,.51866519
ARE,United Arab Emirates,MEA,Middle East and North Africa,,,HIC,High income,LNX,Not classified,4,1,2019,,,,,,,,,,,,,.24873516,1,.19231968,1,9.152166064267741,.45983276,.6567443,.23025414,.64369518
ARE,United Arab Emirates,MEA,Middle East and North Africa,,,HIC,High income,LNX,Not classified,8,-9,2019,.46869984,.17014447,.041733548,.31460676,.47191012,.12680578,.21990369,.044943821,.016051365,.33065811,.46067417,.11075442,.18404432,.18565407,.15397581,.15473187,9.618587663756067,.34733242,.51971072,.18488461,.50638789
ARE,United Arab Emirates,MEA,Middle East and North Africa,,,HIC,High income,LNX,Not classified,8,0,2019,,,,,,,,,,,,,.17199659,.17199659,.14058256,.14432874,10.10397309891516,.24622855,.42617905,.12281263,.40987185
ARE,United Arab Emirates,MEA,Middle East and North Africa,,,HIC,High income,LNX,Not classified,8,1,2019,,,,,,,,,,,,,.19531856,.19843474,.16650924,.16446713,9.171333844922694,.43985334,.60530227,.24168715,.59471041
ARE,United Arab Emirates,MEA,Middle East and North Africa,,,HIC,High income,LNX,Not classified,4,-9,2023,.52980131,.30463576,.019867551,.18145695,.58807945,.1615894,.36556292,.074172184,0,.21324503,.57748342,.13907285,.24810606,1,.21551023,1,9.682193773327322,.4209463,.58379722,.2371432,.5667038
ARE,United Arab Emirates,MEA,Middle East and North Africa,,,HIC,High income,LNX,Not classified,4,0,2023,,,,,,,,,,,,,.24744998,1,.21440339,1,9.914753497307281,.38089404,.54583704,.21034139,.52623475
ARE,United Arab Emirates,MEA,Middle East and North Africa,,,HIC,High income,LNX,Not classified,4,1,2023,,,,,,,,,,,,,.24873607,1,.2165731,1,9.457179401390782,.45909187,.61995035,.26266912,.60524631
ARE,United Arab Emirates,MEA,Middle East and North Africa,,,HIC,High income,LNX,Not classified,8,-9,2023,.54933333,.17200001,.0053333333,.30533335,.58933336,.070666663,.37599999,.041333333,.0026666666,.34,.55866665,.064000003,.21162769,.21299811,.19397284,.18128274,9.743123703748363,.3413218,.53810602,.2316291,.52108216
ARE,United Arab Emirates,MEA,Middle East and North Africa,,,HIC,High income,LNX,Not classified,8,0,2023,,,,,,,,,,,,,.19035995,.19191273,.17792422,.16957311,10.08392196344143,.28487203,.50157189,.1890727,.48387474
ARE,United Arab Emirates,MEA,Middle East and North Africa,,,HIC,High income,LNX,Not classified,8,1,2023,,,,,,,,,,,,,.23375708,.23493776,.21067166,.1934668,9.393860356277084,.39616954,.57360333,.27297777,.55723363
ARM,Armenia,ECS,Europe and Central Asia,ECA,Europe and Central Asia (excluding high income),UMC,Upper middle income,IBD,IBRD,4,-9,2019,.079999998,.0066666668,0,.62666667,.06666667,0,.026666667,0,0,.60000002,.059999999,0,.14861634,1,.093811497,1,11.29980417131186,.13900694,.30508682,.070623502,.29488602
ARM,Armenia,ECS,Europe and Central Asia,ECA,Europe and Central Asia (excluding high income),UMC,Upper middle income,IBD,IBRD,4,0,2019,,,,,,,,,,,,,.15179579,1,.092559703,1,11.57641765780659,.11510208,.25072697,.046024878,.23797783
ARM,Armenia,ECS,Europe and Central Asia,ECA,Europe and Central Asia (excluding high income),UMC,Upper middle income,IBD,IBRD,4,1,2019,,,,,,,,,,,,,.14563157,1,.09498664,1,11.03660621294368,.16117065,.35548726,.09343043,.34764919
ARM,Armenia,ECS,Europe and Central Asia,ECA,Europe and Central Asia (excluding high income),UMC,Upper middle income,IBD,IBRD,4,-9,2023,.32214764,.013422819,0,.59731543,.22818792,.0067114094,.17449665,0,0,.59731543,.22147651,.0067114094,.12690197,1,.12690197,1,10.87670059179393,.19952945,.38415992,.14948697,.3708016
ARM,Armenia,ECS,Europe and Central Asia,ECA,Europe and Central Asia (excluding high income),UMC,Upper middle income,IBD,IBRD,4,0,2023,,,,,,,,,,,,,.12647226,1,.12647226,1,11.13128657087548,.16506186,.34143934,.12070107,.33339185
ARM,Armenia,ECS,Europe and Central Asia,ECA,Europe and Central Asia (excluding high income),UMC,Upper middle income,IBD,IBRD,4,1,2023,,,,,,,,,,,,,.12731358,1,.12731358,1,10.61819447127012,.23273964,.42532206,.17722274,.40684661
AUS,Australia,EAS,East Asia and Pacific,,,HIC,High income,LNX,Not classified,4,-9,2019,.5714286,.14982578,.0069686412,.37282231,.50522649,.094076656,.038327526,0,0,.40418118,.48432055,.073170729,.21542218,1,.14189357,1,9.521081540362124,.32482928,.52304369,.070400886,.50297529
AUS,Australia,EAS,East Asia and Pacific,,,HIC,High income,LNX,Not classified,4,0,2019,,,,,,,,,,,,,.21954964,1,.14706536,1,9.581160833975462,.28885633,.50314766,.060095381,.4807156
AUS,Australia,EAS,East Asia and Pacific,,,HIC,High income,LNX,Not classified,4,1,2019,,,,,,,,,,,,,.21140438,1,.13685918,1,9.462845283746292,.35966685,.54231179,.080381125,.52453238
AUS,Australia,EAS,East Asia and Pacific,,,HIC,High income,LNX,Not classified,8,-9,2019,.50704223,.070422538,0,.47535211,.45422536,.04225352,.16549295,0,0,.53521127,.40845069,.02112676,.30761853,.30916286,.14274026,.10926763,9.53541963493312,.26923707,.47973922,.14919622,.45928419
AUS,Australia,EAS,East Asia and Pacific,,,HIC,High income,LNX,Not classified,8,0,2019,,,,,,,,,,,,,.30915585,.31079015,.14727254,.11099584,9.494230949114112,.22641857,.47221586,.18429233,.44773832
AUS,Australia,EAS,East Asia and Pacific,,,HIC,High income,LNX,Not classified,8,1,2019,,,,,,,,,,,,,.30617732,.30763724,.13849126,.10764743,9.575890644962488,.31119475,.48711133,.11480568,.47059792
AUS,Australia,EAS,East Asia and Pacific,,,HIC,High income,LNX,Not classified,4,-9,2023,.57243818,.21201414,.014134276,.28268552,.55830389,.10954063,.11660777,.010600707,0,.33568904,.50883394,.095406361,.23601134,1,.16343993,1,9.715705789891839,.36413619,.5316233,.12184948,.51011699
AUS,Australia,EAS,East Asia and Pacific,,,HIC,High income,LNX,Not classified,4,0,2023,,,,,,,,,,,,,.22831003,1,.15922752,1,9.824916698352546,.33164635,.50101107,.12437523,.47341734
AUS,Australia,EAS,East Asia and Pacific,,,HIC,High income,LNX,Not classified,4,1,2023,,,,,,,,,,,,,.24503395,1,.16837505,1,9.594487493344278,.39937833,.56482881,.11910978,.54992551
AUS,Australia,EAS,East Asia and Pacific,,,HIC,High income,LNX,Not classified,8,-9,2023,.60507244,.25724638,.010869565,.2210145,.62681162,.12681159,.39855072,.021739131,0,.25362319,.60507244,.10869565,.34236956,.35640401,.20092906,.14815059,9.489318296206621,.39189249,.57329446,.23171403,.5598821
AUS,Australia,EAS,East Asia and Pacific,,,HIC,High income,LNX,Not classified,8,0,2023,,,,,,,,,,,,,.34917173,.36155906,.20178406,.14747296,9.42823198520812,.36375588,.57094455,.24639428,.56029308
AUS,Australia,EAS,East Asia and Pacific,,,HIC,High income,LNX,Not classified,8,1,2023,,,,,,,,,,,,,.33650452,.3519592,.20019186,.14873485,9.544728177367199,.41675392,.57537079,.21874261,.55951899
AUT,Austria,ECS,Europe and Central Asia,,,HIC,High income,LNX,Not classified,4,-9,2019,.49740931,.056994818,.005181347,.46113989,.39378238,.041450776,.062176164,0,0,.49740931,.35233161,.041450776,.25924364,1,.043495044,1,10.16713393185355,.27205649,.45785025,.088670291,.44661671
AUT,Austria,ECS,Europe and Central Asia,,,HIC,High income,LNX,Not classified,4,0,2019,,,,,,,,,,,,,.24493979,1,.041672479,1,10.3830238465111,.21440196,.39943287,.081476659,.38963011
AUT,Austria,ECS,Europe and Central Asia,,,HIC,High income,LNX,Not classified,4,1,2019,,,,,,,,,,,,,.27291903,1,.04523753,1,9.956791883782548,.32790244,.51443517,.09563826,.50181568
AUT,Austria,ECS,Europe and Central Asia,,,HIC,High income,LNX,Not classified,8,-9,2023,.55414015,.095541403,0,.25477707,.61783439,.11464968,.18471338,0,0,.27388534,.61783439,.095541403,.54106241,.54106241,.1529167,.094387695,9.881979084645877,.31978863,.58034289,.16221958,.56952322
AUT,Austria,ECS,Europe and Central Asia,,,HIC,High income,LNX,Not classified,8,0,2023,,,,,,,,,,,,,.53769779,.53769779,.13349126,.083303139,9.965591116513966,.27743316,.55756301,.15704966,.54498935
AUT,Austria,ECS,Europe and Central Asia,,,HIC,High income,LNX,Not classified,8,1,2023,,,,,,,,,,,,,.54426181,.54426181,.17138822,.10492793,9.800941726235678,.35985124,.60188955,.16710965,.59272897
AZE,Azerbaijan,ECS,Europe and Central Asia,ECA,Europe and Central Asia (excluding high income),UMC,Upper middle income,IBD,IBRD,4,-9,2019,.35051546,.010309278,0,.48453608,.27319586,.015463918,.030927835,0,0,.51546389,.23195876,.010309278,.16029099,1,.13900734,1,10.94392364538754,.18986161,.38148117,.074080333,.36344954
AZE,Azerbaijan,ECS,Europe and Central Asia,ECA,Europe and Central Asia (excluding high income),UMC,Upper middle income,IBD,IBRD,4,0,2019,,,,,,,,,,,,,.15409739,1,.1337741,1,11.13518810764512,.17143795,.33495119,.067875244,.31749257
AZE,Azerbaijan,ECS,Europe and Central Asia,ECA,Europe and Central Asia (excluding high income),UMC,Upper middle income,IBD,IBRD,4,1,2019,,,,,,,,,,,,,.16588123,1,.14373079,1,10.77591858299125,.205889,.42195925,.079478353,.40342915
AZE,Azerbaijan,ECS,Europe and Central Asia,ECA,Europe and Central Asia (excluding high income),UMC,Upper middle income,IBD,IBRD,4,-9,2023,.62814069,.12562814,.010050251,.17085427,.6231156,.16582915,.40201005,.035175879,.0050251256,.2160804,.60301507,.14070351,.28939217,1,.3007471,1,9.988210650023795,.34139425,.60008949,.23663022,.58042246
AZE,Azerbaijan,ECS,Europe and Central Asia,ECA,Europe and Central Asia (excluding high income),UMC,Upper middle income,IBD,IBRD,4,0,2023,,,,,,,,,,,,,.29664981,1,.30449018,1,10.33142348267732,.28910205,.56539392,.18513644,.54476672
AZE,Azerbaijan,ECS,Europe and Central Asia,ECA,Europe and Central Asia (excluding high income),UMC,Upper middle income,IBD,IBRD,4,1,2023,,,,,,,,,,,,,.28319249,1,.29754966,1,9.685732729417495,.38653401,.63003951,.28108078,.61120123
AZE,Azerbaijan,ECS,Europe and Central Asia,ECA,Europe and Central Asia (excluding high income),UMC,Upper middle income,IBD,IBRD,8,-9,2023,.68020302,.12690355,.005076142,.35025382,.56345177,.05076142,.30456853,.015228426,.005076142,.37563452,.52284265,.05076142,.33654782,.34151679,.31458753,.31583834,9.995681106744941,.34877393,.5254488,.20167764,.50752217
AZE,Azerbaijan,ECS,Europe and Central Asia,ECA,Europe and Central Asia (excluding high income),UMC,Upper middle income,IBD,IBRD,8,0,2023,,,,,,,,,,,,,.35482365,.35866052,.33230957,.3334415,10.26243075266249,.31975102,.50827557,.17617698,.49148291
AZE,Azerbaijan,ECS,Europe and Central Asia,ECA,Europe and Central Asia (excluding high income),UMC,Upper middle income,IBD,IBRD,8,1,2023,,,,,,,,,,,,,.31929219,.32533002,.29785478,.29921779,9.719212434309021,.37563232,.54134125,.22527644,.52236515
BFL,,,,,,,,,,4,-9,2019,.59183675,.22448979,.0068027209,.23129252,.6122449,.095238097,.013605442,0,0,.25170067,.59183675,.088435374,.23979171,1,.14435437,1,9.473641299993277,.38848329,.56250167,.064972535,.54660565
BFL,,,,,,,,,,4,0,2019,,,,,,,,,,,,,.24056531,1,.14700277,1,9.645535408902953,.32517344,.49954501,.061150111,.48159215
BFL,,,,,,,,,,4,1,2019,,,,,,,,,,,,,.2389853,1,.14159368,1,9.29410703415407,.45436165,.62801254,.068950035,.6142568
BGR,Bulgaria,ECS,Europe and Central Asia,ECA,Europe and Central Asia (excluding high income),UMC,Upper middle income,IBD,IBRD,4,-9,2019,.41059601,.092715234,0,.2781457,.46357617,.18543047,.092715234,0,0,.31125829,.43046358,.18543047,.13712585,1,.0453895,1,9.801514848246208,.26933992,.56818283,.1092097,.55923718
BGR,Bulgaria,ECS,Europe and Central Asia,ECA,Europe and Central Asia (excluding high income),UMC,Upper middle income,IBD,IBRD,4,0,2019,,,,,,,,,,,,,.13106933,1,.043250144,1,10.0477943220185,.21271339,.51048505,.091378897,.50161248
BGR,Bulgaria,ECS,Europe and Central Asia,ECA,Europe and Central Asia (excluding high income),UMC,Upper middle income,IBD,IBRD,4,1,2019,,,,,,,,,,,,,.14276408,1,.047381107,1,9.570575343502037,.32197624,.62181491,.12578405,.61280137
BGR,Bulgaria,ECS,Europe and Central Asia,ECA,Europe and Central Asia (excluding high income),UMC,Upper middle income,IBD,IBRD,4,-9,2023,.47058824,.09150327,.045751635,.1503268,.49019608,.28104576,.17647059,.013071896,.0065359478,.16993465,.48366013,.26143792,.16656826,1,.087522514,1,9.931663869988419,.3156558,.60383213,.16695818,.59337884
BGR,Bulgaria,ECS,Europe and Central Asia,ECA,Europe and Central Asia (excluding high income),UMC,Upper middle income,IBD,IBRD,4,0,2023,,,,,,,,,,,,,.16034798,1,.093890853,1,10.08157385527418,.28023931,.57446235,.14866814,.56379026
BGR,Bulgaria,ECS,Europe and Central Asia,ECA,Europe and Central Asia (excluding high income),UMC,Upper middle income,IBD,IBRD,4,1,2023,,,,,,,,,,,,,.17181224,1,.082153745,1,9.798787641211176,.34713209,.62993449,.1832134,.61967558
BHR,Bahrain,MEA,Middle East and North Africa,,,HIC,High income,LNX,Not classified,4,-9,2019,.47567567,.36216217,.027027028,.12432432,.49189189,.35135135,.23243243,.048648648,.0054054055,.15135135,.48108107,.33513513,.084345713,1,.060222145,1,9.277213052317189,.44423446,.66157067,.20973782,.64672565
BHR,Bahrain,MEA,Middle East and North Africa,,,HIC,High income,LNX,Not classified,4,0,2019,,,,,,,,,,,,,.036226686,1,.031922527,1,9.712208533249617,.36234421,.58912021,.14756311,.57283747
BHR,Bahrain,MEA,Middle East and North Africa,,,HIC,High income,LNX,Not classified,4,1,2019,,,,,,,,,,,,,.12945528,1,.086751848,1,8.858884725269251,.52173358,.73013622,.26857859,.7166518
BHR,Bahrain,MEA,Middle East and North Africa,,,HIC,High income,LNX,Not classified,8,-9,2019,.5,.26785713,0,.2767857,.625,.071428575,.20535715,0,0,.26785713,.65178573,.035714287,.084366813,.10165939,.08401747,.066724889,9.578215060048647,.38385975,.55393195,.17116298,.5399285
BHR,Bahrain,MEA,Middle East and North Africa,,,HIC,High income,LNX,Not classified,8,0,2019,,,,,,,,,,,,,.062893085,.065852754,.059193488,.056233816,9.985088403785051,.28604198,.46363741,.13762683,.44839054
BHR,Bahrain,MEA,Middle East and North Africa,,,HIC,High income,LNX,Not classified,8,1,2019,,,,,,,,,,,,,.10357379,.1336863,.10622104,.076108538,9.181945426308555,.47795284,.64078826,.20342214,.62798083
BHR,Bahrain,MEA,Middle East and North Africa,,,HIC,High income,LNX,Not classified,4,-9,2023,.43315509,.39037433,.053475935,.17647059,.47058824,.31016043,.39037433,.10160428,.010695187,.19251336,.48663101,.27807486,.11297148,1,.079668812,1,9.414953040581585,.47579482,.64131683,.26852509,.62719101
BHR,Bahrain,MEA,Middle East and North Africa,,,HIC,High income,LNX,Not classified,4,0,2023,,,,,,,,,,,,,.08629062,1,.060889054,1,10.00295325822515,.36289907,.53921521,.1938006,.52684736
BHR,Bahrain,MEA,Middle East and North Africa,,,HIC,High income,LNX,Not classified,4,1,2023,,,,,,,,,,,,,.13886875,1,.09789703,1,8.867133926388771,.5795325,.73513609,.33718801,.7193948
BHR,Bahrain,MEA,Middle East and North Africa,,,HIC,High income,LNX,Not classified,8,-9,2023,.58974361,.23931624,.008547009,.26495728,.64957267,.07692308,.31623933,0,0,.2905983,.63247865,.05982906,.1000387,.1000387,.054566562,.054566562,9.724241804905736,.41186726,.58146882,.21280034,.57258838
BHR,Bahrain,MEA,Middle East and North Africa,,,HIC,High income,LNX,Not classified,8,0,2023,,,,,,,,,,,,,.06135717,.06135717,.0292564,.0292564,10.16921540601563,.35220119,.53871673,.16089864,.53021657
BHR,Bahrain,MEA,Middle East and North Africa,,,HIC,High income,LNX,Not classified,8,1,2023,,,,,,,,,,,,,.13520503,.13520503,.077576652,.077576652,9.261020603473717,.47031096,.62334508,.26363871,.61409211
BIH,Bosnia and Herzegovina,ECS,Europe and Central Asia,ECA,Europe and Central Asia (excluding high income),UMC,Upper middle income,IBD,IBRD,4,-9,2019,.23595506,.011235955,0,.71348315,.14044943,.011235955,.033707865,0,0,.69101125,.14044943,0,.23292112,1,.1578574,1,10.82367501648631,.18276925,.37182343,.082148351,.3600904
BIH,Bosnia and Herzegovina,ECS,Europe and Central Asia,ECA,Europe and Central Asia (excluding high income),UMC,Upper middle income,IBD,IBRD,4,0,2019,,,,,,,,,,,,,.23738715,1,.16065432,1,11.10763808758632,.13960049,.30922765,.068346336,.29947028
BIH,Bosnia and Herzegovina,ECS,Europe and Central Asia,ECA,Europe and Central Asia (excluding high income),UMC,Upper middle income,IBD,IBRD,4,1,2019,,,,,,,,,,,,,.22857319,1,.15513442,1,10.54961799167323,.22396739,.43156177,.095320314,.41794324
BIH,Bosnia and Herzegovina,ECS,Europe and Central Asia,ECA,Europe and Central Asia (excluding high income),UMC,Upper middle income,IBD,IBRD,4,-9,2023,.61666667,.050000001,0,.46666667,.45833334,.033333335,.27500001,.025,0,.47499999,.44166666,.033333335,.41856959,1,.3889699,1,10.05395822138797,.30185598,.48946902,.20320873,.48032296
BIH,Bosnia and Herzegovina,ECS,Europe and Central Asia,ECA,Europe and Central Asia (excluding high income),UMC,Upper middle income,IBD,IBRD,4,0,2023,,,,,,,,,,,,,.4123002,1,.38437,1,10.3253206032099,.26807076,.45616207,.183219,.44568536
BIH,Bosnia and Herzegovina,ECS,Europe and Central Asia,ECA,Europe and Central Asia (excluding high income),UMC,Upper middle income,IBD,IBRD,4,1,2023,,,,,,,,,,,,,.42489299,1,.3936094,1,9.764559816468562,.33627602,.5234018,.22357404,.51561141
BRA,Brazil,LCN,Latin America and Caribbean,LAC,Latin America and Caribbean (excluding high income),UMC,Upper middle income,IBD,IBRD,4,-9,2023,.6231156,.18844222,.010050251,.19346733,.60678393,.16708542,.43090454,.022613065,.0012562814,.23241206,.59798998,.13065326,.19990414,1,.072834596,1,9.668822216238013,.35454315,.56928182,.22091748,.54430723
BRA,Brazil,LCN,Latin America and Caribbean,LAC,Latin America and Caribbean (excluding high income),UMC,Upper middle income,IBD,IBRD,4,0,2023,,,,,,,,,,,,,.20054205,1,.07558804,1,9.940922327834796,.30882934,.5298897,.18845242,.50428122
BRA,Brazil,LCN,Latin America and Caribbean,LAC,Latin America and Caribbean (excluding high income),UMC,Upper middle income,IBD,IBRD,4,1,2023,,,,,,,,,,,,,.19926643,1,.070082039,1,9.391937212859286,.40037072,.60877198,.25346333,.58443284
BRA,Brazil,LCN,Latin America and Caribbean,LAC,Latin America and Caribbean (excluding high income),UMC,Upper middle income,IBD,IBRD,8,-9,2023,.27679622,.58539456,.11307421,.043580685,.52296817,.42520612,.49469966,.036513545,.0035335689,.053003535,.5465253,.39104828,.32664368,.33758128,.17273834,.12713915,9.179954392784941,.55343819,.71062934,.2472875,.70063138
BRA,Brazil,LCN,Latin America and Caribbean,LAC,Latin America and Caribbean (excluding high income),UMC,Upper middle income,IBD,IBRD,8,0,2023,,,,,,,,,,,,,.32630035,.33765629,.16855621,.12229307,9.249393141474274,.54634476,.70947689,.23403043,.7007004
BRA,Brazil,LCN,Latin America and Caribbean,LAC,Latin America and Caribbean (excluding high income),UMC,Upper middle income,IBD,IBRD,8,1,2023,,,,,,,,,,,,,.32697797,.33750823,.17681044,.13185769,9.107715720249827,.56051183,.71177864,.26050755,.70056248
CAN,Canada,NAC,North America,,,HIC,High income,LNX,Not classified,4,-9,2019,.50284094,.11789773,.012784091,.30965909,.49005681,.10653409,.04971591,.0014204546,0,.33238637,.46590909,.09375,.2026335,1,.093495585,1,9.575742841280201,.30473322,.51111424,.074707001,.49693102
CAN,Canada,NAC,North America,,,HIC,High income,LNX,Not classified,4,0,2019,,,,,,,,,,,,,.21480662,1,.099079214,1,9.737384111209941,.26417023,.46376002,.062565148,.44755223
CAN,Canada,NAC,North America,,,HIC,High income,LNX,Not classified,4,1,2019,,,,,,,,,,,,,.19091834,1,.088122018,1,9.421646122482029,.34344655,.55630916,.086295202,.54405814
CAN,Canada,NAC,North America,,,HIC,High income,LNX,Not classified,4,-9,2023,.5978756,.17754173,.015174507,.26707131,.57663125,.10925645,.12443095,.0045523522,0,.30500758,.5508346,.094081946,.26146385,1,.15652041,1,9.775680285551687,.35234186,.5484277,.11765142,.53390902
CAN,Canada,NAC,North America,,,HIC,High income,LNX,Not classified,4,0,2023,,,,,,,,,,,,,.26300085,1,.15851866,1,9.935847511214345,.31607518,.51388007,.10632968,.49600345
CAN,Canada,NAC,North America,,,HIC,High income,LNX,Not classified,4,1,2023,,,,,,,,,,,,,.25988692,1,.15447026,1,9.60563532574065,.38978329,.58409435,.12933987,.57304239
CHL,Chile,LCN,Latin America and Caribbean,,,HIC,High income,IBD,IBRD,4,-9,2019,.57396448,.071005918,0,.3372781,.52071005,.10059172,.065088756,.01183432,0,.36094674,.5029586,.094674557,.19619791,1,.09697336,1,9.838923195570837,.30129203,.53972828,.11008079,.53089827
CHL,Chile,LCN,Latin America and Caribbean,,,HIC,High income,IBD,IBRD,4,0,2019,,,,,,,,,,,,,.19648738,1,.089684278,1,10.05630008341035,.2654039,.50805801,.079661541,.50122982
CHL,Chile,LCN,Latin America and Caribbean,,,HIC,High income,IBD,IBRD,4,1,2019,,,,,,,,,,,,,.19591692,1,.10404914,1,9.623892458508745,.33655673,.57084841,.13997158,.56005132
CHL,Chile,LCN,Latin America and Caribbean,,,HIC,High income,IBD,IBRD,8,-9,2019,.39634147,.048780486,0,.5,.36585367,.036585364,.036585364,0,0,.52439022,.33536586,.030487806,.2951566,.30762404,.13358434,.11258318,9.863974778694557,.24298285,.4620316,.094893441,.45022067
CHL,Chile,LCN,Latin America and Caribbean,,,HIC,High income,IBD,IBRD,8,0,2019,,,,,,,,,,,,,.30129683,.31340933,.12729973,.1059461,9.863919261188098,.20287412,.44250098,.10112196,.42802224
CHL,Chile,LCN,Latin America and Caribbean,,,HIC,High income,IBD,IBRD,8,1,2019,,,,,,,,,,,,,.28951585,.30230936,.13935772,.11868036,9.864028316165802,.28137204,.48072493,.08893194,.47146744
CHL,Chile,LCN,Latin America and Caribbean,,,HIC,High income,IBD,IBRD,4,-9,2023,.62359548,.11797753,.0056179776,.32584271,.60674155,.056179777,.18539326,.0056179776,0,.33146068,.6179775,.039325844,.33658361,1,.2715106,1,9.80987328066276,.32625112,.55146885,.17213069,.54279858
CHL,Chile,LCN,Latin America and Caribbean,,,HIC,High income,IBD,IBRD,4,0,2023,,,,,,,,,,,,,.31758252,1,.26113588,1,9.958946914824253,.28226808,.53334326,.15232818,.52435994
CHL,Chile,LCN,Latin America and Caribbean,,,HIC,High income,IBD,IBRD,4,1,2023,,,,,,,,,,,,,.35309926,1,.28052825,1,9.673683388895284,.36564645,.56770384,.18986768,.55931395
CHL,Chile,LCN,Latin America and Caribbean,,,HIC,High income,IBD,IBRD,8,-9,2023,.53571427,.3392857,.011904762,.13095239,.68452382,.17857143,.26785713,0,0,.14880952,.6785714,.16071428,.36753079,.38059276,.28509039,.25500074,9.570372325198102,.43590224,.62746924,.18670292,.61887962
CHL,Chile,LCN,Latin America and Caribbean,,,HIC,High income,IBD,IBRD,8,0,2023,,,,,,,,,,,,,.36749068,.37984598,.28594545,.25700539,9.531998006216684,.4340018,.64159936,.17644179,.63170731
CHL,Chile,LCN,Latin America and Caribbean,,,HIC,High income,IBD,IBRD,8,1,2023,,,,,,,,,,,,,.36756882,.38130111,.28427935,.25309929,9.607969643884157,.43773994,.61380565,.19662529,.60647541
CIV,Cote d'Ivoire,SSF,Sub-Saharan Africa,SSA,Sub-Saharan Africa (excluding high income),LMC,Lower middle income,IDX,IDA,8,-9,2023,.084415585,.5,.39610389,.032467533,.3116883,.63636363,.39610389,.058441557,0,.032467533,.38311687,.56493509,.44507205,.49615231,.36013082,.28082162,9.445138968304283,.68449229,.76723373,.2617428,.7495386
CIV,Cote d'Ivoire,SSF,Sub-Saharan Africa,SSA,Sub-Saharan Africa (excluding high income),LMC,Lower middle income,IDX,IDA,8,0,2023,,,,,,,,,,,,,.4181312,.46821985,.34352025,.26735532,9.45738330790943,.68873554,.76709414,.24090226,.74961668
CIV,Cote d'Ivoire,SSF,Sub-Saharan Africa,SSA,Sub-Saharan Africa (excluding high income),LMC,Lower middle income,IDX,IDA,8,1,2023,,,,,,,,,,,,,.47246292,.52455139,.37701887,.2945129,9.433139031804251,.68033379,.76737052,.28216702,.74946207
CYP,Cyprus,ECS,Europe and Central Asia,,,HIC,High income,LNX,Not classified,4,-9,2019,.49006623,.12582782,.0066225166,.45033112,.41059601,.10596026,.066225164,.013245033,0,.49006623,.36423841,.079470202,.26438844,1,.078333892,1,10.00236683659767,.29624444,.48436472,.10085385,.45921558
CYP,Cyprus,ECS,Europe and Central Asia,,,HIC,High income,LNX,Not classified,4,0,2019,,,,,,,,,,,,,.26581722,1,.077370755,1,10.20602482630193,.25744858,.43236667,.088764109,.40454197
CYP,Cyprus,ECS,Europe and Central Asia,,,HIC,High income,LNX,Not classified,4,1,2019,,,,,,,,,,,,,.26282647,1,.079386786,1,9.779585706636915,.33857891,.54110557,.11404632,.51887608
CYP,Cyprus,ECS,Europe and Central Asia,,,HIC,High income,LNX,Not classified,8,-9,2019,.33673468,.010204081,0,.64285713,.29591838,.020408163,.040816326,0,0,.66326529,.27551019,.020408163,.34336835,.34649247,.23232037,.19596705,10.0815284837591,.20331998,.41878235,.088713631,.40447211
CYP,Cyprus,ECS,Europe and Central Asia,,,HIC,High income,LNX,Not classified,8,0,2019,,,,,,,,,,,,,.33525014,.33697528,.2305923,.19493961,10.19420588183434,.13489984,.38425812,.073178828,.37058622
CYP,Cyprus,ECS,Europe and Central Asia,,,HIC,High income,LNX,Not classified,8,1,2019,,,,,,,,,,,,,.35129067,.35578004,.23400673,.1969697,9.971503693197768,.27000204,.45242956,.1038538,.4374972
CYP,Cyprus,ECS,Europe and Central Asia,,,HIC,High income,LNX,Not classified,4,-9,2023,.63513511,.1891892,.013513514,.28378379,.58783782,.10810811,.24324325,.020270269,0,.3581081,.52702701,.087837838,.17858024,1,.035086419,1,9.974452439082922,.3793309,.56188029,.19437541,.54187614
CYP,Cyprus,ECS,Europe and Central Asia,,,HIC,High income,LNX,Not classified,4,0,2023,,,,,,,,,,,,,.16409209,1,.031830013,1,10.1546134793725,.34576401,.52139997,.18626907,.49757665
CYP,Cyprus,ECS,Europe and Central Asia,,,HIC,High income,LNX,Not classified,4,1,2023,,,,,,,,,,,,,.19252518,1,.038220733,1,9.800193601055064,.41152084,.60070008,.20214921,.58435833
CYP,Cyprus,ECS,Europe and Central Asia,,,HIC,High income,LNX,Not classified,8,-9,2023,.66666669,.0625,0,.375,.59375,.03125,.29166666,0,0,.45833334,.51041669,.03125,.32665926,.32665926,.14460512,.084816463,9.910943201886116,.29682595,.51487046,.20341077,.49876645
CYP,Cyprus,ECS,Europe and Central Asia,,,HIC,High income,LNX,Not classified,8,0,2023,,,,,,,,,,,,,.34168479,.34168479,.15594077,.088567622,9.960807090711699,.27181908,.51824981,.19467133,.50292271
CYP,Cyprus,ECS,Europe and Central Asia,,,HIC,High income,LNX,Not classified,8,1,2023,,,,,,,,,,,,,.31191313,.31191313,.13348027,.081135064,9.859090019876399,.32132098,.51156026,.21197136,.49469522
CZE,Czech Republic,ECS,Europe and Central Asia,,,HIC,High income,LNX,Not classified,4,-9,2019,.4868421,.019736841,0,.44078946,.46710527,.013157895,.046052631,0,0,.46710527,.42763159,.013157895,.11719986,1,.019139972,1,10.15979816167694,.25343016,.47008064,.087606132,.46056914
CZE,Czech Republic,ECS,Europe and Central Asia,,,HIC,High income,LNX,Not classified,4,0,2019,,,,,,,,,,,,,.11920787,1,.019288452,1,10.27303516438295,.22418579,.44925335,.08634527,.44023731
CZE,Czech Republic,ECS,Europe and Central Asia,,,HIC,High income,LNX,Not classified,4,1,2019,,,,,,,,,,,,,.11530434,1,.018999811,1,10.05273177417544,.28114477,.48981845,.088801034,.47983739
CZE,Czech Republic,ECS,Europe and Central Asia,,,HIC,High income,LNX,Not classified,4,-9,2023,.70769233,.07692308,.015384615,.27692309,.61538464,.087179489,.12820514,.0051282053,0,.31794873,.574359,.082051285,.14536662,1,.029197624,1,10.21539249065821,.34289652,.55763972,.1569961,.54104125
CZE,Czech Republic,ECS,Europe and Central Asia,,,HIC,High income,LNX,Not classified,4,0,2023,,,,,,,,,,,,,.14336534,1,.026970979,1,10.31922229869802,.31920302,.53329796,.15269546,.52057594
CZE,Czech Republic,ECS,Europe and Central Asia,,,HIC,High income,LNX,Not classified,4,1,2023,,,,,,,,,,,,,.14733179,1,.031384084,1,10.11334929584232,.36595103,.58132505,.16118075,.56095469
CZE,Czech Republic,ECS,Europe and Central Asia,,,HIC,High income,LNX,Not classified,8,-9,2023,.57619047,.028571429,0,.34761906,.59523809,.047619049,.18095239,0,0,.3952381,.54761904,.033333335,.17376985,.17376985,.044264171,.039979108,10.0496660739572,.28580731,.54444593,.16612278,.52259523
CZE,Czech Republic,ECS,Europe and Central Asia,,,HIC,High income,LNX,Not classified,8,0,2023,,,,,,,,,,,,,.17207351,.17207351,.042757623,.037739336,9.972661752551053,.24408466,.55802959,.18154192,.54006779
CZE,Czech Republic,ECS,Europe and Central Asia,,,HIC,High income,LNX,Not classified,8,1,2023,,,,,,,,,,,,,.17535082,.17535082,.045668256,.042066552,10.12277960909891,.32491007,.53171521,.15167186,.50621974
DEU,Germany,ECS,Europe and Central Asia,,,HIC,High income,LNX,Not classified,4,-9,2019,.4187192,.08374384,0,.49261084,.36453202,.054187194,.024630541,0,0,.50738919,.34975371,.049261082,.39540622,1,.10944028,1,9.835837119259406,.25665045,.45999429,.062863432,.45137945
DEU,Germany,ECS,Europe and Central Asia,,,HIC,High income,LNX,Not classified,4,0,2019,,,,,,,,,,,,,.39914212,1,.1095821,1,10.0581096767485,.20767717,.42193171,.050560031,.41002169
DEU,Germany,ECS,Europe and Central Asia,,,HIC,High income,LNX,Not classified,4,1,2019,,,,,,,,,,,,,.39174283,1,.10930122,1,9.607660763218618,.3049686,.49754769,.075002261,.49218395
DEU,Germany,ECS,Europe and Central Asia,,,HIC,High income,LNX,Not classified,4,-9,2023,.59565216,.26956522,.0086956518,.22173913,.55217391,.20434782,.15217391,.0043478259,0,.23913044,.54347825,.19130434,.46908051,1,.20421071,1,9.684200472203489,.39399743,.60062832,.14194803,.59326738
DEU,Germany,ECS,Europe and Central Asia,,,HIC,High income,LNX,Not classified,4,0,2023,,,,,,,,,,,,,.44041309,1,.19125916,1,9.954406456277281,.32506898,.53722966,.12093913,.52896708
DEU,Germany,ECS,Europe and Central Asia,,,HIC,High income,LNX,Not classified,4,1,2023,,,,,,,,,,,,,.49717534,1,.21690357,1,9.42402683193483,.46009982,.66142762,.16209555,.65493137
DNK,Denmark,ECS,Europe and Central Asia,,,HIC,High income,LNX,Not classified,4,-9,2019,.55421686,.078313254,0,.38554215,.46987951,.024096385,.018072288,0,0,.42168674,.43373495,.018072288,.31791979,1,.21081677,1,9.745929864553899,.29896683,.46444634,.073511988,.44455296
DNK,Denmark,ECS,Europe and Central Asia,,,HIC,High income,LNX,Not classified,4,0,2019,,,,,,,,,,,,,.30133769,1,.19372964,1,9.810607794887767,.26409569,.44173115,.089988284,.41827863
DNK,Denmark,ECS,Europe and Central Asia,,,HIC,High income,LNX,Not classified,4,1,2019,,,,,,,,,,,,,.33413407,1,.22752488,1,9.680681707149782,.33368376,.48706108,.057108559,.47071105
DNK,Denmark,ECS,Europe and Central Asia,,,HIC,High income,LNX,Not classified,4,-9,2023,.71518987,.12025317,0,.27215189,.64556962,.069620252,.094936706,0,.0063291141,.37974682,.56329113,.044303797,.26278767,1,.11649358,1,9.744891346780795,.35710743,.55605996,.14479698,.53362471
DNK,Denmark,ECS,Europe and Central Asia,,,HIC,High income,LNX,Not classified,4,0,2023,,,,,,,,,,,,,.26635903,1,.11780589,1,9.747978958344161,.33363917,.55674928,.16736153,.52613181
DNK,Denmark,ECS,Europe and Central Asia,,,HIC,High income,LNX,Not classified,4,1,2023,,,,,,,,,,,,,.259067,1,.11512639,1,9.741661760458312,.38138965,.55534673,.12144983,.54137748
EGY,"Egypt, Arab Rep",MEA,Middle East and North Africa,MNA,Middle East and North Africa (excluding high income),LMC,Lower middle income,IBD,IBRD,8,-9,2019,.56213015,.17751479,0,.26035503,.57988167,.13017751,.37278107,.023668639,0,.30177516,.5443787,.12426036,.45261407,.50960445,.40386638,.32851359,9.707578343882229,.36148247,.5786646,.21594523,.56293905
EGY,"Egypt, Arab Rep",MEA,Middle East and North Africa,MNA,Middle East and North Africa (excluding high income),LMC,Lower middle income,IBD,IBRD,8,0,2019,,,,,,,,,,,,,.49414659,.53080815,.42331329,.34775239,10.1845545213883,.28406388,.5127002,.15018645,.49757677
EGY,"Egypt, Arab Rep",MEA,Middle East and North Africa,MNA,Middle East and North Africa (excluding high income),LMC,Lower middle income,IBD,IBRD,8,1,2019,,,,,,,,,,,,,.40273243,.48413828,.38051012,.30540729,9.116791448892748,.45584995,.65907025,.29610029,.64261079
ENG,,,,,,,,,,4,-9,2019,.51079136,.057553958,0,.42446044,.43884891,.035971224,.050359711,0,0,.47482014,.38848922,.028776979,.56252813,1,.49707398,1,9.79865913408636,.26589206,.45999375,.092268787,.44492283
ENG,,,,,,,,,,4,0,2019,,,,,,,,,,,,,.56610996,1,.49925059,1,9.908034837236114,.2080418,.43408766,.087579638,.42016777
ENG,,,,,,,,,,4,1,2019,,,,,,,,,,,,,.55904686,1,.49495852,1,9.687509042021558,.32341701,.48575413,.096931569,.46953872
ENG,,,,,,,,,,8,-9,2019,.38235295,.014705882,0,.55882353,.33823529,.014705882,.13970588,0,0,.6102941,.29411766,.0073529412,.43320623,.44747064,.34109125,.32607687,9.754582210952053,.21487452,.43727365,.13788857,.41856867
ENG,,,,,,,,,,8,0,2019,,,,,,,,,,,,,.42481413,.4380714,.33314446,.31953278,9.673950610261544,.17630413,.44627559,.16240373,.42543799
ENG,,,,,,,,,,8,1,2019,,,,,,,,,,,,,.4424229,.45779341,.34981883,.33326396,9.847021353599899,.25834289,.42712855,.11026026,.41082701
ESP,Spain,ECS,Europe and Central Asia,,,HIC,High income,LNX,Not classified,4,-9,2019,.51097804,.067864269,.0059880242,.43512973,.44311377,.067864269,.039920159,.001996008,0,.4730539,.40119761,.059880238,.14473884,1,.05778645,1,9.924976553317903,.29076672,.50794381,.080859423,.49153528
ESP,Spain,ECS,Europe and Central Asia,,,HIC,High income,LNX,Not classified,4,0,2019,,,,,,,,,,,,,.15498763,1,.067764178,1,10.11365314656062,.2487594,.46066096,.063183263,.44770998
ESP,Spain,ECS,Europe and Central Asia,,,HIC,High income,LNX,Not classified,4,1,2019,,,,,,,,,,,,,.13601069,1,.04928913,1,9.756334487653236,.32797047,.54981977,.096514292,.53034914
ESP,Spain,ECS,Europe and Central Asia,,,HIC,High income,LNX,Not classified,4,-9,2023,.5648855,.19274808,.013358778,.23282443,.58396947,.15076336,.14122137,.005725191,.0038167939,.28053436,.56297708,.11450382,.17507225,1,.10027177,1,9.924981725573925,.37531945,.58209884,.13123178,.55712742
ESP,Spain,ECS,Europe and Central Asia,,,HIC,High income,LNX,Not classified,4,0,2023,,,,,,,,,,,,,.16973458,1,.099265181,1,10.08945341423763,.33639526,.54252595,.1105818,.51576227
ESP,Spain,ECS,Europe and Central Asia,,,HIC,High income,LNX,Not classified,4,1,2023,,,,,,,,,,,,,.18023607,1,.10124557,1,9.762328245075516,.41347077,.62088597,.15147173,.59767121
FIN,Finland,ECS,Europe and Central Asia,,,HIC,High income,LNX,Not classified,4,-9,2019,.037974682,0,0,.57594937,.075949363,0,0,0,0,.55063289,.075949363,0,.14809945,1,.028481558,1,10.68726382653754,.12170742,.29751959,.047654998,.29201517
FIN,Finland,ECS,Europe and Central Asia,,,HIC,High income,LNX,Not classified,4,0,2019,,,,,,,,,,,,,.15858337,1,.030162968,1,10.81303372886585,.089234933,.2701903,.053504027,.26456472
FIN,Finland,ECS,Europe and Central Asia,,,HIC,High income,LNX,Not classified,4,1,2019,,,,,,,,,,,,,.13840209,1,.026926296,1,10.56763778652723,.15239877,.32334986,.042126793,.3179599
FIN,Finland,ECS,Europe and Central Asia,,,HIC,High income,LNX,Not classified,8,-9,2019,.012987013,0,0,.51298702,.025974026,0,.019480519,0,0,.49350649,.025974026,0,.16711438,.17262009,.045486733,.0035203081,10.81251413703904,.083817199,.26155773,.066041559,.25053543
FIN,Finland,ECS,Europe and Central Asia,,,HIC,High income,LNX,Not classified,8,0,2019,,,,,,,,,,,,,.17621565,.1830533,.047442954,.0039744875,10.7181584687804,.066742092,.25977883,.075157389,.24500602
FIN,Finland,ECS,Europe and Central Asia,,,HIC,High income,LNX,Not classified,8,1,2019,,,,,,,,,,,,,.15860744,.1628682,.04365826,.0030957873,10.90135462257157,.099830233,.26322597,.057492726,.25572094
FIN,Finland,ECS,Europe and Central Asia,,,HIC,High income,LNX,Not classified,4,-9,2023,.24117647,0,.0058823531,.68235296,.15882353,.0058823531,.041176472,.0058823531,0,.69411767,.13529412,.0058823531,.22474855,1,.071603864,1,10.60309148221728,.18056136,.36268538,.097261615,.35162005
FIN,Finland,ECS,Europe and Central Asia,,,HIC,High income,LNX,Not classified,4,0,2023,,,,,,,,,,,,,.21803001,1,.065993324,1,10.65829626945329,.15848199,.34726223,.10978115,.3331812
FIN,Finland,ECS,Europe and Central Asia,,,HIC,High income,LNX,Not classified,4,1,2023,,,,,,,,,,,,,.23130104,1,.07707572,1,10.54855046229092,.20199351,.37765643,.08510907,.36951837
FIN,Finland,ECS,Europe and Central Asia,,,HIC,High income,LNX,Not classified,8,-9,2023,.1242236,0,0,.71428573,.11801242,.0062111802,.055900622,0,0,.72670805,.099378884,.0062111802,.21929131,.21929131,.064465843,.014747059,10.66990672053379,.14781991,.35239249,.11152465,.34463114
FIN,Finland,ECS,Europe and Central Asia,,,HIC,High income,LNX,Not classified,8,0,2023,,,,,,,,,,,,,.21916428,.21916428,.065138228,.015907789,10.57203881697254,.12807478,.39161837,.11117212,.38176188
FIN,Finland,ECS,Europe and Central Asia,,,HIC,High income,LNX,Not classified,8,1,2023,,,,,,,,,,,,,.21940877,.21940877,.063844107,.013673767,10.76692373466563,.16671361,.31485811,.11186198,.30910152
FRA,France,ECS,Europe and Central Asia,,,HIC,High income,LNX,Not classified,4,-9,2019,.26451612,.0064516128,0,.63225806,.16129032,.0064516128,.012903226,0,0,.65161288,.12903225,.0064516128,.25266936,1,.066759877,1,10.51605580976277,.19397324,.35865533,.040137079,.34883907
FRA,France,ECS,Europe and Central Asia,,,HIC,High income,LNX,Not classified,4,0,2019,,,,,,,,,,,,,.24767983,1,.069262393,1,10.64780143872955,.16349095,.32526463,.030936625,.31437647
FRA,France,ECS,Europe and Central Asia,,,HIC,High income,LNX,Not classified,4,1,2019,,,,,,,,,,,,,.25744218,1,.064366035,1,10.38841014189918,.22313301,.39059734,.048938356,.38180643
FRA,France,ECS,Europe and Central Asia,,,HIC,High income,LNX,Not classified,8,-9,2019,.46666667,.046666667,0,.49333334,.44,.02,.0066666668,0,0,.50666666,.41999999,.02,.57172573,.57523543,.23146948,.19843492,10.0599341458628,.25150436,.46906123,.04974794,.46117079
FRA,France,ECS,Europe and Central Asia,,,HIC,High income,LNX,Not classified,8,0,2019,,,,,,,,,,,,,.5736174,.57634425,.23510909,.20133838,10.02625714312149,.21264626,.44292924,.055509403,.4392511
FRA,France,ECS,Europe and Central Asia,,,HIC,High income,LNX,Not classified,8,1,2019,,,,,,,,,,,,,.56996095,.57420093,.22807397,.1957262,10.09175067584901,.28828952,.49379915,.044293825,.48192117
FRA,France,ECS,Europe and Central Asia,,,HIC,High income,LNX,Not classified,4,-9,2023,.39622641,.018867925,.006289308,.67295599,.18238993,.025157232,.025157232,0,0,.6855346,.1509434,.025157232,.32759169,1,.20461936,1,10.51369639371989,.23433203,.39858171,.085021682,.38672397
FRA,France,ECS,Europe and Central Asia,,,HIC,High income,LNX,Not classified,4,0,2023,,,,,,,,,,,,,.32172194,1,.20510301,1,10.59700828605178,.21452969,.39075118,.077978477,.37755546
FRA,France,ECS,Europe and Central Asia,,,HIC,High income,LNX,Not classified,4,1,2023,,,,,,,,,,,,,.33358577,1,.20412546,1,10.42588557053139,.2545085,.40656021,.09219797,.39606568
FRA,France,ECS,Europe and Central Asia,,,HIC,High income,LNX,Not classified,8,-9,2023,.68000001,.059999999,.0066666668,.40666667,.54000002,.053333335,.026666667,0,0,.44,.5,.053333335,.58727455,.59375948,.2256873,.10514656,10.06313693122804,.32292172,.51833558,.097651742,.50849557
FRA,France,ECS,Europe and Central Asia,,,HIC,High income,LNX,Not classified,8,0,2023,,,,,,,,,,,,,.59531933,.60098654,.22515264,.1084444,10.04412645515097,.31606323,.5293979,.092665285,.51873899
FRA,France,ECS,Europe and Central Asia,,,HIC,High income,LNX,Not classified,8,1,2023,,,,,,,,,,,,,.57930946,.58660394,.22621666,.10188139,10.08261394167881,.3296929,.5074141,.10257472,.49838248
GEO,Georgia,ECS,Europe and Central Asia,ECA,Europe and Central Asia (excluding high income),UMC,Upper middle income,IBD,IBRD,4,-9,2019,.22727273,.0064935065,0,.42207792,.26623377,.038961038,.025974026,0,0,.42857143,.25974026,.032467533,.12642726,1,.1063697,1,10.87610112508435,.16582359,.37781054,.056937501,.37321463
GEO,Georgia,ECS,Europe and Central Asia,ECA,Europe and Central Asia (excluding high income),UMC,Upper middle income,IBD,IBRD,4,0,2019,,,,,,,,,,,,,.12292127,1,.10714316,1,11.23724924157662,.11991775,.31381327,.025065016,.3121264
GEO,Georgia,ECS,Europe and Central Asia,ECA,Europe and Central Asia (excluding high income),UMC,Upper middle income,IBD,IBRD,4,1,2019,,,,,,,,,,,,,.12964645,1,.10565952,1,10.5276493511803,.21015517,.4396131,.087716967,.43220791
GEO,Georgia,ECS,Europe and Central Asia,ECA,Europe and Central Asia (excluding high income),UMC,Upper middle income,IBD,IBRD,8,-9,2019,.096551724,.0068965517,0,.50344825,.089655176,.0068965517,.055172414,.0068965517,0,.46206897,.08275862,.0068965517,.17878722,.18234794,.10912913,.095817834,11.19136134655901,.11212144,.28630248,.065978721,.27795181
GEO,Georgia,ECS,Europe and Central Asia,ECA,Europe and Central Asia (excluding high income),UMC,Upper middle income,IBD,IBRD,8,0,2019,,,,,,,,,,,,,.17463252,.17779686,.10507379,.087535322,11.09546558192548,.11051878,.30242422,.074155904,.29127112
GEO,Georgia,ECS,Europe and Central Asia,ECA,Europe and Central Asia (excluding high income),UMC,Upper middle income,IBD,IBRD,8,1,2019,,,,,,,,,,,,,.18252815,.18644579,.11278061,.10327548,11.2809511624096,.11360184,.27141058,.058425356,.26564863
GEO,Georgia,ECS,Europe and Central Asia,ECA,Europe and Central Asia (excluding high income),UMC,Upper middle income,IBD,IBRD,4,-9,2023,.3974359,.051282052,.0064102565,.54487181,.29487181,.032051284,.089743592,0,0,.57051283,.26282051,.032051284,.10648719,1,.062453642,1,10.71402859223563,.24225722,.42828733,.13532893,.41797709
GEO,Georgia,ECS,Europe and Central Asia,ECA,Europe and Central Asia (excluding high income),UMC,Upper middle income,IBD,IBRD,4,0,2023,,,,,,,,,,,,,.11301405,1,.066463128,1,10.94644574929336,.21234943,.38745114,.11302685,.37991029
GEO,Georgia,ECS,Europe and Central Asia,ECA,Europe and Central Asia (excluding high income),UMC,Upper middle income,IBD,IBRD,4,1,2023,,,,,,,,,,,,,.09999834,1,.058467504,1,10.47070495648099,.27251542,.46960196,.15789232,.45648989
GEO,Georgia,ECS,Europe and Central Asia,ECA,Europe and Central Asia (excluding high income),UMC,Upper middle income,IBD,IBRD,8,-9,2023,.25,.01923077,0,.61538464,.10897436,.01923077,.032051284,0,0,.55769229,.11538462,.012820513,.12540741,.12540741,.077268772,.077268772,11.07750612215038,.18655533,.32355803,.092626482,.31101003
GEO,Georgia,ECS,Europe and Central Asia,ECA,Europe and Central Asia (excluding high income),UMC,Upper middle income,IBD,IBRD,8,0,2023,,,,,,,,,,,,,.12134557,.12134557,.077912569,.077912569,11.18296845734807,.16308394,.31427127,.06863901,.29999787
GEO,Georgia,ECS,Europe and Central Asia,ECA,Europe and Central Asia (excluding high income),UMC,Upper middle income,IBD,IBRD,8,1,2023,,,,,,,,,,,,,.1294031,.1294031,.076635458,.076635458,10.96749739071181,.20953491,.33265021,.11611132,.32179147
HKG,"Hong Kong SAR, China",EAS,East Asia and Pacific,,,HIC,High income,LNX,Not classified,4,-9,2019,.45323741,.035971224,0,.33093524,.56834531,.086330935,.0071942448,0,0,.37410071,.54676259,.064748198,.063433155,1,.013882822,1,9.914109925042517,.2643767,.54429418,.072134592,.53097385
HKG,"Hong Kong SAR, China",EAS,East Asia and Pacific,,,HIC,High income,LNX,Not classified,4,0,2019,,,,,,,,,,,,,.054823879,1,.014771508,1,10.24279611434791,.19367544,.47625828,.050785869,.45979956
HKG,"Hong Kong SAR, China",EAS,East Asia and Pacific,,,HIC,High income,LNX,Not classified,4,1,2019,,,,,,,,,,,,,.070944168,1,.013107505,1,9.632401346143608,.32481772,.60245669,.090385169,.59181923
HKG,"Hong Kong SAR, China",EAS,East Asia and Pacific,,,HIC,High income,LNX,Not classified,8,-9,2019,.40441176,.022058824,0,.47058824,.46323529,.022058824,.19117647,0,0,.49264705,.44117647,.014705882,.049689505,.055037122,.0049785413,.010326159,9.881769396033734,.22842439,.48552048,.15408635,.46625167
HKG,"Hong Kong SAR, China",EAS,East Asia and Pacific,,,HIC,High income,LNX,Not classified,8,0,2019,,,,,,,,,,,,,.062193163,.065991439,.00074651634,.0045447918,10.22785428034054,.13615471,.43173733,.12101804,.40294668
HKG,"Hong Kong SAR, China",EAS,East Asia and Pacific,,,HIC,High income,LNX,Not classified,8,1,2019,,,,,,,,,,,,,.039680187,.046268072,.008366324,.014954207,9.58476544382985,.30802533,.53191918,.18261436,.52086484
HKG,"Hong Kong SAR, China",EAS,East Asia and Pacific,,,HIC,High income,LNX,Not classified,4,-9,2023,.43165466,.01438849,0,.40287769,.54676259,.0071942448,.093525179,0,0,.45323741,.48920864,.0071942448,.31528232,1,.30633339,1,10.35931219360042,.24383584,.49460986,.11315452,.485834
HKG,"Hong Kong SAR, China",EAS,East Asia and Pacific,,,HIC,High income,LNX,Not classified,4,0,2023,,,,,,,,,,,,,.31372249,1,.30424821,1,10.61230373702947,.21292,.43054441,.09172184,.42129743
HKG,"Hong Kong SAR, China",EAS,East Asia and Pacific,,,HIC,High income,LNX,Not classified,4,1,2023,,,,,,,,,,,,,.31677952,1,.30833492,1,10.11585132245692,.27332678,.55572259,.1335994,.54739612
HKG,"Hong Kong SAR, China",EAS,East Asia and Pacific,,,HIC,High income,LNX,Not classified,8,-9,2023,.37037036,.037037037,0,.5925926,.33333334,.014814815,.25925925,.014814815,0,.64444447,.26666668,.014814815,.41536614,.41536614,.37392446,.37392446,10.33504579632185,.22811083,.44498855,.19523136,.42335534
HKG,"Hong Kong SAR, China",EAS,East Asia and Pacific,,,HIC,High income,LNX,Not classified,8,0,2023,,,,,,,,,,,,,.36928177,.36928177,.33570227,.33570227,10.49237643000179,.18761258,.40476432,.17587146,.38393304
HKG,"Hong Kong SAR, China",EAS,East Asia and Pacific,,,HIC,High income,LNX,Not classified,8,1,2023,,,,,,,,,,,,,.45935598,.45935598,.41040942,.41040942,10.18227071662587,.26668519,.48330188,.21367154,.46090484
HRV,Croatia,ECS,Europe and Central Asia,,,HIC,High income,IBD,IBRD,4,-9,2019,.16993465,.019607844,.0065359478,.65359479,.20915033,.019607844,.03267974,0,0,.6405229,.18954249,.019607844,.11063765,1,.040276982,1,10.44958875377433,.17747135,.39499018,.079240628,.38366705
HRV,Croatia,ECS,Europe and Central Asia,,,HIC,High income,IBD,IBRD,4,0,2019,,,,,,,,,,,,,.10043958,1,.03102804,1,10.66455303468164,.1277709,.35992303,.066796862,.34948301
HRV,Croatia,ECS,Europe and Central Asia,,,HIC,High income,IBD,IBRD,4,1,2019,,,,,,,,,,,,,.12087907,1,.049565241,1,10.23261689246199,.22750795,.43029445,.091768555,.41808233
HUN,Hungary,ECS,Europe and Central Asia,,,HIC,High income,LNX,Not classified,4,-9,2019,.41610739,.053691275,0,.41610739,.48322147,.067114092,.026845638,0,0,.42281878,.46308726,.067114092,.20700942,1,.059828896,1,9.908282198095458,.24446553,.51468456,.062593758,.50651675
HUN,Hungary,ECS,Europe and Central Asia,,,HIC,High income,LNX,Not classified,4,0,2019,,,,,,,,,,,,,.19095446,1,.053014599,1,9.986735529612904,.20636678,.49868384,.060861897,.49410897
HUN,Hungary,ECS,Europe and Central Asia,,,HIC,High income,LNX,Not classified,4,1,2019,,,,,,,,,,,,,.22175363,1,.066086866,1,9.834780450918394,.2799094,.52957028,.064204931,.51805997
HUN,Hungary,ECS,Europe and Central Asia,,,HIC,High income,LNX,Not classified,8,-9,2019,.24675325,.032467533,0,.59740257,.21428572,.025974026,.025974026,0,0,.59090906,.20779221,.025974026,.2838462,.30477339,.1618356,.079533935,10.18782269102502,.18000227,.39550924,.069548786,.38448974
HUN,Hungary,ECS,Europe and Central Asia,,,HIC,High income,LNX,Not classified,8,0,2019,,,,,,,,,,,,,.27978849,.30147594,.16145743,.076351106,10.0036697724656,.15138158,.41814286,.076732516,.40819257
HUN,Hungary,ECS,Europe and Central Asia,,,HIC,High income,LNX,Not classified,8,1,2019,,,,,,,,,,,,,.28796992,.30812445,.16221991,.0827685,10.37379379286086,.2088749,.37267643,.062301826,.36057824
HUN,Hungary,ECS,Europe and Central Asia,,,HIC,High income,LNX,Not classified,4,-9,2023,.63636363,.058441557,.019480519,.16883117,.65584415,.13636364,.11688311,.012987013,.0064935065,.18181819,.6883117,.090909094,.3547245,1,.13447441,1,9.878953501055729,.31525949,.58414978,.13282658,.57085317
HUN,Hungary,ECS,Europe and Central Asia,,,HIC,High income,LNX,Not classified,4,0,2023,,,,,,,,,,,,,.36139283,1,.14161992,1,9.996657610754584,.26985303,.55645078,.1175696,.54355854
HUN,Hungary,ECS,Europe and Central Asia,,,HIC,High income,LNX,Not classified,4,1,2023,,,,,,,,,,,,,.34808189,1,.12735648,1,9.761285160502393,.36027947,.61161298,.14795372,.59791547
HUN,Hungary,ECS,Europe and Central Asia,,,HIC,High income,LNX,Not classified,8,-9,2023,.38853502,.031847134,0,.40127388,.53503186,.038216561,.095541403,0,0,.43949044,.49681529,.038216561,.26467553,.26467553,.084074296,.063183486,10.13306380389232,.23739971,.5132702,.12006592,.50183761
HUN,Hungary,ECS,Europe and Central Asia,,,HIC,High income,LNX,Not classified,8,0,2023,,,,,,,,,,,,,.27016219,.27016219,.09185224,.071250007,9.997171212784478,.22759357,.56023884,.13411826,.55004048
HUN,Hungary,ECS,Europe and Central Asia,,,HIC,High income,LNX,Not classified,8,1,2023,,,,,,,,,,,,,.25921625,.25921625,.076335177,.055157229,10.27002690503419,.24718522,.46640044,.10604315,.45373622
IRL,Ireland,ECS,Europe and Central Asia,,,HIC,High income,LNX,Not classified,4,-9,2019,.25333333,.0066666668,0,.57999998,.14,0,.0066666668,0,0,.61333334,.086666666,0,.11253483,1,.029781422,1,10.48389259741199,.19215582,.33593684,.054639313,.31836012
IRL,Ireland,ECS,Europe and Central Asia,,,HIC,High income,LNX,Not classified,4,0,2019,,,,,,,,,,,,,.076756239,1,.019052235,1,10.629852331574,.15840213,.30182582,.039780587,.282516
IRL,Ireland,ECS,Europe and Central Asia,,,HIC,High income,LNX,Not classified,4,1,2019,,,,,,,,,,,,,.14791995,1,.040392615,1,10.33897868391206,.22544816,.36958161,.069294944,.35371429
IRL,Ireland,ECS,Europe and Central Asia,,,HIC,High income,LNX,Not classified,8,-9,2019,.36241612,.020134227,0,.61744964,.24832214,.0067114094,.067114092,0,0,.64429528,.18791947,.0067114094,.19390957,.19390957,.079021811,.028899662,9.994244279070189,.21632543,.40198052,.10969564,.38512406
IRL,Ireland,ECS,Europe and Central Asia,,,HIC,High income,LNX,Not classified,8,0,2019,,,,,,,,,,,,,.18052103,.18052103,.060691752,.0273051,9.90862826020135,.17878442,.40797952,.12721226,.38802427
IRL,Ireland,ECS,Europe and Central Asia,,,HIC,High income,LNX,Not classified,8,1,2019,,,,,,,,,,,,,.20657524,.20657524,.096362226,.030408133,10.07680441817363,.25209084,.39626527,.093007512,.38236099
IRL,Ireland,ECS,Europe and Central Asia,,,HIC,High income,LNX,Not classified,4,-9,2023,.47058824,.052287582,.0065359478,.53594774,.33333334,.026143791,.098039217,.0065359478,0,.55555558,.29411766,.019607844,.076310225,1,.040472891,1,10.40685426013475,.26781851,.43886045,.10879613,.41834089
IRL,Ireland,ECS,Europe and Central Asia,,,HIC,High income,LNX,Not classified,4,0,2023,,,,,,,,,,,,,.058422543,1,.039868604,1,10.46971283182822,.23613425,.41197339,.10521566,.38764945
IRL,Ireland,ECS,Europe and Central Asia,,,HIC,High income,LNX,Not classified,4,1,2023,,,,,,,,,,,,,.093062729,1,.041038826,1,10.34744252629824,.29786092,.46435425,.11219108,.447442
IRL,Ireland,ECS,Europe and Central Asia,,,HIC,High income,LNX,Not classified,8,-9,2023,.52941179,.05882353,0,.55555558,.41176471,.013071896,.22875817,0,0,.61437911,.36601308,0,.28888398,.29566246,.1049652,.082001202,10.18652746291586,.27643639,.480948,.18747872,.46238559
IRL,Ireland,ECS,Europe and Central Asia,,,HIC,High income,LNX,Not classified,8,0,2023,,,,,,,,,,,,,.28686613,.29337108,.1078857,.088421077,10.1969548177441,.23844592,.47490939,.19213332,.45829231
IRL,Ireland,ECS,Europe and Central Asia,,,HIC,High income,LNX,Not classified,8,1,2023,,,,,,,,,,,,,.29069987,.29772446,.10233705,.076223969,10.17712481695463,.30985445,.48625985,.18338433,.46598622
IRN,"Iran, Islamic Rep",MEA,Middle East and North Africa,MNA,Middle East and North Africa (excluding high income),UMC,Upper middle income,IBD,IBRD,4,-9,2019,.5223214,.16964285,0,.16964285,.5,.22321428,.071428575,0,0,.1875,.49107143,.21428572,.17254019,1,.034840759,1,10.03363699903653,.32131511,.57008761,.10046759,.56071562
IRN,"Iran, Islamic Rep",MEA,Middle East and North Africa,MNA,Middle East and North Africa (excluding high income),UMC,Upper middle income,IBD,IBRD,4,0,2019,,,,,,,,,,,,,.10126676,1,.0069929534,1,10.44444582152445,.24976225,.49187198,.05856606,.48033848
IRN,"Iran, Islamic Rep",MEA,Middle East and North Africa,MNA,Middle East and North Africa (excluding high income),UMC,Upper middle income,IBD,IBRD,4,1,2019,,,,,,,,,,,,,.24188119,1,.061933532,1,9.642049193184439,.38927865,.64437968,.14026719,.63706076
IRN,"Iran, Islamic Rep",MEA,Middle East and North Africa,MNA,Middle East and North Africa (excluding high income),UMC,Upper middle income,IBD,IBRD,8,-9,2019,.32272726,.1,.0045454544,.40454546,.46363637,.077272728,.018181818,.0090909088,0,.40454546,.46363637,.06818182,.13672538,.15030365,.061259475,.034569964,10.1680149644719,.24508233,.51121634,.074150272,.50329095
IRN,"Iran, Islamic Rep",MEA,Middle East and North Africa,MNA,Middle East and North Africa (excluding high income),UMC,Upper middle income,IBD,IBRD,8,0,2019,,,,,,,,,,,,,.069605246,.075390592,.031936459,.031936459,10.60824666966555,.13670622,.42539474,.041901525,.41839176
IRN,"Iran, Islamic Rep",MEA,Middle East and North Africa,MNA,Middle East and North Africa (excluding high income),UMC,Upper middle income,IBD,IBRD,8,1,2019,,,,,,,,,,,,,.19276875,.21285386,.085743345,.036768861,9.777788389905259,.34068492,.58692276,.10259808,.57818371
IRN,"Iran, Islamic Rep",MEA,Middle East and North Africa,MNA,Middle East and North Africa (excluding high income),UMC,Upper middle income,IBD,IBRD,4,-9,2023,.4732143,.375,.026785715,.071428575,.4375,.47767857,.3794643,.0625,.0044642859,.098214284,.42857143,.45982143,.16776156,1,.051399723,1,9.580932927610174,.4366343,.7114166,.25319782,.70003259
IRN,"Iran, Islamic Rep",MEA,Middle East and North Africa,MNA,Middle East and North Africa (excluding high income),UMC,Upper middle income,IBD,IBRD,4,0,2023,,,,,,,,,,,,,.14229967,1,.052496385,1,9.958325712505635,.36060765,.65742612,.20724286,.64357817
IRN,"Iran, Islamic Rep",MEA,Middle East and North Africa,MNA,Middle East and North Africa (excluding high income),UMC,Upper middle income,IBD,IBRD,4,1,2023,,,,,,,,,,,,,.19430043,1,.050256673,1,9.207643585272834,.51113468,.76432323,.2982302,.75535357
IRN,"Iran, Islamic Rep",MEA,Middle East and North Africa,MNA,Middle East and North Africa (excluding high income),UMC,Upper middle income,IBD,IBRD,8,-9,2023,.45982143,.25892857,.040178571,.098214284,.51339287,.38839287,.27232143,.044642858,.0089285718,.098214284,.55803573,.3392857,.17944516,.18641996,.042974025,.028450409,9.745228497372306,.39512217,.69409806,.212162,.678792
IRN,"Iran, Islamic Rep",MEA,Middle East and North Africa,MNA,Middle East and North Africa (excluding high income),UMC,Upper middle income,IBD,IBRD,8,0,2023,,,,,,,,,,,,,.14010163,.15439837,.061366379,.031596284,10.18797473915623,.28121841,.63205928,.13262923,.61600238
IRN,"Iran, Islamic Rep",MEA,Middle East and North Africa,MNA,Middle East and North Africa (excluding high income),UMC,Upper middle income,IBD,IBRD,8,1,2023,,,,,,,,,,,,,.21692336,.21692336,.025453685,.025453685,9.324530324295623,.5025568,.75261331,.28717771,.73801553
ISR,Israel,MEA,Middle East and North Africa,,,HIC,High income,LNX,Not classified,8,-9,2019,0,0,0,0,0,0,0,0,0,0,0,0,.14231294,.14231294,.045113947,.03384367,,0,0,0,0
ISR,Israel,MEA,Middle East and North Africa,,,HIC,High income,LNX,Not classified,8,0,2019,,,,,,,,,,,,,.12919401,.12919401,.047718856,.034773264,,0,0,0,0
ISR,Israel,MEA,Middle East and North Africa,,,HIC,High income,LNX,Not classified,8,1,2019,,,,,,,,,,,,,.15646113,.15646113,.042304672,.032841142,,0,0,0,0
ISR,Israel,MEA,Middle East and North Africa,,,HIC,High income,LNX,Not classified,8,-9,2023,0,0,0,0,0,0,0,0,0,0,0,0,.24661434,.24661434,.1163593,.10176454,,0,0,0,0
ISR,Israel,MEA,Middle East and North Africa,,,HIC,High income,LNX,Not classified,8,0,2023,,,,,,,,,,,,,.24012572,.24012572,.10944795,.094226494,,0,0,0,0
ISR,Israel,MEA,Middle East and North Africa,,,HIC,High income,LNX,Not classified,8,1,2023,,,,,,,,,,,,,.25282893,.25282893,.12297879,.10898425,,0,0,0,0
ITA,Italy,ECS,Europe and Central Asia,,,HIC,High income,LNX,Not classified,4,-9,2019,.57407409,.08024691,0,.33950618,.57407409,.086419754,.024691358,0,0,.37654322,.54320985,.08024691,.14937076,1,.10624626,1,9.651448919105485,.31106892,.56363374,.080825165,.54766572
ITA,Italy,ECS,Europe and Central Asia,,,HIC,High income,LNX,Not classified,4,0,2019,,,,,,,,,,,,,.14385502,1,.1019171,1,9.790070543458432,.27209845,.51463175,.058794055,.49808934
ITA,Italy,ECS,Europe and Central Asia,,,HIC,High income,LNX,Not classified,4,1,2019,,,,,,,,,,,,,.15500526,1,.11066863,1,9.510491072738718,.35050854,.61322558,.1031215,.59783894
ITA,Italy,ECS,Europe and Central Asia,,,HIC,High income,LNX,Not classified,8,-9,2019,.46835443,.06329114,0,.58227849,.24050634,.018987341,.012658228,0,0,.58227849,.22151899,.018987341,.28479949,.29532412,.098270208,.083052181,10.0001077437089,.25713912,.40587029,.056677748,.39596656
ITA,Italy,ECS,Europe and Central Asia,,,HIC,High income,LNX,Not classified,8,0,2019,,,,,,,,,,,,,.26345602,.27077219,.090568155,.079604208,10.08043215432984,.1969302,.37871614,.057108182,.36900145
ITA,Italy,ECS,Europe and Central Asia,,,HIC,High income,LNX,Not classified,8,1,2019,,,,,,,,,,,,,.30617395,.31991169,.10598344,.086505167,9.920903547796918,.31651348,.43264809,.05625328,.42255795
ITA,Italy,ECS,Europe and Central Asia,,,HIC,High income,LNX,Not classified,4,-9,2023,.65789473,.15789473,.0065789474,.14473684,.67763156,.15131579,.092105262,.0065789474,0,.17763157,.67105263,.125,.17042886,1,.12610166,1,9.673526259139074,.36866683,.60726941,.13159586,.59184194
ITA,Italy,ECS,Europe and Central Asia,,,HIC,High income,LNX,Not classified,4,0,2023,,,,,,,,,,,,,.17269805,1,.12963551,1,9.8486524740983,.33226523,.57449609,.11252533,.55397612
ITA,Italy,ECS,Europe and Central Asia,,,HIC,High income,LNX,Not classified,4,1,2023,,,,,,,,,,,,,.1682763,1,.12274945,1,9.509479273261352,.40267596,.63788867,.149413,.62721902
ITA,Italy,ECS,Europe and Central Asia,,,HIC,High income,LNX,Not classified,8,-9,2023,.63157892,.052631579,.0065789474,.43421054,.4868421,.059210528,.032894738,0,0,.44736841,.47368422,.052631579,.35503402,.36775345,.11648639,.10162965,10.03415520395897,.30515659,.51835883,.10139887,.5100503
ITA,Italy,ECS,Europe and Central Asia,,,HIC,High income,LNX,Not classified,8,0,2023,,,,,,,,,,,,,.35346583,.36599016,.12540415,.10550489,10.05850198620233,.27922198,.52555776,.085564069,.5186165
ITA,Italy,ECS,Europe and Central Asia,,,HIC,High income,LNX,Not classified,8,1,2023,,,,,,,,,,,,,.35656303,.36947268,.10779142,.097851232,10.01041872116784,.33020836,.51140499,.11669464,.50177568
JOR,Jordan,MEA,Middle East and North Africa,MNA,Middle East and North Africa (excluding high income),UMC,Upper middle income,IBD,IBRD,8,-9,2019,.50212765,.093617022,0,.45531914,.45106384,.038297873,.22978723,.012765957,0,.4893617,.4212766,.025531914,.26043472,.30405667,.20290859,.17689228,10.18328786851905,.2772271,.47816899,.16974093,.45994648
JOR,Jordan,MEA,Middle East and North Africa,MNA,Middle East and North Africa (excluding high income),UMC,Upper middle income,IBD,IBRD,8,0,2019,,,,,,,,,,,,,.20910223,.22659037,.15206158,.14275081,10.58824260723798,.20316514,.41712883,.11749755,.39374244
JOR,Jordan,MEA,Middle East and North Africa,MNA,Middle East and North Africa (excluding high income),UMC,Upper middle income,IBD,IBRD,8,1,2019,,,,,,,,,,,,,.30444193,.37046829,.2464996,.20616165,9.801671970273683,.34558368,.53450692,.21795973,.52105051
JOR,Jordan,MEA,Middle East and North Africa,MNA,Middle East and North Africa (excluding high income),UMC,Upper middle income,IBD,IBRD,4,-9,2023,.50446427,.26339287,.017857144,.28125,.51339287,.12946428,.42857143,.075892858,.013392857,.32142857,.4955357,.10267857,.36711887,1,.27127337,1,9.86078270237506,.37169296,.5494287,.26699474,.53184259
JOR,Jordan,MEA,Middle East and North Africa,MNA,Middle East and North Africa (excluding high income),UMC,Upper middle income,IBD,IBRD,4,0,2023,,,,,,,,,,,,,.3293308,1,.22471474,1,10.23275680138524,.30777398,.49556556,.22627652,.47928694
JOR,Jordan,MEA,Middle East and North Africa,MNA,Middle East and North Africa (excluding high income),UMC,Upper middle income,IBD,IBRD,4,1,2023,,,,,,,,,,,,,.41207692,1,.32666615,1,9.448347905128955,.44048598,.60739911,.3108179,.58840579
JOR,Jordan,MEA,Middle East and North Africa,MNA,Middle East and North Africa (excluding high income),UMC,Upper middle income,IBD,IBRD,8,-9,2023,.50222224,.31111112,.017777778,.17777778,.65333331,.16444445,.45777777,.15111111,.0044444446,.21333334,.64444447,.13333334,.43956575,.43956575,.35074675,.29060128,9.5171021886845,.41753972,.62112927,.31584415,.59951031
JOR,Jordan,MEA,Middle East and North Africa,MNA,Middle East and North Africa (excluding high income),UMC,Upper middle income,IBD,IBRD,8,0,2023,,,,,,,,,,,,,.33837426,.33837426,.26543802,.21282701,10.05498722514488,.33408898,.57069218,.23838674,.54549557
JOR,Jordan,MEA,Middle East and North Africa,MNA,Middle East and North Africa (excluding high income),UMC,Upper middle income,IBD,IBRD,8,1,2023,,,,,,,,,,,,,.53675389,.53675389,.43268052,.36529866,8.991577870498913,.49529743,.66812557,.38801745,.64984018
JPN,Japan,EAS,East Asia and Pacific,,,HIC,High income,LNX,Not classified,4,-9,2019,.29931971,0,0,.49659863,.18367347,0,0,0,0,.52380955,.14965986,0,.18695784,1,.019406565,1,10.91076431092728,.18448637,.33564019,.0094219474,.32626662
JPN,Japan,EAS,East Asia and Pacific,,,HIC,High income,LNX,Not classified,4,0,2019,,,,,,,,,,,,,.18689412,1,.018208858,1,11.32474520375281,.11988267,.23656838,.0055968435,.22471403
JPN,Japan,EAS,East Asia and Pacific,,,HIC,High income,LNX,Not classified,4,1,2019,,,,,,,,,,,,,.1870161,1,.020501578,1,10.52139017353334,.2450681,.42854422,.013008917,.42149699
JPN,Japan,EAS,East Asia and Pacific,,,HIC,High income,LNX,Not classified,8,-9,2019,.0070422534,0,0,.34507042,0,0,0,0,0,.26056337,0,0,.21919067,.22316156,.06775634,.044545177,11.34081059448348,.06725353,.20495348,.012456585,.19088772
JPN,Japan,EAS,East Asia and Pacific,,,HIC,High income,LNX,Not classified,8,0,2019,,,,,,,,,,,,,.20551872,.20963807,.05808831,.039956611,11.47439436906251,.048365939,.15586729,.012338999,.14105113
JPN,Japan,EAS,East Asia and Pacific,,,HIC,High income,LNX,Not classified,8,1,2019,,,,,,,,,,,,,.23419878,.23800673,.078369237,.049582187,11.19654299459975,.087612197,.25786278,.012583329,.24460587
JPN,Japan,EAS,East Asia and Pacific,,,HIC,High income,LNX,Not classified,4,-9,2023,.36879432,.035460994,0,.46808511,.28368795,.021276595,0,0,0,.44680852,.26950353,.014184397,.25449124,1,.069510899,1,10.87724475709344,.22479981,.39104471,.019031826,.37923762
JPN,Japan,EAS,East Asia and Pacific,,,HIC,High income,LNX,Not classified,4,0,2023,,,,,,,,,,,,,.2590628,1,.066674829,1,11.26118151400771,.15424135,.30365717,.013514155,.28917515
JPN,Japan,EAS,East Asia and Pacific,,,HIC,High income,LNX,Not classified,4,1,2023,,,,,,,,,,,,,.24981962,1,.072409041,1,10.47941700334455,.29735187,.4809013,.024705397,.47184479
JPN,Japan,EAS,East Asia and Pacific,,,HIC,High income,LNX,Not classified,8,-9,2023,.015037594,0,0,.33834586,0,0,0,0,0,.2932331,0,0,.1894089,.20252383,.046148323,.031105703,11.51884433059338,.083446234,.20499255,.026387114,.19038796
JPN,Japan,EAS,East Asia and Pacific,,,HIC,High income,LNX,Not classified,8,0,2023,,,,,,,,,,,,,.20825309,.21925522,.043597553,.029688792,11.70948018137034,.058589745,.14594539,.019878527,.13302481
JPN,Japan,EAS,East Asia and Pacific,,,HIC,High income,LNX,Not classified,8,1,2023,,,,,,,,,,,,,.17067797,.18589301,.048683759,.032514095,11.33280793179476,.10738393,.26185709,.03265512,.24563076
KAZ,Kazakhstan,ECS,Europe and Central Asia,ECA,Europe and Central Asia (excluding high income),UMC,Upper middle income,IBD,IBRD,4,-9,2019,.40476191,.047619049,0,.27380952,.48809522,.11309524,.11904762,.0059523811,0,.27380952,.48214287,.10714286,.15133753,1,.12389461,1,10.48241200823655,.23363361,.511145,.12235705,.49573287
KAZ,Kazakhstan,ECS,Europe and Central Asia,ECA,Europe and Central Asia (excluding high income),UMC,Upper middle income,IBD,IBRD,4,0,2019,,,,,,,,,,,,,.1510002,1,.12094819,1,10.58767409654897,.2275051,.49279207,.10532863,.47837096
KAZ,Kazakhstan,ECS,Europe and Central Asia,ECA,Europe and Central Asia (excluding high income),UMC,Upper middle income,IBD,IBRD,4,1,2019,,,,,,,,,,,,,.1516616,1,.12672526,1,10.37939903833214,.23958623,.5289712,.13889678,.51259655
KAZ,Kazakhstan,ECS,Europe and Central Asia,ECA,Europe and Central Asia (excluding high income),UMC,Upper middle income,IBD,IBRD,8,-9,2019,.029761905,.0059523811,0,.27380952,.45238096,.23809524,.38690478,.375,.10119048,.48809522,.089285716,0,.14759228,.14759228,.13505207,.13505207,10.44718568743782,.08057531,.58428937,.47754332,.28204334
KAZ,Kazakhstan,ECS,Europe and Central Asia,ECA,Europe and Central Asia (excluding high income),UMC,Upper middle income,IBD,IBRD,8,0,2019,,,,,,,,,,,,,.13246033,.13246033,.12218267,.12218267,10.34592726023682,.086772189,.60447538,.49138799,.30241805
KAZ,Kazakhstan,ECS,Europe and Central Asia,ECA,Europe and Central Asia (excluding high income),UMC,Upper middle income,IBD,IBRD,8,1,2019,,,,,,,,,,,,,.16201048,.16201048,.14731444,.14731444,10.5433624920842,.074700363,.56515211,.4644179,.26272714
KAZ,Kazakhstan,ECS,Europe and Central Asia,ECA,Europe and Central Asia (excluding high income),UMC,Upper middle income,IBD,IBRD,4,-9,2023,.65945947,.15675676,0,.081081077,.62162161,.28648648,.57837838,.07027027,0,.091891892,.66486484,.23243243,.14491467,1,.12908828,1,9.684360253411734,.35989633,.67773938,.30218568,.65698922
KAZ,Kazakhstan,ECS,Europe and Central Asia,ECA,Europe and Central Asia (excluding high income),UMC,Upper middle income,IBD,IBRD,4,0,2023,,,,,,,,,,,,,.15865296,1,.14325026,1,9.948374405889714,.31851608,.63807636,.25427055,.61644691
KAZ,Kazakhstan,ECS,Europe and Central Asia,ECA,Europe and Central Asia (excluding high income),UMC,Upper middle income,IBD,IBRD,4,1,2023,,,,,,,,,,,,,.13158602,1,.1153486,1,9.421963973496126,.40032211,.71648759,.3489956,.69659644
KAZ,Kazakhstan,ECS,Europe and Central Asia,ECA,Europe and Central Asia (excluding high income),UMC,Upper middle income,IBD,IBRD,8,-9,2023,.47593582,.010695187,0,.43315509,.48663101,.021390375,.20320855,0,0,.5026738,.4224599,.01604278,.15651292,.16958503,.15479583,.13319428,10.44761877245451,.24143134,.48308727,.17775775,.46876195
KAZ,Kazakhstan,ECS,Europe and Central Asia,ECA,Europe and Central Asia (excluding high income),UMC,Upper middle income,IBD,IBRD,8,0,2023,,,,,,,,,,,,,.14756422,.16240324,.14722927,.12398282,10.49097540694313,.22474065,.47673708,.15611331,.46360135
KAZ,Kazakhstan,ECS,Europe and Central Asia,ECA,Europe and Central Asia (excluding high income),UMC,Upper middle income,IBD,IBRD,8,1,2023,,,,,,,,,,,,,.16432412,.17585392,.16140057,.14123483,10.40784479828691,.25649774,.48881948,.19729586,.47342035
KOR,"Korea, Rep",EAS,East Asia and Pacific,,,HIC,High income,LNX,Not classified,4,-9,2019,.25165564,.019867551,0,.54304636,.29801324,.019867551,.0066225166,0,0,.5562914,.25827813,.019867551,.16732757,1,.12168608,1,10.63545319852471,.19733353,.40841579,.042547736,.39827752
KOR,"Korea, Rep",EAS,East Asia and Pacific,,,HIC,High income,LNX,Not classified,4,0,2019,,,,,,,,,,,,,.16739799,1,.12153862,1,10.9193467242049,.13814802,.34510279,.03375366,.33627209
KOR,"Korea, Rep",EAS,East Asia and Pacific,,,HIC,High income,LNX,Not classified,4,1,2019,,,,,,,,,,,,,.16726491,1,.12181729,1,10.37840357170314,.25088283,.46569955,.050504353,.45437819
KOR,"Korea, Rep",EAS,East Asia and Pacific,,,HIC,High income,LNX,Not classified,8,-9,2019,.065476194,.011904762,0,.54761904,.065476194,0,0,0,0,.54761904,.05952381,0,.17942838,.1989713,.11846153,.044746779,10.96350372870545,.10240439,.29704383,.041564636,.29289693
KOR,"Korea, Rep",EAS,East Asia and Pacific,,,HIC,High income,LNX,Not classified,8,0,2019,,,,,,,,,,,,,.1696175,.18640633,.11309738,.038622685,11.07819151088968,.031343106,.24200089,.038187817,.23487681
KOR,"Korea, Rep",EAS,East Asia and Pacific,,,HIC,High income,LNX,Not classified,8,1,2019,,,,,,,,,,,,,.1887529,.21091338,.12355975,.050567273,10.85712656490209,.16839868,.34816197,.044700671,.34677994
KOR,"Korea, Rep",EAS,East Asia and Pacific,,,HIC,High income,LNX,Not classified,4,-9,2023,.34615386,.025641026,.0064102565,.67948717,.16025642,.01923077,.032051284,.0064102565,0,.67948717,.13461539,.01923077,.25874129,1,.17558759,1,10.92187621178464,.22443654,.38130307,.0804772,.36661696
KOR,"Korea, Rep",EAS,East Asia and Pacific,,,HIC,High income,LNX,Not classified,4,0,2023,,,,,,,,,,,,,.24984105,1,.16921067,1,11.19338582674857,.17468831,.30247438,.070169799,.28606984
KOR,"Korea, Rep",EAS,East Asia and Pacific,,,HIC,High income,LNX,Not classified,4,1,2023,,,,,,,,,,,,,.26746944,1,.18184122,1,10.65241648494636,.27365229,.45928803,.090674281,.44630194
KOR,"Korea, Rep",EAS,East Asia and Pacific,,,HIC,High income,LNX,Not classified,8,-9,2023,.14204545,.0056818184,0,.6875,.16477273,0,.028409092,0,0,.70454544,.13636364,0,.23800308,.24252228,.17685068,.12810349,10.98126765498234,.14429967,.38599214,.093335353,.37629595
KOR,"Korea, Rep",EAS,East Asia and Pacific,,,HIC,High income,LNX,Not classified,8,0,2023,,,,,,,,,,,,,.2212662,.23044026,.16972996,.1184093,11.08458835435215,.10242561,.36046991,.079786144,.35239056
KOR,"Korea, Rep",EAS,East Asia and Pacific,,,HIC,High income,LNX,Not classified,8,1,2023,,,,,,,,,,,,,.25425223,.25425223,.18376389,.1375152,10.88024975652331,.18510503,.41086295,.10653875,.39959127
KWT,Kuwait,MEA,Middle East and North Africa,,,HIC,High income,LNX,Not classified,4,-9,2019,.4512195,.39634147,.024390243,.10365853,.45731708,.39634147,.39024389,.10365853,0,.10365853,.51829267,.32317072,.39179912,1,.18554679,1,9.235335909159026,.44464073,.65329623,.26214674,.63618296
KWT,Kuwait,MEA,Middle East and North Africa,,,HIC,High income,LNX,Not classified,4,0,2019,,,,,,,,,,,,,.258834,1,.17625585,1,9.769901545018818,.35675389,.57508194,.18973644,.55680859
KWT,Kuwait,MEA,Middle East and North Africa,,,HIC,High income,LNX,Not classified,4,1,2019,,,,,,,,,,,,,.50342399,1,.19334657,1,8.747149810520613,.52278131,.72283697,.32652706,.70675504
KWT,Kuwait,MEA,Middle East and North Africa,,,HIC,High income,LNX,Not classified,8,-9,2019,.60233921,.064327486,.0058479533,.4619883,.45029241,.052631579,.1754386,.0058479533,0,.51461989,.39766082,.040935673,.37077558,.38529193,.22828595,.19610845,9.933620377592526,.31755462,.5089606,.15760493,.48814633
KWT,Kuwait,MEA,Middle East and North Africa,,,HIC,High income,LNX,Not classified,8,0,2019,,,,,,,,,,,,,.35453638,.37353653,.19700855,.15161201,10.19339357364382,.28165919,.45081502,.13112813,.42636445
KWT,Kuwait,MEA,Middle East and North Africa,,,HIC,High income,LNX,Not classified,8,1,2019,,,,,,,,,,,,,.38725659,.39722243,.26002911,.24126752,9.636241621798554,.35747305,.57362282,.18704912,.55685246
KWT,Kuwait,MEA,Middle East and North Africa,,,HIC,High income,LNX,Not classified,4,-9,2023,.31333333,.49333334,.039999999,.13333334,.39333335,.44666666,.41999999,.14,0,.15333334,.44,.38,.32759276,1,.21026593,1,9.379711139466279,.46741459,.67537552,.28875107,.66166437
KWT,Kuwait,MEA,Middle East and North Africa,,,HIC,High income,LNX,Not classified,4,0,2023,,,,,,,,,,,,,.18422872,1,.1228603,1,9.816266504216046,.39640778,.62228078,.23092939,.60742474
KWT,Kuwait,MEA,Middle East and North Africa,,,HIC,High income,LNX,Not classified,4,1,2023,,,,,,,,,,,,,.47534525,1,.30034706,1,8.928293246320248,.54020208,.72980177,.34802279,.71726424
KWT,Kuwait,MEA,Middle East and North Africa,,,HIC,High income,LNX,Not classified,8,-9,2023,.58904111,.19863014,0,.21917808,.63698632,.1369863,.32876712,0,0,.24657534,.6438356,.10273973,.42590529,.43219438,.25084904,.21437967,10.00670253800571,.35784459,.57902855,.21273093,.56299853
KWT,Kuwait,MEA,Middle East and North Africa,,,HIC,High income,LNX,Not classified,8,0,2023,,,,,,,,,,,,,.41123551,.42396674,.20516606,.13968521,10.28397112884181,.2987268,.53283155,.18702483,.51408619
KWT,Kuwait,MEA,Middle East and North Africa,,,HIC,High income,LNX,Not classified,8,1,2023,,,,,,,,,,,,,.44022647,.44022647,.2954464,.28729904,9.722210734295343,.41568568,.62422782,.2378819,.61085463
LBN,Lebanon,MEA,Middle East and North Africa,MNA,Middle East and North Africa (excluding high income),UMC,Upper middle income,IBD,IBRD,8,-9,2019,.4852941,.14705883,.024509804,.22058824,.4852941,.25,.27941176,.024509804,0,.23529412,.4852941,.21078432,.37949076,.38032749,.2516267,.24407361,9.536094673251684,.33145773,.59834373,.17963387,.57701868
LBN,Lebanon,MEA,Middle East and North Africa,MNA,Middle East and North Africa (excluding high income),UMC,Upper middle income,IBD,IBRD,8,0,2019,,,,,,,,,,,,,.37169105,.37248597,.24565268,.24004368,9.815191057304776,.2666395,.55823535,.13842244,.53748429
LBN,Lebanon,MEA,Middle East and North Africa,MNA,Middle East and North Africa (excluding high income),UMC,Upper middle income,IBD,IBRD,8,1,2019,,,,,,,,,,,,,.38714606,.38802379,.25749013,.2480289,9.260697231463244,.39459652,.63741285,.21977749,.6155287
LTU,Lithuania,ECS,Europe and Central Asia,,,HIC,High income,LNX,Not classified,4,-9,2019,.24637681,.062801935,.014492754,.47342995,.25603864,.067632847,.053140096,.0096618356,0,.46859902,.24637681,.057971016,.093438104,1,.027414476,1,10.29733796623646,.19463715,.39653367,.065727003,.3867487
LTU,Lithuania,ECS,Europe and Central Asia,,,HIC,High income,LNX,Not classified,4,0,2019,,,,,,,,,,,,,.090894476,1,.024229288,1,10.51440354983132,.15209427,.33721557,.061033186,.32733873
LTU,Lithuania,ECS,Europe and Central Asia,,,HIC,High income,LNX,Not classified,4,1,2019,,,,,,,,,,,,,.095902748,1,.030500766,1,10.08679749600195,.23574677,.45385337,.070262685,.44415718
LTU,Lithuania,ECS,Europe and Central Asia,,,HIC,High income,LNX,Not classified,8,-9,2019,.17010309,.010309278,0,.56701028,.14432989,.010309278,.030927835,0,0,.54123712,.13402061,.010309278,.11361262,.12105833,.033386841,.02594113,10.34124247490305,.13868345,.32800788,.049949203,.32007331
LTU,Lithuania,ECS,Europe and Central Asia,,,HIC,High income,LNX,Not classified,8,0,2019,,,,,,,,,,,,,.10475267,.10856137,.028455915,.024647215,10.24602516732119,.11039332,.32817572,.053263683,.31752452
LTU,Lithuania,ECS,Europe and Central Asia,,,HIC,High income,LNX,Not classified,8,1,2019,,,,,,,,,,,,,.12260282,.13373901,.038390256,.027254069,10.43769643295501,.16741706,.32783738,.046582762,.32266203
LTU,Lithuania,ECS,Europe and Central Asia,,,HIC,High income,LNX,Not classified,4,-9,2023,.57894737,.25263157,.02631579,.15263158,.58947366,.24736843,.33684212,.042105265,0,.17368421,.61052632,.20526315,.15772927,1,.028422855,1,9.509707682330166,.39830217,.62143779,.20581827,.60937983
LTU,Lithuania,ECS,Europe and Central Asia,,,HIC,High income,LNX,Not classified,4,0,2023,,,,,,,,,,,,,.15823981,1,.028505413,1,9.779060581435617,.35492128,.56677061,.17379412,.55202222
LTU,Lithuania,ECS,Europe and Central Asia,,,HIC,High income,LNX,Not classified,4,1,2023,,,,,,,,,,,,,.15723798,1,.028343411,1,9.24492370169547,.44030413,.67436731,.23682453,.66491425
LTU,Lithuania,ECS,Europe and Central Asia,,,HIC,High income,LNX,Not classified,8,-9,2023,.47058824,.049019609,0,.57352942,.33333334,.049019609,.16666667,.014705882,0,.56862748,.33333334,.039215688,.21283594,.21947902,.12560782,.099924594,10.04278694064206,.25555652,.46047392,.15489505,.45116353
LTU,Lithuania,ECS,Europe and Central Asia,,,HIC,High income,LNX,Not classified,8,0,2023,,,,,,,,,,,,,.20829995,.2156371,.13011812,.10388145,10.03656260710021,.23755156,.48298034,.13934755,.4709194
LTU,Lithuania,ECS,Europe and Central Asia,,,HIC,High income,LNX,Not classified,8,1,2023,,,,,,,,,,,,,.21730752,.22326641,.12116154,.096023917,10.04925723592715,.2736989,.43779579,.17056121,.43125689
LVA,Latvia,ECS,Europe and Central Asia,,,HIC,High income,LNX,Not classified,4,-9,2019,.56493509,.13636364,.019480519,.21428572,.64285713,.12987013,.11688311,.0064935065,.0064935065,.24025974,.62987012,.11038961,.087128498,1,.017818842,1,9.355322702587257,.33877257,.5890348,.14043631,.57271767
LVA,Latvia,ECS,Europe and Central Asia,,,HIC,High income,LNX,Not classified,4,0,2019,,,,,,,,,,,,,.081680842,1,.016302882,1,9.580109768870784,.28394353,.5314098,.1198299,.51458222
LVA,Latvia,ECS,Europe and Central Asia,,,HIC,High income,LNX,Not classified,4,1,2019,,,,,,,,,,,,,.092565179,1,.019331748,1,9.129992024029265,.39343977,.64648962,.16098189,.63068146
LVA,Latvia,ECS,Europe and Central Asia,,,HIC,High income,LNX,Not classified,4,-9,2023,.59740257,.29870129,.019480519,.025974026,.59740257,.37012988,.41558442,.038961038,0,.051948052,.59740257,.34415585,.16087961,1,.03095825,1,9.198477745473493,.44339275,.70977575,.242658,.69729531
LVA,Latvia,ECS,Europe and Central Asia,,,HIC,High income,LNX,Not classified,4,0,2023,,,,,,,,,,,,,.15381344,1,.032391336,1,9.473659105617989,.39611715,.66527039,.19422248,.65522134
LVA,Latvia,ECS,Europe and Central Asia,,,HIC,High income,LNX,Not classified,4,1,2023,,,,,,,,,,,,,.16748612,1,.02961839,1,8.933927427374691,.48812458,.75188637,.28848732,.73710531
MAC,"Macao SAR, China",EAS,East Asia and Pacific,,,HIC,High income,LNX,Not classified,4,-9,2023,.69491524,.15254237,0,.10169491,.74576271,.13559322,.11864407,0,0,.15254237,.72881359,.10169491,.083257757,1,.056593508,1,9.946014884806868,.354835,.6069237,.1332927,.59344351
MAC,"Macao SAR, China",EAS,East Asia and Pacific,,,HIC,High income,LNX,Not classified,4,0,2023,,,,,,,,,,,,,.11893112,1,.080165602,1,10.12860720482728,.30032271,.56273925,.11612841,.54732305
MAC,"Macao SAR, China",EAS,East Asia and Pacific,,,HIC,High income,LNX,Not classified,4,1,2023,,,,,,,,,,,,,.050070029,1,.034663867,1,9.775728606126785,.40566292,.64812183,.14929691,.63644683
MAR,Morocco,MEA,Middle East and North Africa,MNA,Middle East and North Africa (excluding high income),LMC,Lower middle income,IBD,IBRD,4,-9,2019,.48106059,.25378788,.053030305,.13636364,.44696969,.33712122,.16666667,.018939395,.0037878789,.14393939,.45454547,.32196969,.53457117,1,.4567185,1,9.578585012374202,.39393005,.63187295,.12847482,.62068534
MAR,Morocco,MEA,Middle East and North Africa,MNA,Middle East and North Africa (excluding high income),LMC,Lower middle income,IBD,IBRD,4,0,2019,,,,,,,,,,,,,.5367381,1,.46240214,1,9.81655044404298,.33985922,.59034312,.092175744,.58045602
MAR,Morocco,MEA,Middle East and North Africa,MNA,Middle East and North Africa (excluding high income),LMC,Lower middle income,IBD,IBRD,4,1,2019,,,,,,,,,,,,,.53241473,1,.45106244,1,9.347104586459901,.44651422,.67226094,.16377588,.65980864
MAR,Morocco,MEA,Middle East and North Africa,MNA,Middle East and North Africa (excluding high income),LMC,Lower middle income,IBD,IBRD,8,-9,2019,.4741036,.46215141,.031872511,.075697213,.60557771,.30278885,.27888447,0,0,.11553785,.625498,.2430279,.52653837,.57012355,.38479152,.40638456,9.32466653906212,.49726981,.66505182,.19622914,.64910758
MAR,Morocco,MEA,Middle East and North Africa,MNA,Middle East and North Africa (excluding high income),LMC,Lower middle income,IBD,IBRD,8,0,2019,,,,,,,,,,,,,.53074521,.58027214,.39064926,.41655347,9.527687028644428,.4557226,.63020408,.15464385,.61479867
MAR,Morocco,MEA,Middle East and North Africa,MNA,Middle East and North Africa (excluding high income),LMC,Lower middle income,IBD,IBRD,8,1,2019,,,,,,,,,,,,,.52253658,.56046969,.37921932,.39671135,9.122797739690114,.53847563,.69961327,.23747277,.68313456
MAR,Morocco,MEA,Middle East and North Africa,MNA,Middle East and North Africa (excluding high income),LMC,Lower middle income,IBD,IBRD,4,-9,2023,.34444445,.43333334,.06666667,.05185185,.34074074,.54074073,.43703705,.06666667,.0074074073,.05185185,.37777779,.5,.56394684,1,.51696837,1,9.591186371417736,.45107967,.70343614,.24561387,.68785578
MAR,Morocco,MEA,Middle East and North Africa,MNA,Middle East and North Africa (excluding high income),LMC,Lower middle income,IBD,IBRD,4,0,2023,,,,,,,,,,,,,.54625547,1,.50260383,1,9.793144127859065,.40804446,.66796875,.2000892,.65080434
MAR,Morocco,MEA,Middle East and North Africa,MNA,Middle East and North Africa (excluding high income),LMC,Lower middle income,IBD,IBRD,4,1,2023,,,,,,,,,,,,,.58065099,1,.53053141,1,9.40306372625113,.491088,.73640895,.28793654,.72230113
MAR,Morocco,MEA,Middle East and North Africa,MNA,Middle East and North Africa (excluding high income),LMC,Lower middle income,IBD,IBRD,8,-9,2023,.34400001,.59600002,.048,.028000001,.51999998,.45199999,.69599998,.092,.0040000002,.048,.56400001,.38800001,.62293088,.64885402,.46353605,.45584142,9.145833850970588,.54090881,.72561884,.35101393,.71160686
MAR,Morocco,MEA,Middle East and North Africa,MNA,Middle East and North Africa (excluding high income),LMC,Lower middle income,IBD,IBRD,8,0,2023,,,,,,,,,,,,,.62671375,.65715128,.46928531,.46280563,9.438994237664106,.49405187,.69323117,.2936247,.6810075
MAR,Morocco,MEA,Middle East and North Africa,MNA,Middle East and North Africa (excluding high income),LMC,Lower middle income,IBD,IBRD,8,1,2023,,,,,,,,,,,,,.61915052,.64056218,.45779055,.44888178,8.838694678257655,.5883314,.75839746,.40909597,.74257559
MKD,North Macedonia,ECS,Europe and Central Asia,ECA,Europe and Central Asia (excluding high income),UMC,Upper middle income,IBD,IBRD,4,-9,2019,.40000001,.079999998,.0066666668,.44666666,.38666666,.033333335,.14,0,0,.47333333,.34,.026666667,.10164638,1,.065626629,1,10.27138247061029,.26248562,.45774597,.13361965,.4369992
MKD,North Macedonia,ECS,Europe and Central Asia,ECA,Europe and Central Asia (excluding high income),UMC,Upper middle income,IBD,IBRD,4,0,2019,,,,,,,,,,,,,.098926127,1,.061374046,1,10.61660740500657,.21588753,.38561335,.093579419,.3685585
MKD,North Macedonia,ECS,Europe and Central Asia,ECA,Europe and Central Asia (excluding high income),UMC,Upper middle income,IBD,IBRD,4,1,2019,,,,,,,,,,,,,.10412661,1,.069504,1,9.947412025348324,.30522829,.52391046,.17034702,.49977726
MKD,North Macedonia,ECS,Europe and Central Asia,ECA,Europe and Central Asia (excluding high income),UMC,Upper middle income,IBD,IBRD,4,-9,2023,.63758391,.16107382,.0067114094,.26174498,.64429528,.046979867,.46979865,.026845638,0,.32885906,.59060401,.033557046,.18706392,1,.13922788,1,9.842761928483894,.3607246,.54915422,.23862888,.52724439
MKD,North Macedonia,ECS,Europe and Central Asia,ECA,Europe and Central Asia (excluding high income),UMC,Upper middle income,IBD,IBRD,4,0,2023,,,,,,,,,,,,,.19048774,1,.13858171,1,10.19463585907147,.3168723,.48886213,.20321009,.46979907
MKD,North Macedonia,ECS,Europe and Central Asia,ECA,Europe and Central Asia (excluding high income),UMC,Upper middle income,IBD,IBRD,4,1,2023,,,,,,,,,,,,,.18369247,1,.13986419,1,9.468779925517554,.40422046,.60895628,.27375981,.58422285
MLT,Malta,MEA,Middle East and North Africa,,,HIC,High income,LNX,Not classified,4,-9,2019,.75510204,.1122449,.010204081,.2857143,.62244898,.071428575,.06122449,0,0,.3877551,.52040815,.06122449,.12231405,1,.01184573,1,9.677441335837445,.3599754,.53859276,.11087136,.51229453
MLT,Malta,MEA,Middle East and North Africa,,,HIC,High income,LNX,Not classified,4,0,2019,,,,,,,,,,,,,.099550053,1,.010686164,1,9.914158887066653,.29876542,.47015998,.084108368,.44040039
MLT,Malta,MEA,Middle East and North Africa,,,HIC,High income,LNX,Not classified,4,1,2019,,,,,,,,,,,,,.14416847,1,.012958963,1,9.447970234815257,.41897923,.60455906,.13666974,.58159745
MLT,Malta,MEA,Middle East and North Africa,,,HIC,High income,LNX,Not classified,8,-9,2023,.78571427,.047619049,0,.16666667,.78571427,.047619049,.071428575,0,0,.16666667,.78571427,.047619049,.37431148,.37431148,.13770656,.010265398,9.694582184800376,.35707295,.58095235,.18546636,.56569511
MLT,Malta,MEA,Middle East and North Africa,,,HIC,High income,LNX,Not classified,8,0,2023,,,,,,,,,,,,,.39510489,.39510489,.13736264,.0084915087,9.748205224113558,.31772473,.5813123,.18211155,.56386477
MLT,Malta,MEA,Middle East and North Africa,,,HIC,High income,LNX,Not classified,8,1,2023,,,,,,,,,,,,,.35341364,.35341364,.13805221,.012048192,9.638888240935094,.39638305,.58059275,.18881792,.56752366
MNE,Montenegro,ECS,Europe and Central Asia,ECA,Europe and Central Asia (excluding high income),UMC,Upper middle income,IBD,IBRD,4,-9,2019,.15000001,.014285714,0,.48571429,.071428575,.0071428572,.014285714,0,0,.42142856,.071428575,.0071428572,.26930654,1,.14499606,1,11.09850821136763,.16751313,.31303674,.064912528,.30064899
MNE,Montenegro,ECS,Europe and Central Asia,ECA,Europe and Central Asia (excluding high income),UMC,Upper middle income,IBD,IBRD,4,0,2019,,,,,,,,,,,,,.2687262,1,.14557765,1,11.37280289143792,.13121808,.26925081,.038105991,.25999883
MNE,Montenegro,ECS,Europe and Central Asia,ECA,Europe and Central Asia (excluding high income),UMC,Upper middle income,IBD,IBRD,4,1,2019,,,,,,,,,,,,,.26981202,1,.1444895,1,10.85775993923348,.19930319,.35138789,.088391803,.33625358
MNE,Montenegro,ECS,Europe and Central Asia,ECA,Europe and Central Asia (excluding high income),UMC,Upper middle income,IBD,IBRD,4,-9,2023,.40425533,.04964539,.0070921984,.4609929,.21985815,.063829787,.14184397,.028368793,0,.46808511,.19858156,.056737587,.27326238,1,.22209644,1,10.46941261176167,.27594152,.43003535,.19299291,.41807121
MNE,Montenegro,ECS,Europe and Central Asia,ECA,Europe and Central Asia (excluding high income),UMC,Upper middle income,IBD,IBRD,4,0,2023,,,,,,,,,,,,,.26365796,1,.2104513,1,10.85115201579836,.22044405,.36506948,.1523627,.35362697
MNE,Montenegro,ECS,Europe and Central Asia,ECA,Europe and Central Asia (excluding high income),UMC,Upper middle income,IBD,IBRD,4,1,2023,,,,,,,,,,,,,.28200692,1,.23269896,1,10.10360530159276,.32773963,.49067077,.23091479,.47821972
MYS,Malaysia,EAS,East Asia and Pacific,EAP,East Asia and Pacific (excluding high income),UMC,Upper middle income,IBD,IBRD,8,-9,2019,.24858756,.62711865,.09039548,.02259887,.2259887,.75141245,.70621467,.14689265,0,.033898305,.30508474,.66101694,.10728388,.10728388,.047130976,.031802543,8.561039293515464,.55845273,.80517876,.38153982,.78344619
MYS,Malaysia,EAS,East Asia and Pacific,EAP,East Asia and Pacific (excluding high income),UMC,Upper middle income,IBD,IBRD,8,0,2019,,,,,,,,,,,,,.097744666,.097744666,.043781172,.032946952,8.682071136455463,.51686984,.78246498,.37231749,.75724113
MYS,Malaysia,EAS,East Asia and Pacific,EAP,East Asia and Pacific (excluding high income),UMC,Upper middle income,IBD,IBRD,8,1,2019,,,,,,,,,,,,,.11760678,.11760678,.050755993,.030564113,8.43626022255275,.60116923,.82851177,.39101356,.81036574
MYS,Malaysia,EAS,East Asia and Pacific,EAP,East Asia and Pacific (excluding high income),UMC,Upper middle income,IBD,IBRD,8,-9,2023,.59444445,.31666666,.0055555557,.050000001,.53888887,.41111112,.66111112,.088888891,0,.055555556,.60555553,.33888888,.05982139,.05982139,.028796166,.028796166,9.402739993438473,.43683937,.71720463,.33927903,.6974619
MYS,Malaysia,EAS,East Asia and Pacific,EAP,East Asia and Pacific (excluding high income),UMC,Upper middle income,IBD,IBRD,8,0,2023,,,,,,,,,,,,,.057889901,.057889901,.032449771,.032449771,9.562741507062043,.39096558,.68360299,.32450882,.65869796
MYS,Malaysia,EAS,East Asia and Pacific,EAP,East Asia and Pacific (excluding high income),UMC,Upper middle income,IBD,IBRD,8,1,2023,,,,,,,,,,,,,.061886713,.061886713,.0248894,.0248894,9.2303042563289,.48588929,.7531327,.35507184,.73890966
NIR,,,,,,,,,,4,-9,2019,.47761193,.029850746,0,.57462686,.29104477,0,.014925373,0,0,.60447758,.24626866,0,.23299746,1,.20830211,1,10.10080810452178,.25259253,.41725603,.081074633,.40358308
NIR,,,,,,,,,,4,0,2019,,,,,,,,,,,,,.21969743,1,.2072525,1,10.23035783310744,.19110696,.36768678,.079929933,.35208911
NIR,,,,,,,,,,4,1,2019,,,,,,,,,,,,,.24575146,1,.20930864,1,9.973587687460986,.31305623,.46600148,.082200311,.45422125
NLD,Netherlands,ECS,Europe and Central Asia,,,HIC,High income,LNX,Not classified,4,-9,2019,.38392857,.017857144,0,.5625,.33035713,.0089285718,.035714287,0,0,.58035713,.30357143,.0089285718,.41505679,1,.33514205,1,10.02815685967637,.24235804,.43288738,.06382072,.42189169
NLD,Netherlands,ECS,Europe and Central Asia,,,HIC,High income,LNX,Not classified,4,0,2019,,,,,,,,,,,,,.42263442,1,.33631134,1,10.23758837346414,.18362524,.38097903,.06255094,.36892661
NLD,Netherlands,ECS,Europe and Central Asia,,,HIC,High income,LNX,Not classified,4,1,2019,,,,,,,,,,,,,.40782297,1,.3340258,1,9.828554562904566,.29822868,.48226613,.065028615,.47227564
NLD,Netherlands,ECS,Europe and Central Asia,,,HIC,High income,LNX,Not classified,4,-9,2023,.52845526,.089430891,0,.48780489,.35772356,.048780486,.056910571,.008130081,0,.48780489,.34959349,.048780486,.48504639,1,.40025082,1,10.15734796740844,.28628621,.44721159,.10669247,.43258002
NLD,Netherlands,ECS,Europe and Central Asia,,,HIC,High income,LNX,Not classified,4,0,2023,,,,,,,,,,,,,.49706888,1,.41580999,1,10.27920802693035,.24421941,.42076656,.098183423,.40811169
NLD,Netherlands,ECS,Europe and Central Asia,,,HIC,High income,LNX,Not classified,4,1,2023,,,,,,,,,,,,,.4726789,1,.38424519,1,10.03150280083165,.32959521,.47443756,.11545278,.45777088
NOR,Norway,ECS,Europe and Central Asia,,,HIC,High income,LNX,Not classified,4,-9,2019,.23333333,0,.0066666668,.5933333,.18000001,.0066666668,.02,.0066666668,0,.60000002,.16,.0066666668,.40404028,1,.27358729,1,10.32871037702301,.18149237,.34997058,.047123797,.34058955
NOR,Norway,ECS,Europe and Central Asia,,,HIC,High income,LNX,Not classified,4,0,2019,,,,,,,,,,,,,.40844256,1,.27636603,1,10.48033931374632,.15488428,.31862915,.056145407,.30593556
NOR,Norway,ECS,Europe and Central Asia,,,HIC,High income,LNX,Not classified,4,1,2019,,,,,,,,,,,,,.40001044,1,.27104363,1,10.19042836390779,.20590544,.37872651,.038846422,.37238482
NOR,Norway,ECS,Europe and Central Asia,,,HIC,High income,LNX,Not classified,8,-9,2019,.057324842,0,0,.54777068,.10191083,0,.044585988,0,0,.49681529,.089171976,0,.46557465,.47209093,.31562278,.25255528,10.33496505497678,.11433925,.30405894,.090485692,.28344092
NOR,Norway,ECS,Europe and Central Asia,,,HIC,High income,LNX,Not classified,8,0,2019,,,,,,,,,,,,,.47730225,.48368174,.31781477,.25317451,10.17107681239164,.096405126,.32132381,.10321111,.29583395
NOR,Norway,ECS,Europe and Central Asia,,,HIC,High income,LNX,Not classified,8,1,2019,,,,,,,,,,,,,.45464697,.46129069,.3135803,.25197828,10.49256047281589,.13152173,.2875177,.078293614,.27156731
NOR,Norway,ECS,Europe and Central Asia,,,HIC,High income,LNX,Not classified,4,-9,2023,.46875,.025,0,.625,.27500001,.0125,.037500001,0,0,.64375001,.2375,.0125,.45931146,1,.27769628,1,10.29608047743532,.24828383,.41649565,.10174929,.40382096
NOR,Norway,ECS,Europe and Central Asia,,,HIC,High income,LNX,Not classified,4,0,2023,,,,,,,,,,,,,.46329111,1,.28087598,1,10.39539309776885,.21442896,.38992167,.1127126,.37625504
NOR,Norway,ECS,Europe and Central Asia,,,HIC,High income,LNX,Not classified,4,1,2023,,,,,,,,,,,,,.45524254,1,.2744453,1,10.19321358022203,.28277314,.44356763,.090580538,.43190348
NOR,Norway,ECS,Europe and Central Asia,,,HIC,High income,LNX,Not classified,8,-9,2023,.28662419,.012738854,0,.75159234,.14012739,.019108281,.057324842,0,0,.78343952,.089171976,.019108281,.48569381,.4913117,.2849007,.18368757,10.30932852358003,.19506602,.39678892,.13685901,.3823455
NOR,Norway,ECS,Europe and Central Asia,,,HIC,High income,LNX,Not classified,8,0,2023,,,,,,,,,,,,,.49321017,.50011384,.29441419,.18505684,10.22112086766787,.17274982,.42119068,.13001138,.40400946
NOR,Norway,ECS,Europe and Central Asia,,,HIC,High income,LNX,Not classified,8,1,2023,,,,,,,,,,,,,.47909567,.48358482,.27654934,.18248555,10.39103014958545,.21480745,.37520257,.1429166,.36318108
NZL,New Zealand,EAS,East Asia and Pacific,,,HIC,High income,LNX,Not classified,4,-9,2019,.61874998,.22499999,.0125,.19374999,.66250002,.13124999,.043749999,0,0,.21250001,.66874999,.10625,.1023194,1,.035033256,1,9.257827939895362,.39990893,.59957045,.096423648,.58332896
NZL,New Zealand,EAS,East Asia and Pacific,,,HIC,High income,LNX,Not classified,4,0,2019,,,,,,,,,,,,,.098548263,1,.023995254,1,9.43845932416742,.35485721,.55848879,.080539197,.54313821
NZL,New Zealand,EAS,East Asia and Pacific,,,HIC,High income,LNX,Not classified,4,1,2019,,,,,,,,,,,,,.10574276,1,.045053277,1,9.091174126458753,.44106153,.63709658,.11093333,.62004131
NZL,New Zealand,EAS,East Asia and Pacific,,,HIC,High income,LNX,Not classified,8,-9,2019,.52985072,.014925373,0,.50746268,.46268657,.014925373,.097014926,0,0,.5970149,.37313432,.014925373,.31455669,.32150838,.14244419,.11164777,9.583689754610109,.2692993,.4905836,.15885764,.47255048
NZL,New Zealand,EAS,East Asia and Pacific,,,HIC,High income,LNX,Not classified,8,0,2019,,,,,,,,,,,,,.30661643,.3071335,.14318238,.11252918,9.499481105140353,.23869692,.49972656,.2021153,.47418094
NZL,New Zealand,EAS,East Asia and Pacific,,,HIC,High income,LNX,Not classified,8,1,2019,,,,,,,,,,,,,.32305914,.3369011,.14165375,.11070395,9.66424094207782,.29810441,.48197761,.11814056,.47101578
NZL,New Zealand,EAS,East Asia and Pacific,,,HIC,High income,LNX,Not classified,4,-9,2023,.59740257,.29870129,.025974026,.11688311,.73376626,.13636364,.15584415,.0064935065,0,.15584415,.72077924,.11038961,.31745112,1,.28169456,1,9.442398241256148,.44502956,.62713075,.1539685,.61188406
NZL,New Zealand,EAS,East Asia and Pacific,,,HIC,High income,LNX,Not classified,4,0,2023,,,,,,,,,,,,,.3289167,1,.2925804,1,9.560137498997591,.43729728,.61301315,.14500025,.59303486
NZL,New Zealand,EAS,East Asia and Pacific,,,HIC,High income,LNX,Not classified,4,1,2023,,,,,,,,,,,,,.30644113,1,.27124128,1,9.323705258282951,.45253354,.64083153,.16267197,.63017678
NZL,New Zealand,EAS,East Asia and Pacific,,,HIC,High income,LNX,Not classified,8,-9,2023,.76530612,.14285715,0,.20408164,.75510204,.040816326,.36734694,.020408163,0,.26530612,.70408165,.030612245,.50805432,.50805432,.38781774,.33765411,9.580815098075629,.38584739,.56758606,.22854252,.55017167
NZL,New Zealand,EAS,East Asia and Pacific,,,HIC,High income,LNX,Not classified,8,0,2023,,,,,,,,,,,,,.55290186,.55290186,.38977757,.33418611,9.603113653474336,.34550357,.54940856,.24388592,.53119975
NZL,New Zealand,EAS,East Asia and Pacific,,,HIC,High income,LNX,Not classified,8,1,2023,,,,,,,,,,,,,.46359545,.46359545,.38587493,.34109205,9.562082373634526,.41968632,.58283275,.21567303,.56608462
OMN,Oman,MEA,Middle East and North Africa,,,HIC,High income,LNX,Not classified,4,-9,2019,.34649122,.44736841,.057017542,.13157895,.40789473,.41666666,.31140351,.048245613,0,.1491228,.45614034,.3508772,.41005781,1,.21039248,1,9.296306423124442,.4766151,.67988598,.21160603,.66224104
OMN,Oman,MEA,Middle East and North Africa,,,HIC,High income,LNX,Not classified,4,0,2019,,,,,,,,,,,,,.4114022,1,.21086174,1,9.536908859546591,.42993012,.64584851,.16092497,.62567651
OMN,Oman,MEA,Middle East and North Africa,,,HIC,High income,LNX,Not classified,4,1,2019,,,,,,,,,,,,,.40881577,1,.20995894,1,9.053471923601297,.52302706,.71372437,.26199067,.69859171
OMN,Oman,MEA,Middle East and North Africa,,,HIC,High income,LNX,Not classified,8,-9,2019,.5219298,.2631579,.021929825,.31140351,.5350877,.13157895,.1754386,.030701755,0,.35964912,.49561402,.12280702,.25306141,.26040304,.19161074,.20923117,9.610205332946977,.39536837,.57254672,.1590904,.5525077
OMN,Oman,MEA,Middle East and North Africa,,,HIC,High income,LNX,Not classified,8,0,2019,,,,,,,,,,,,,.24593219,.25462651,.17034645,.19404249,9.90504559814543,.33125764,.5132575,.092387833,.49083114
OMN,Oman,MEA,Middle East and North Africa,,,HIC,High income,LNX,Not classified,8,1,2019,,,,,,,,,,,,,.26027673,.26624936,.2131319,.22460335,9.327881792561817,.4556967,.62833804,.22185764,.61054552
OMN,Oman,MEA,Middle East and North Africa,,,HIC,High income,LNX,Not classified,4,-9,2023,.37727273,.4909091,.063636363,.077272728,.5,.40000001,.5181818,.23181818,.0045454544,.086363636,.51363635,.37727273,.48594713,1,.31820306,1,8.89222180687899,.51466215,.69053596,.37724555,.67692578
OMN,Oman,MEA,Middle East and North Africa,,,HIC,High income,LNX,Not classified,4,0,2023,,,,,,,,,,,,,.48960632,1,.32736331,1,9.147230578917709,.48465282,.67565423,.34686279,.66258311
OMN,Oman,MEA,Middle East and North Africa,,,HIC,High income,LNX,Not classified,4,1,2023,,,,,,,,,,,,,.48220393,1,.3088325,1,8.627953388985897,.54480058,.70548165,.40775898,.69133013
OMN,Oman,MEA,Middle East and North Africa,,,HIC,High income,LNX,Not classified,8,-9,2023,.45333335,.45333335,.039999999,.12444445,.61333334,.26222223,.49777779,.079999998,0,.15111111,.64444447,.20444444,.26957995,.26957995,.24222577,.23708199,9.344443256826104,.49077532,.65895975,.28721669,.64130819
OMN,Oman,MEA,Middle East and North Africa,,,HIC,High income,LNX,Not classified,8,0,2023,,,,,,,,,,,,,.2568548,.2568548,.2227633,.2227633,9.818183566679355,.42398518,.61538422,.19994187,.59350228
OMN,Oman,MEA,Middle East and North Africa,,,HIC,High income,LNX,Not classified,8,1,2023,,,,,,,,,,,,,.28145382,.28145382,.26038623,.2504428,8.863943595644203,.55310625,.69962609,.36866468,.68592238
PAK,Pakistan,SAS,South Asia,SAS,South Asia (excluding high income),LMC,Lower middle income,IDB,Blend,4,-9,2019,.25179857,.18705036,.19424461,.10071942,.25899279,.45323741,.20143884,.16546762,.10071942,.1294964,.26618704,.41726619,.18971843,1,.065381527,1,9.277897962041992,.40194672,.62563616,.2926079,.61131757
PAK,Pakistan,SAS,South Asia,SAS,South Asia (excluding high income),LMC,Lower middle income,IDB,Blend,4,0,2019,,,,,,,,,,,,,.18025848,1,.06359911,1,9.792009577546732,.31576106,.54074973,.23435107,.52289587
PAK,Pakistan,SAS,South Asia,SAS,South Asia (excluding high income),LMC,Lower middle income,IDB,Blend,4,1,2019,,,,,,,,,,,,,.19746587,1,.066841274,1,8.850707723007684,.47317287,.69578856,.34075293,.68439162
PHL,Philippines,EAS,East Asia and Pacific,EAP,East Asia and Pacific (excluding high income),LMC,Lower middle income,IBD,IBRD,4,-9,2019,.050000001,.32222223,.60555553,.027777778,.050000001,.9222222,.16666667,.40000001,.30555555,.027777778,.06666667,.90555555,.082646728,1,.018846923,1,7.719499559882656,.75600481,.91675502,.59872609,.89395016
PHL,Philippines,EAS,East Asia and Pacific,EAP,East Asia and Pacific (excluding high income),LMC,Lower middle income,IBD,IBRD,4,0,2019,,,,,,,,,,,,,.078674644,1,.018765772,1,7.864881075619291,.72905326,.91156882,.56080675,.88955188
PHL,Philippines,EAS,East Asia and Pacific,EAP,East Asia and Pacific (excluding high income),LMC,Lower middle income,IBD,IBRD,4,1,2019,,,,,,,,,,,,,.086284436,1,.018921245,1,7.583876876185919,.78108376,.92158085,.63401073,.8980428
POL,Poland,ECS,Europe and Central Asia,,,HIC,High income,IBD,IBRD,4,-9,2019,.30201343,0,0,.65771812,.18791947,.0067114094,0,0,0,.67785233,.16107382,.0067114094,.18113579,1,.015084889,1,10.37611505081066,.2037673,.38335338,.073115617,.37521178
POL,Poland,ECS,Europe and Central Asia,,,HIC,High income,IBD,IBRD,4,0,2019,,,,,,,,,,,,,.17886068,1,.014685441,1,10.68106823226866,.13992426,.30661595,.063515723,.29880631
POL,Poland,ECS,Europe and Central Asia,,,HIC,High income,IBD,IBRD,4,1,2019,,,,,,,,,,,,,.18336207,1,.015475767,1,10.07469886508279,.2661812,.45837304,.082500614,.44990689
POL,Poland,ECS,Europe and Central Asia,,,HIC,High income,IBD,IBRD,4,-9,2023,.40666667,.033333335,0,.44,.48666668,.013333334,.059999999,0,0,.52666664,.40000001,.013333334,.26745215,1,.046398859,1,10.25539618153354,.23903555,.47577757,.12783839,.46166405
POL,Poland,ECS,Europe and Central Asia,,,HIC,High income,IBD,IBRD,4,0,2023,,,,,,,,,,,,,.26078495,1,.04433934,1,10.45844148821097,.18018693,.41808441,.13620485,.39941499
POL,Poland,ECS,Europe and Central Asia,,,HIC,High income,IBD,IBRD,4,1,2023,,,,,,,,,,,,,.27401981,1,.04842763,1,10.05269817999691,.29730442,.53290236,.11955434,.52329981
PRT,Portugal,ECS,Europe and Central Asia,,,HIC,High income,LNX,Not classified,4,-9,2019,.59668511,.038674034,.0055248621,.3922652,.519337,.060773481,0,.0055248621,0,.41436464,.50276244,.049723756,.22256935,1,.11549497,1,9.782453671621909,.29024431,.51665467,.061758064,.50641972
PRT,Portugal,ECS,Europe and Central Asia,,,HIC,High income,LNX,Not classified,4,0,2019,,,,,,,,,,,,,.22074173,1,.11111358,1,9.977367783914705,.24505159,.45883217,.048947509,.44824427
PRT,Portugal,ECS,Europe and Central Asia,,,HIC,High income,LNX,Not classified,4,1,2019,,,,,,,,,,,,,.22426872,1,.1195689,1,9.597878348154142,.33272907,.57101238,.073801003,.5611093
PRT,Portugal,ECS,Europe and Central Asia,,,HIC,High income,LNX,Not classified,8,-9,2019,.23076923,.01923077,0,.55769229,.1474359,0,0,0,0,.55769229,.14102565,0,.23056336,.23056336,.066858225,.029502764,10.5045745426098,.17992106,.33504188,.049124476,.32722512
PRT,Portugal,ECS,Europe and Central Asia,,,HIC,High income,LNX,Not classified,8,0,2019,,,,,,,,,,,,,.23282814,.23282814,.068994723,.028889103,10.52719432040285,.12310173,.32735404,.045515038,.31865212
PRT,Portugal,ECS,Europe and Central Asia,,,HIC,High income,LNX,Not classified,8,1,2019,,,,,,,,,,,,,.22829181,.22829181,.064715348,.030118255,10.48181911994278,.236625,.3427141,.052726582,.33578071
PRT,Portugal,ECS,Europe and Central Asia,,,HIC,High income,LNX,Not classified,4,-9,2023,.65853661,.13414635,.012195121,.19512194,.71951222,.079268292,.1402439,.0060975607,0,.23780487,.68292683,.073170729,.24793196,1,.11349538,1,9.727183227896617,.36715412,.5935809,.13619527,.57713723
PRT,Portugal,ECS,Europe and Central Asia,,,HIC,High income,LNX,Not classified,4,0,2023,,,,,,,,,,,,,.2415971,1,.10528765,1,9.861869907760294,.31314552,.55885363,.12401066,.54204559
PRT,Portugal,ECS,Europe and Central Asia,,,HIC,High income,LNX,Not classified,4,1,2023,,,,,,,,,,,,,.25437465,1,.12184282,1,9.592678463565978,.4212065,.62833631,.14838977,.61225736
PRT,Portugal,ECS,Europe and Central Asia,,,HIC,High income,LNX,Not classified,8,-9,2023,.48780489,.024390243,0,.35975611,.59146339,.048780486,.042682927,0,0,.39024389,.56707317,.042682927,.30287686,.31789845,.11024817,.051729448,9.976547135530025,.26843023,.53519189,.12119497,.52798057
PRT,Portugal,ECS,Europe and Central Asia,,,HIC,High income,LNX,Not classified,8,0,2023,,,,,,,,,,,,,.30207306,.31723884,.11940851,.058864433,9.952452482574623,.2485856,.54939198,.11479025,.54334521
PRT,Portugal,ECS,Europe and Central Asia,,,HIC,High income,LNX,Not classified,8,1,2023,,,,,,,,,,,,,.30365369,.31853592,.10139517,.044833846,9.999753144380701,.28734997,.52165359,.12730119,.51333201
PSE,West Bank and Gaza,MEA,Middle East and North Africa,MNA,Middle East and North Africa (excluding high income),LMC,Lower middle income,LNX,Not classified,8,-9,2023,.55050504,.34343433,.01010101,.10606061,.66666669,.21717171,.42424244,.05050505,0,.11616161,.72222221,.15151516,.28660938,.28977662,.1908848,.16886438,9.465736852590966,.43569562,.65185434,.26034337,.63485223
PSE,West Bank and Gaza,MEA,Middle East and North Africa,MNA,Middle East and North Africa (excluding high income),LMC,Lower middle income,LNX,Not classified,8,0,2023,,,,,,,,,,,,,.22678989,.23120064,.13446005,.11749692,10.07761754776438,.35501477,.61130965,.17377816,.59348226
PSE,West Bank and Gaza,MEA,Middle East and North Africa,MNA,Middle East and North Africa (excluding high income),LMC,Lower middle income,LNX,Not classified,8,1,2023,,,,,,,,,,,,,.34706652,.348977,.24791102,.22077942,8.835423259682194,.51263016,.69051635,.34288907,.67430121
QAT,Qatar,MEA,Middle East and North Africa,,,HIC,High income,LNX,Not classified,4,-9,2019,.47520661,.37603307,.05785124,.11570248,.49586776,.38016528,.39669421,.08677686,.0041322312,.14462809,.49586776,.35123968,.1291398,1,.074960142,1,9.017813134135034,.47368956,.69286138,.25325483,.6755324
QAT,Qatar,MEA,Middle East and North Africa,,,HIC,High income,LNX,Not classified,4,0,2019,,,,,,,,,,,,,.10393545,1,.07343597,1,9.322792433036616,.41466206,.65908015,.22356777,.63766408
QAT,Qatar,MEA,Middle East and North Africa,,,HIC,High income,LNX,Not classified,4,1,2019,,,,,,,,,,,,,.15587866,1,.076577105,1,8.703902505862816,.5335412,.72711426,.2833564,.71392947
QAT,Qatar,MEA,Middle East and North Africa,,,HIC,High income,LNX,Not classified,8,-9,2019,.45394737,.20394737,.013157895,.34210527,.47368422,.14473684,.23684211,.046052631,0,.38157895,.45394737,.125,.14131144,.14131144,.094499633,.089984342,9.627791014269055,.35275146,.53904867,.19804522,.52201033
QAT,Qatar,MEA,Middle East and North Africa,,,HIC,High income,LNX,Not classified,8,0,2019,,,,,,,,,,,,,.19021982,.19021982,.13186656,.12860776,10.15846703863586,.24761142,.45147324,.13425741,.43156838
QAT,Qatar,MEA,Middle East and North Africa,,,HIC,High income,LNX,Not classified,8,1,2019,,,,,,,,,,,,,.094503783,.094503783,.058737706,.053019878,9.094479175443267,.45676097,.62568253,.26114714,.61147976
QAT,Qatar,MEA,Middle East and North Africa,,,HIC,High income,LNX,Not classified,4,-9,2023,.44444445,.43010753,.046594981,.13261649,.57706094,.28673837,.37992832,.11827957,.0071684588,.13978495,.61290324,.24014337,.15003119,1,.10262009,1,9.318633459997425,.47706494,.65455759,.27374804,.63757312
QAT,Qatar,MEA,Middle East and North Africa,,,HIC,High income,LNX,Not classified,4,0,2023,,,,,,,,,,,,,.11891559,1,.085951939,1,9.620022625784122,.42825735,.61686414,.23895587,.59735209
QAT,Qatar,MEA,Middle East and North Africa,,,HIC,High income,LNX,Not classified,4,1,2023,,,,,,,,,,,,,.18193305,1,.11970941,1,9.023130104324794,.52378494,.69063872,.30705205,.67607379
QAT,Qatar,MEA,Middle East and North Africa,,,HIC,High income,LNX,Not classified,8,-9,2023,.60209423,.20942408,.020942409,.21465969,.65445024,.099476442,.35602096,.05235602,0,.2303665,.67015707,.068062827,.12657049,.12657049,.09562587,.09190321,9.801941581859126,.37443399,.56639969,.21371834,.5534389
QAT,Qatar,MEA,Middle East and North Africa,,,HIC,High income,LNX,Not classified,8,0,2023,,,,,,,,,,,,,.10125361,.10125361,.069431052,.067020252,10.23750495061695,.30133641,.52198684,.15701924,.50859046
QAT,Qatar,MEA,Middle East and North Africa,,,HIC,High income,LNX,Not classified,8,1,2023,,,,,,,,,,,,,.15017986,.15017986,.12005395,.11510792,9.389498846673275,.44133875,.60704988,.26561385,.59448785
ROM,,,,,,,,,,8,-9,2019,.4848485,.12121212,0,.46464646,.37878788,.070707068,.11111111,.005050505,0,.50505048,.35858586,.05050505,.16687006,.18495563,.10249463,.068796173,9.639606914325267,.290185,.46953177,.12614563,.45391393
ROM,,,,,,,,,,8,0,2019,,,,,,,,,,,,,.18291506,.20160814,.11989673,.086049177,9.669900521234615,.23674126,.44832835,.11101865,.43350646
ROM,,,,,,,,,,8,1,2019,,,,,,,,,,,,,.15086123,.16834065,.085131757,.051582061,9.608162942129434,.34518313,.4913519,.14171258,.47491494
ROM,,,,,,,,,,4,-9,2023,.56923079,.092307694,.0076923077,.36923078,.47692308,.053846154,.23076923,.023076924,0,.3923077,.44615385,.053846154,.48807642,1,.43393624,1,9.921726697170273,.30138284,.49898419,.16897398,.48686653
ROM,,,,,,,,,,4,0,2023,,,,,,,,,,,,,.49052003,1,.43290386,1,10.19424095765128,.26564148,.46251789,.15084077,.45109719
ROM,,,,,,,,,,4,1,2023,,,,,,,,,,,,,.48568344,1,.43494722,1,9.64899822828035,.33606109,.53436583,.18656783,.52157193
ROM,,,,,,,,,,8,-9,2023,.578125,.28125,.015625,.203125,.5703125,.1953125,.4140625,.0703125,0,.2109375,.5703125,.1875,.45469934,.46403766,.42539376,.41605544,9.359056685665614,.4134039,.60045135,.24622713,.59230655
ROM,,,,,,,,,,8,0,2023,,,,,,,,,,,,,.47555736,.48526534,.43823135,.42852336,9.51090940868538,.37715727,.59223133,.20692645,.58397669
ROM,,,,,,,,,,8,1,2023,,,,,,,,,,,,,.4352082,.44420111,.41339749,.40440455,9.214925549382441,.44716483,.60810769,.28283265,.60006517
RUS,Russian Federation,ECS,Europe and Central Asia,ECA,Europe and Central Asia (excluding high income),UMC,Upper middle income,IBD,IBRD,4,-9,2019,.5,.16500001,.0049999999,.185,.51999998,.255,.14,.0049999999,0,.19499999,.55000001,.215,.026075384,1,.021667887,1,9.606995130679582,.32569817,.61451942,.14014505,.59751523
RUS,Russian Federation,ECS,Europe and Central Asia,ECA,Europe and Central Asia (excluding high income),UMC,Upper middle income,IBD,IBRD,4,0,2019,,,,,,,,,,,,,.027704423,1,.02447705,1,9.718922591063857,.30033299,.58051759,.13816816,.56081963
RUS,Russian Federation,ECS,Europe and Central Asia,ECA,Europe and Central Asia (excluding high income),UMC,Upper middle income,IBD,IBRD,4,1,2019,,,,,,,,,,,,,.024408106,1,.01879278,1,9.491709096618239,.35187861,.64961404,.14218546,.63539034
RUS,Russian Federation,ECS,Europe and Central Asia,ECA,Europe and Central Asia (excluding high income),UMC,Upper middle income,IBD,IBRD,8,-9,2019,.15196079,0,0,.55392158,.27941176,.019607844,.10784314,0,0,.58823532,.21078432,.014705882,.032571208,.032571208,.022602428,.018045612,10.32340273942119,.12666254,.41484785,.12586354,.38935098
RUS,Russian Federation,ECS,Europe and Central Asia,ECA,Europe and Central Asia (excluding high income),UMC,Upper middle income,IBD,IBRD,8,0,2019,,,,,,,,,,,,,.036143553,.036143553,.024284273,.019525567,10.18673021487791,.11870135,.41390997,.13647632,.38774019
RUS,Russian Federation,ECS,Europe and Central Asia,ECA,Europe and Central Asia (excluding high income),UMC,Upper middle income,IBD,IBRD,8,1,2019,,,,,,,,,,,,,.029289646,.029289646,.021057481,.016686123,10.4520685945437,.13414225,.41572902,.11589257,.39086434
SAU,Saudi Arabia,MEA,Middle East and North Africa,,,HIC,High income,LNX,Not classified,4,-9,2019,.40909091,.36363637,.0090909088,.19090909,.42272729,.31818181,.26818183,.031818181,0,.19545455,.45454547,.26818183,.30483809,1,.19928195,1,9.552122137979673,.3974753,.61519957,.18541147,.60164052
SAU,Saudi Arabia,MEA,Middle East and North Africa,,,HIC,High income,LNX,Not classified,4,0,2019,,,,,,,,,,,,,.25336006,1,.1701128,1,10.24228509102073,.29139733,.51123071,.11547512,.49501362
SAU,Saudi Arabia,MEA,Middle East and North Africa,,,HIC,High income,LNX,Not classified,4,1,2019,,,,,,,,,,,,,.35748029,1,.22911073,1,8.875337870927508,.49606973,.71183372,.25041395,.70074517
SAU,Saudi Arabia,MEA,Middle East and North Africa,,,HIC,High income,LNX,Not classified,8,-9,2019,.4832536,.038277511,.0095693776,.49282297,.40669855,.033492822,.26794258,.023923445,0,.50717705,.36363637,.028708134,.29324996,.30325267,.18576708,.18340519,10.22615953425112,.2628299,.47606307,.19859275,.44425613
SAU,Saudi Arabia,MEA,Middle East and North Africa,,,HIC,High income,LNX,Not classified,8,0,2019,,,,,,,,,,,,,.28130189,.29460314,.12321357,.11863258,10.62072939331776,.20249397,.40160796,.13328357,.37109441
SAU,Saudi Arabia,MEA,Middle East and North Africa,,,HIC,High income,LNX,Not classified,8,1,2019,,,,,,,,,,,,,.30596682,.31245875,.25234553,.25234553,9.835240000406296,.32158116,.54856265,.26218662,.51549631
SAU,Saudi Arabia,MEA,Middle East and North Africa,,,HIC,High income,LNX,Not classified,4,-9,2023,.58411217,.26635513,.023364486,.21028037,.58878505,.16355141,.5373832,.084112152,.004672897,.23364486,.59345794,.13551402,.26490262,1,.22946583,1,9.546338295754396,.39755794,.58503222,.28881174,.57071292
SAU,Saudi Arabia,MEA,Middle East and North Africa,,,HIC,High income,LNX,Not classified,4,0,2023,,,,,,,,,,,,,.29581621,1,.27782953,1,10.17451823037468,.33890271,.51980513,.22629583,.50605106
SAU,Saudi Arabia,MEA,Middle East and North Africa,,,HIC,High income,LNX,Not classified,4,1,2023,,,,,,,,,,,,,.22706422,1,.17026834,1,8.846917143074373,.45447466,.64832604,.3494747,.6334582
SAU,Saudi Arabia,MEA,Middle East and North Africa,,,HIC,High income,LNX,Not classified,8,-9,2023,.57004833,.096618354,.0048309178,.38647342,.4879227,.048309177,.28502417,.019323671,0,.39613527,.46859902,.043478262,.34639347,.34951675,.29300973,.28118587,10.23648279912151,.31085441,.49087355,.19731617,.48035142
SAU,Saudi Arabia,MEA,Middle East and North Africa,,,HIC,High income,LNX,Not classified,8,0,2023,,,,,,,,,,,,,.33395621,.33395621,.27986509,.2616339,10.74442819491884,.24416631,.42500743,.14918309,.41020593
SAU,Saudi Arabia,MEA,Middle East and North Africa,,,HIC,High income,LNX,Not classified,8,1,2023,,,,,,,,,,,,,.35774755,.36372212,.3050096,.29903504,9.710041237054174,.37326464,.55251449,.24236165,.54599726
SGP,Singapore,EAS,East Asia and Pacific,,,HIC,High income,LNX,Not classified,4,-9,2019,.63636363,.069518715,0,.46524063,.48663101,.037433155,.037433155,0,0,.4973262,.45989305,.021390375,.031740729,1,0,1,9.723303844929189,.30451787,.51329076,.083576307,.49719533
SGP,Singapore,EAS,East Asia and Pacific,,,HIC,High income,LNX,Not classified,4,0,2019,,,,,,,,,,,,,.018493611,1,0,1,9.978703947103613,.23931748,.4397696,.07631065,.42279258
SGP,Singapore,EAS,East Asia and Pacific,,,HIC,High income,LNX,Not classified,4,1,2019,,,,,,,,,,,,,.044820718,1,0,1,9.475801852578273,.36763757,.58446574,.090610109,.56922376
SGP,Singapore,EAS,East Asia and Pacific,,,HIC,High income,LNX,Not classified,8,-9,2019,.49673203,.026143791,0,.503268,.41830066,.026143791,.12418301,0,0,.52941179,.35947713,.019607844,.051308468,.051308468,0,0,9.549851611196633,.25219873,.47528982,.15415247,.44252881
SGP,Singapore,EAS,East Asia and Pacific,,,HIC,High income,LNX,Not classified,8,0,2019,,,,,,,,,,,,,.043110736,.043110736,0,0,9.831656272273968,.13886777,.37999043,.12054927,.33861744
SGP,Singapore,EAS,East Asia and Pacific,,,HIC,High income,LNX,Not classified,8,1,2019,,,,,,,,,,,,,.059107359,.059107359,0,0,9.280296216245558,.36049235,.56635338,.18626209,.54182154
SGP,Singapore,EAS,East Asia and Pacific,,,HIC,High income,LNX,Not classified,4,-9,2023,.76243097,.099447511,0,.23204421,.71270716,.044198897,.13259669,0,0,.29281768,.66850829,.027624309,.026799388,1,.010719755,1,9.927987202525536,.3536858,.55947226,.14717096,.54286402
SGP,Singapore,EAS,East Asia and Pacific,,,HIC,High income,LNX,Not classified,4,0,2023,,,,,,,,,,,,,.029758215,1,.01549907,1,10.0854313371878,.31919211,.52171385,.13936977,.50319517
SGP,Singapore,EAS,East Asia and Pacific,,,HIC,High income,LNX,Not classified,4,1,2023,,,,,,,,,,,,,.023910411,1,.0060532689,1,9.773716358574202,.38728872,.59625566,.15477069,.58150846
SGP,Singapore,EAS,East Asia and Pacific,,,HIC,High income,LNX,Not classified,8,-9,2023,.52413791,.11724138,0,.41379312,.50344825,.062068965,.32413793,.0068965517,0,.45517242,.46896553,.04137931,.055532273,.055532273,.018231349,.018231349,10.00744421154791,.31269729,.52444524,.19865532,.49826616
SGP,Singapore,EAS,East Asia and Pacific,,,HIC,High income,LNX,Not classified,8,0,2023,,,,,,,,,,,,,.042082429,.042082429,.012581345,.012581345,10.16461486552515,.24242903,.46200308,.15508389,.42888707
SGP,Singapore,EAS,East Asia and Pacific,,,HIC,High income,LNX,Not classified,8,1,2023,,,,,,,,,,,,,.068098903,.068098903,.023510337,.023510337,9.863944272812551,.37638494,.58103967,.23814628,.56114787
SRB,Serbia,ECS,Europe and Central Asia,ECA,Europe and Central Asia (excluding high income),UMC,Upper middle income,IBD,IBRD,4,-9,2019,.17575757,.024242423,.0060606059,.53333336,.07272727,.018181818,.018181818,.0060606059,0,.4969697,.07272727,.018181818,.14645757,1,.088255696,1,11.06906630891055,.15882006,.28479061,.055021428,.2784985
SRB,Serbia,ECS,Europe and Central Asia,ECA,Europe and Central Asia (excluding high income),UMC,Upper middle income,IBD,IBRD,4,0,2019,,,,,,,,,,,,,.14267945,1,.083988525,1,11.28443416729511,.1165236,.23803444,.041214671,.23353973
SRB,Serbia,ECS,Europe and Central Asia,ECA,Europe and Central Asia (excluding high income),UMC,Upper middle income,IBD,IBRD,4,1,2019,,,,,,,,,,,,,.15020114,1,.092483848,1,10.85431732250433,.20102262,.33144298,.068797536,.32335749
SRB,Serbia,ECS,Europe and Central Asia,ECA,Europe and Central Asia (excluding high income),UMC,Upper middle income,IBD,IBRD,4,-9,2023,.39240506,.06329114,0,.49367088,.30379745,.050632913,.12025317,.012658228,0,.52531648,.28481013,.018987341,.11475358,1,.023129083,1,10.52387705062757,.24914229,.42481634,.13958071,.40739554
SRB,Serbia,ECS,Europe and Central Asia,ECA,Europe and Central Asia (excluding high income),UMC,Upper middle income,IBD,IBRD,4,0,2023,,,,,,,,,,,,,.10817365,1,.020438479,1,10.68773542789515,.21417885,.39248863,.12224472,.3719216
SRB,Serbia,ECS,Europe and Central Asia,ECA,Europe and Central Asia (excluding high income),UMC,Upper middle income,IBD,IBRD,4,1,2023,,,,,,,,,,,,,.12162205,1,.025937675,1,10.35237935158795,.285043,.45801067,.15738143,.44382045
SVK,Slovak Republic,ECS,Europe and Central Asia,,,HIC,High income,LNX,Not classified,4,-9,2019,.3566879,.063694268,.0063694268,.49044585,.34394905,.070063695,.044585988,.0063694268,0,.52229297,.30573249,.070063695,.13825153,1,.059932869,1,10.17735719755233,.2464433,.46537915,.082671277,.45607543
SVK,Slovak Republic,ECS,Europe and Central Asia,,,HIC,High income,LNX,Not classified,4,0,2019,,,,,,,,,,,,,.13902485,1,.057718329,1,10.35224815746298,.19750626,.43314588,.077672057,.42492539
SVK,Slovak Republic,ECS,Europe and Central Asia,,,HIC,High income,LNX,Not classified,4,1,2019,,,,,,,,,,,,,.13751315,1,.062047359,1,10.00950799486115,.2934016,.4963091,.087468356,.48596594
SVK,Slovak Republic,ECS,Europe and Central Asia,,,HIC,High income,LNX,Not classified,4,-9,2023,.56172842,.043209877,0,.39506173,.45061728,.061728396,.11728395,0,0,.42592594,.42592594,.049382716,.11907132,1,.051006984,1,10.25599331332131,.27918261,.48997682,.12128366,.47526801
SVK,Slovak Republic,ECS,Europe and Central Asia,,,HIC,High income,LNX,Not classified,4,0,2023,,,,,,,,,,,,,.11796589,1,.05113975,1,10.43207055277891,.24002844,.44683033,.1194111,.43042988
SVK,Slovak Republic,ECS,Europe and Central Asia,,,HIC,High income,LNX,Not classified,4,1,2023,,,,,,,,,,,,,.12015824,1,.050876439,1,10.08271933894482,.31756973,.532278,.12311953,.51922768
SVN,Slovenia,ECS,Europe and Central Asia,,,HIC,High income,LNX,Not classified,4,-9,2023,.56375837,.060402684,0,.57718122,.3489933,.026845638,.053691275,.0067114094,0,.62416106,.30201343,.026845638,.30619332,1,.11066907,1,10.15993282617912,.28983426,.46778086,.10911582,.45852736
SVN,Slovenia,ECS,Europe and Central Asia,,,HIC,High income,LNX,Not classified,4,0,2023,,,,,,,,,,,,,.30505067,1,.11020976,1,10.37800544411404,.25241655,.43808508,.07631737,.42854133
SVN,Slovenia,ECS,Europe and Central Asia,,,HIC,High income,LNX,Not classified,4,1,2023,,,,,,,,,,,,,.30732635,1,.11112449,1,9.945108241433816,.32604331,.49651739,.14085481,.48754478
SWE,Sweden,ECS,Europe and Central Asia,,,HIC,High income,LNX,Not classified,4,-9,2019,.44827586,.048275862,.0068965517,.48965517,.37241378,.048275862,.048275862,0,0,.48965517,.35172415,.04137931,.46955493,1,.17543125,1,10.0462220841639,.24515252,.4475697,.08544001,.43757236
SWE,Sweden,ECS,Europe and Central Asia,,,HIC,High income,LNX,Not classified,4,0,2019,,,,,,,,,,,,,.46243697,1,.16801468,1,10.09111703384485,.22672294,.43307343,.10727687,.42011145
SWE,Sweden,ECS,Europe and Central Asia,,,HIC,High income,LNX,Not classified,4,1,2019,,,,,,,,,,,,,.47683486,1,.18301663,1,10.00098242215248,.26355469,.46204445,.063635603,.45500734
SWE,Sweden,ECS,Europe and Central Asia,,,HIC,High income,LNX,Not classified,8,-9,2019,.12666667,.0066666668,0,.64666665,.14666666,0,.02,.0066666668,0,.65333331,.12666667,0,.49120966,.50199717,.13302431,.029416502,10.33902045331293,.15104744,.34040543,.087856255,.33054119
SWE,Sweden,ECS,Europe and Central Asia,,,HIC,High income,LNX,Not classified,8,0,2019,,,,,,,,,,,,,.48794141,.49955115,.13426307,.03265892,10.2870789172574,.12293372,.33967277,.10183132,.32801846
SWE,Sweden,ECS,Europe and Central Asia,,,HIC,High income,LNX,Not classified,8,1,2019,,,,,,,,,,,,,.49439561,.50438154,.13181673,.026255723,10.39024144307331,.17819987,.34111306,.07435903,.33297762
SWE,Sweden,ECS,Europe and Central Asia,,,HIC,High income,LNX,Not classified,4,-9,2023,.42500001,.043749999,0,.55000001,.31874999,.043749999,.087499999,.0062500001,0,.56875002,.3125,.03125,.47371182,1,.17497729,1,10.31469112388398,.25431347,.44735721,.10925382,.43915036
SWE,Sweden,ECS,Europe and Central Asia,,,HIC,High income,LNX,Not classified,4,0,2023,,,,,,,,,,,,,.46796331,1,.16910684,1,10.38914799487254,.231833,.4263643,.1268685,.41611466
SWE,Sweden,ECS,Europe and Central Asia,,,HIC,High income,LNX,Not classified,4,1,2023,,,,,,,,,,,,,.47964686,1,.1810382,1,10.23568654738342,.27767131,.46916947,.090951659,.46308514
SWE,Sweden,ECS,Europe and Central Asia,,,HIC,High income,LNX,Not classified,8,-9,2023,.31818181,.0064935065,0,.72077924,.18831168,0,.071428575,0,0,.73376626,.16233766,0,.47793224,.48374289,.14556269,.05610086,10.43508044628153,.20624885,.39009026,.13302036,.37591332
SWE,Sweden,ECS,Europe and Central Asia,,,HIC,High income,LNX,Not classified,8,0,2023,,,,,,,,,,,,,.46338806,.46734565,.1314417,.051049445,10.26601461353391,.20739226,.43373728,.14271666,.41930127
SWE,Sweden,ECS,Europe and Central Asia,,,HIC,High income,LNX,Not classified,8,1,2023,,,,,,,,,,,,,.49187303,.49945986,.15909785,.060942702,10.60179201982841,.20516947,.34888715,.12386698,.33495477
TUR,Turkey,ECS,Europe and Central Asia,ECA,Europe and Central Asia (excluding high income),UMC,Upper middle income,IBD,IBRD,4,-9,2019,.55555558,.14444445,.0055555557,.22777778,.49444443,.25,.11666667,.016666668,0,.27777779,.48333332,.21111111,.35629061,1,.14255534,1,9.902376687196911,.32450315,.59739196,.12606972,.57749921
TUR,Turkey,ECS,Europe and Central Asia,ECA,Europe and Central Asia (excluding high income),UMC,Upper middle income,IBD,IBRD,4,0,2019,,,,,,,,,,,,,.35252923,1,.14329639,1,10.19491632904313,.270769,.54136801,.093842104,.5191437
TUR,Turkey,ECS,Europe and Central Asia,ECA,Europe and Central Asia (excluding high income),UMC,Upper middle income,IBD,IBRD,4,1,2019,,,,,,,,,,,,,.36050037,1,.14172594,1,9.573013019516331,.38405979,.65948659,.16178943,.642178
TUR,Turkey,ECS,Europe and Central Asia,ECA,Europe and Central Asia (excluding high income),UMC,Upper middle income,IBD,IBRD,8,-9,2019,.55801105,.160221,.016574586,.28729281,.58011049,.12154696,.016574586,0,0,.33701658,.54143649,.088397793,.19447257,.19447257,.10553034,.10385288,9.903382889166048,.34439278,.56741601,.080067351,.52684402
TUR,Turkey,ECS,Europe and Central Asia,ECA,Europe and Central Asia (excluding high income),UMC,Upper middle income,IBD,IBRD,8,0,2019,,,,,,,,,,,,,.1773131,.1773131,.098434381,.096895814,10.13517548148319,.28901365,.51328462,.052224696,.47151908
TUR,Turkey,ECS,Europe and Central Asia,ECA,Europe and Central Asia (excluding high income),UMC,Upper middle income,IBD,IBRD,8,1,2019,,,,,,,,,,,,,.21161219,.21161219,.1126181,.1108019,9.669040905872743,.40065449,.62241018,.10835376,.58305067
TUR,Turkey,ECS,Europe and Central Asia,ECA,Europe and Central Asia (excluding high income),UMC,Upper middle income,IBD,IBRD,4,-9,2023,.53191489,.41843972,.021276595,.035460994,.52482271,.43971631,.27659574,0,0,.092198581,.55319148,.35460994,.27338964,1,.14452536,1,9.594717305539767,.46715039,.71730846,.20277286,.68279052
TUR,Turkey,ECS,Europe and Central Asia,ECA,Europe and Central Asia (excluding high income),UMC,Upper middle income,IBD,IBRD,4,0,2023,,,,,,,,,,,,,.29426086,1,.16499856,1,9.823543095602691,.40723795,.68322802,.15910855,.64478457
TUR,Turkey,ECS,Europe and Central Asia,ECA,Europe and Central Asia (excluding high income),UMC,Upper middle income,IBD,IBRD,4,1,2023,,,,,,,,,,,,,.25397933,1,.12548527,1,9.382443402399218,.52263778,.7488718,.24321219,.71798939
TUR,Turkey,ECS,Europe and Central Asia,ECA,Europe and Central Asia (excluding high income),UMC,Upper middle income,IBD,IBRD,8,-9,2023,.49645391,.43971631,.028368793,.021276595,.51773047,.45390069,.34751773,.021276595,0,.035460994,.56028366,.39716312,.23085596,.23317328,.13690434,.12439918,9.448363050300811,.48562992,.72816551,.22335871,.7087664
TUR,Turkey,ECS,Europe and Central Asia,ECA,Europe and Central Asia (excluding high income),UMC,Upper middle income,IBD,IBRD,8,0,2023,,,,,,,,,,,,,.21376036,.21558249,.13071634,.12037618,9.539586811123993,.44160357,.71715242,.19532371,.69657052
TUR,Turkey,ECS,Europe and Central Asia,ECA,Europe and Central Asia (excluding high income),UMC,Upper middle income,IBD,IBRD,8,1,2023,,,,,,,,,,,,,.25012645,.25300196,.14387959,.12893398,9.35150053737881,.53212065,.73979515,.25296298,.721645
TWN,"Taiwan, China",EAS,East Asia and Pacific,,,HIC,High income,LNX,Not classified,4,-9,2023,.46511629,.037209302,.0046511628,.46976745,.41395348,.037209302,.023255814,0,0,.50232559,.3860465,.027906977,.052481398,1,.035227191,1,10.48884554388789,.24825944,.45949927,.059303645,.45253861
TWN,"Taiwan, China",EAS,East Asia and Pacific,,,HIC,High income,LNX,Not classified,4,0,2023,,,,,,,,,,,,,.047297437,1,.029712051,1,10.70136270032659,.19969168,.40177554,.046471428,.39045468
TWN,"Taiwan, China",EAS,East Asia and Pacific,,,HIC,High income,LNX,Not classified,4,1,2023,,,,,,,,,,,,,.057040785,1,.040077858,1,10.29483880282672,.29249004,.51206821,.070989929,.50907838
TWN,"Taiwan, China",EAS,East Asia and Pacific,,,HIC,High income,LNX,Not classified,8,-9,2023,.054347824,0,0,.53260869,.092391305,0,.0054347827,0,0,.52173913,.086956523,0,.050811075,.050811075,.034353495,.01632007,11.28163986454621,.10861447,.30037594,.050726343,.29285362
TWN,"Taiwan, China",EAS,East Asia and Pacific,,,HIC,High income,LNX,Not classified,8,0,2023,,,,,,,,,,,,,.04173911,.04173911,.023569373,.0093711279,11.30387438955585,.080788143,.27532551,.051410671,.26759225
TWN,"Taiwan, China",EAS,East Asia and Pacific,,,HIC,High income,LNX,Not classified,8,1,2023,,,,,,,,,,,,,.058789678,.058789678,.043837897,.022431515,11.26105007368597,.13427892,.32348016,.050095186,.31615239
USA,United States,NAC,North America,,,HIC,High income,LNX,Not classified,4,-9,2019,.4738676,.024390243,0,.55052263,.37282231,.013937282,.020905923,0,0,.56794423,.33797911,.013937282,.19814235,1,.10187491,1,9.976884672903525,.25719342,.45211902,.076235175,.43712983
USA,United States,NAC,North America,,,HIC,High income,LNX,Not classified,4,0,2019,,,,,,,,,,,,,.20684265,1,.10300666,1,10.09334058540085,.23043953,.42457053,.064054549,.40712011
USA,United States,NAC,North America,,,HIC,High income,LNX,Not classified,4,1,2019,,,,,,,,,,,,,.18990214,1,.100803,1,9.86439367469816,.28268871,.4783715,.087842777,.46572775
USA,United States,NAC,North America,,,HIC,High income,LNX,Not classified,8,-9,2019,.35164836,.021978023,0,.52747256,.36263737,.010989011,.07692308,0,0,.55677658,.32600734,.0073260074,.25915536,.26105705,.1281534,.079346731,9.823041942654751,.21511883,.44058296,.12663716,.42770317
USA,United States,NAC,North America,,,HIC,High income,LNX,Not classified,8,0,2019,,,,,,,,,,,,,.25320271,.25553918,.11933127,.068695404,9.669731112660083,.20596907,.45881328,.16285779,.43953884
USA,United States,NAC,North America,,,HIC,High income,LNX,Not classified,8,1,2019,,,,,,,,,,,,,.26452833,.26603755,.1361164,.088960811,9.976981395050654,.2240534,.42278138,.091268346,.41614583
USA,United States,NAC,North America,,,HIC,High income,LNX,Not classified,4,-9,2023,.6859504,.11983471,.0082644625,.29338843,.65289259,.037190083,.11983471,0,.0041322312,.36363637,.59090906,.02892562,.18604635,1,.06746351,1,9.849975857425298,.35229674,.54198402,.14406154,.52606124
USA,United States,NAC,North America,,,HIC,High income,LNX,Not classified,4,0,2023,,,,,,,,,,,,,.18799694,1,.070588112,1,9.961438446427987,.32311508,.52277905,.1353917,.5050506
USA,United States,NAC,North America,,,HIC,High income,LNX,Not classified,4,1,2023,,,,,,,,,,,,,.18417752,1,.064469881,1,9.739319896048057,.38073671,.56070083,.152511,.54653788
USA,United States,NAC,North America,,,HIC,High income,LNX,Not classified,8,-9,2023,.68246448,.094786733,.0047393367,.2843602,.65876776,.033175357,.36018959,.0047393367,0,.31753555,.62559241,.033175357,.27044722,.27911159,.099947669,.04012027,9.805603557300287,.33787116,.55413854,.2142698,.54289997
USA,United States,NAC,North America,,,HIC,High income,LNX,Not classified,8,0,2023,,,,,,,,,,,,,.26985052,.27826259,.09805458,.042053722,9.646603241271512,.33766448,.57417977,.23952018,.5616731
USA,United States,NAC,North America,,,HIC,High income,LNX,Not classified,8,1,2023,,,,,,,,,,,,,.27101228,.2799156,.1017404,.03828932,9.959194570728307,.33807009,.53485149,.18996963,.52483332
UZB,Uzbekistan,ECS,Europe and Central Asia,ECA,Europe and Central Asia (excluding high income),LMC,Lower middle income,IDB,Blend,4,-9,2023,.56024098,.20481928,.012048192,.24096386,.52409637,.18072289,.40963855,.030120483,.0060240962,.29518071,.50602412,.14457831,.47905055,1,.47443342,1,10.01246996884518,.37062168,.58064926,.25155181,.56501448
UZB,Uzbekistan,ECS,Europe and Central Asia,ECA,Europe and Central Asia (excluding high income),LMC,Lower middle income,IDB,Blend,4,0,2023,,,,,,,,,,,,,.48709714,1,.48547062,1,10.38740812455077,.31242126,.52415752,.18994355,.51271033
UZB,Uzbekistan,ECS,Europe and Central Asia,ECA,Europe and Central Asia (excluding high income),LMC,Lower middle income,IDB,Blend,4,1,2023,,,,,,,,,,,,,.47133094,1,.46384475,1,9.659113162810115,.42560071,.63401419,.30975005,.61442357
UZB,Uzbekistan,ECS,Europe and Central Asia,ECA,Europe and Central Asia (excluding high income),LMC,Lower middle income,IDB,Blend,8,-9,2023,.57831323,.054216869,.0060240962,.31927711,.58433735,.054216869,.24096386,.0060240962,0,.36746988,.54216868,.048192769,.52223325,.52670699,.49929947,.52474278,10.19898286717918,.29979426,.53431857,.18303151,.52404666
UZB,Uzbekistan,ECS,Europe and Central Asia,ECA,Europe and Central Asia (excluding high income),LMC,Lower middle income,IDB,Blend,8,0,2023,,,,,,,,,,,,,.54458261,.54821157,.52292126,.54597682,10.59022277545092,.23721333,.47477418,.11919424,.46636367
UZB,Uzbekistan,ECS,Europe and Central Asia,ECA,Europe and Central Asia (excluding high income),LMC,Lower middle income,IDB,Blend,8,1,2023,,,,,,,,,,,,,.49968186,.5050081,.4754642,.50331688,9.801790084843294,.3619515,.59345984,.24643655,.58133912
XKX,Kosovo,ECS,Europe and Central Asia,ECA,Europe and Central Asia (excluding high income),UMC,Upper middle income,IDX,IDA,4,-9,2019,.12413793,.020689655,0,.56551725,.096551724,.0068965517,.034482758,0,0,.55172414,.089655176,.0068965517,.25346059,1,.21356866,1,11.13370990549272,.14072399,.30567291,.069008313,.29753864
XKX,Kosovo,ECS,Europe and Central Asia,ECA,Europe and Central Asia (excluding high income),UMC,Upper middle income,IDX,IDA,4,0,2019,,,,,,,,,,,,,.24708658,1,.21182725,1,11.42949516066084,.11666624,.24901746,.053766064,.24344793
XKX,Kosovo,ECS,Europe and Central Asia,ECA,Europe and Central Asia (excluding high income),UMC,Upper middle income,IDX,IDA,4,1,2019,,,,,,,,,,,,,.2592777,1,.21515791,1,10.85158624607826,.16341805,.35911691,.08338657,.34856331
XKX,Kosovo,ECS,Europe and Central Asia,ECA,Europe and Central Asia (excluding high income),UMC,Upper middle income,IDX,IDA,4,-9,2023,.6381579,.092105262,.0065789474,.35526314,.55263156,.065789476,.27631578,.0065789474,.0065789474,.38157895,.52631581,.065789476,.40243259,1,.30679351,1,10.1672734368657,.33042896,.53784949,.20211601,.52119684
XKX,Kosovo,ECS,Europe and Central Asia,ECA,Europe and Central Asia (excluding high income),UMC,Upper middle income,IDX,IDA,4,0,2023,,,,,,,,,,,,,.40631726,1,.30928308,1,10.53272753876233,.28876892,.47652724,.1563683,.46075091
XKX,Kosovo,ECS,Europe and Central Asia,ECA,Europe and Central Asia (excluding high income),UMC,Upper middle income,IDX,IDA,4,1,2023,,,,,,,,,,,,,.39891475,1,.30453908,1,9.819745216850206,.36893481,.59452897,.24440008,.5770663
ZAF,South Africa,SSF,Sub-Saharan Africa,SSA,Sub-Saharan Africa (excluding high income),UMC,Upper middle income,IBD,IBRD,4,-9,2019,.19191919,.61952859,.13804714,.043771043,.1952862,.76094276,.36363637,.33333334,.043771043,.047138046,.22895622,.72390574,.43761852,1,.14573781,1,8.381366643865704,.57679898,.8169871,.39069608,.80164248
ZAF,South Africa,SSF,Sub-Saharan Africa,SSA,Sub-Saharan Africa (excluding high income),UMC,Upper middle income,IBD,IBRD,4,0,2019,,,,,,,,,,,,,.44046259,1,.14921011,1,8.508656467500257,.54853517,.80009162,.3431142,.78704113
ZAF,South Africa,SSF,Sub-Saharan Africa,SSA,Sub-Saharan Africa (excluding high income),UMC,Upper middle income,IBD,IBRD,4,1,2019,,,,,,,,,,,,,.43482891,1,.14233203,1,8.25472595460125,.60475963,.83370131,.43776762,.81608725
ZAF,South Africa,SSF,Sub-Saharan Africa,SSA,Sub-Saharan Africa (excluding high income),UMC,Upper middle income,IBD,IBRD,8,-9,2019,.12716763,.44315991,.37379575,.046242774,.22543353,.7283237,.46435452,.04238921,.0019267823,.053949904,.24662814,.69942194,.41447046,.42892569,.1932943,.059971251,8.438915489091272,.69807458,.83253783,.29022455,.82304078
ZAF,South Africa,SSF,Sub-Saharan Africa,SSA,Sub-Saharan Africa (excluding high income),UMC,Upper middle income,IBD,IBRD,8,0,2019,,,,,,,,,,,,,.41273177,.42798248,.18411419,.062460642,8.472089798685523,.69928002,.83177733,.26729587,.82349241
ZAF,South Africa,SSF,Sub-Saharan Africa,SSA,Sub-Saharan Africa (excluding high income),UMC,Upper middle income,IBD,IBRD,8,1,2019,,,,,,,,,,,,,.41624844,.42989022,.20268179,.057425626,8.402778888744269,.69676644,.83336306,.31510603,.82255065
ZAF,South Africa,SSF,Sub-Saharan Africa,SSA,Sub-Saharan Africa (excluding high income),UMC,Upper middle income,IBD,IBRD,4,-9,2023,.25263157,.47719297,.15087719,.056140352,.19649123,.65614033,.34385964,.29473683,.038596492,.059649121,.21052632,.63508773,.44881892,1,.28237873,1,8.909843735990869,.52537173,.72449708,.36507803,.71288121
ZAF,South Africa,SSF,Sub-Saharan Africa,SSA,Sub-Saharan Africa (excluding high income),UMC,Upper middle income,IBD,IBRD,4,0,2023,,,,,,,,,,,,,.4464646,1,.28233659,1,9.016518342652383,.49430484,.70941317,.32866281,.69727224
ZAF,South Africa,SSF,Sub-Saharan Africa,SSA,Sub-Saharan Africa (excluding high income),UMC,Upper middle income,IBD,IBRD,4,1,2023,,,,,,,,,,,,,.45103523,1,.2824184,1,8.802747457727049,.55611372,.73942322,.40111241,.72832692
ZAF,South Africa,SSF,Sub-Saharan Africa,SSA,Sub-Saharan Africa (excluding high income),UMC,Upper middle income,IBD,IBRD,8,-9,2023,.11743772,.32740214,.47686833,.049822062,.16725978,.71174377,.49466193,.078291818,0,.053380784,.17081851,.70462632,.60580367,.63296807,.33087346,.26316658,8.895439905557859,.67120767,.77742106,.29107282,.76766843
ZAF,South Africa,SSF,Sub-Saharan Africa,SSA,Sub-Saharan Africa (excluding high income),UMC,Upper middle income,IBD,IBRD,8,0,2023,,,,,,,,,,,,,.61215973,.63678128,.33824632,.26256707,8.910978763751343,.65884459,.76012206,.26529646,.75363672
ZAF,South Africa,SSF,Sub-Saharan Africa,SSA,Sub-Saharan Africa (excluding high income),UMC,Upper middle income,IBD,IBRD,8,1,2023,,,,,,,,,,,,,.5992223,.62901968,.32323927,.2637873,8.879553609051159,.68451166,.79603666,.31881097,.78276807
